/*
Navicat MySQL Data Transfer

Source Server         : localhost
Source Server Version : 50717
Source Host           : localhost:3306
Source Database       : hxyframe

Target Server Type    : MYSQL
Target Server Version : 50717
File Encoding         : 65001

Date: 2017-09-15 16:49:46
*/

SET FOREIGN_KEY_CHECKS=0;

-- ----------------------------
-- Table structure for act_evt_log
-- ----------------------------
DROP TABLE IF EXISTS `act_evt_log`;
CREATE TABLE `act_evt_log` (
  `LOG_NR_` bigint(20) NOT NULL AUTO_INCREMENT,
  `TYPE_` varchar(64) COLLATE utf8_bin DEFAULT NULL,
  `PROC_DEF_ID_` varchar(64) COLLATE utf8_bin DEFAULT NULL,
  `PROC_INST_ID_` varchar(64) COLLATE utf8_bin DEFAULT NULL,
  `EXECUTION_ID_` varchar(64) COLLATE utf8_bin DEFAULT NULL,
  `TASK_ID_` varchar(64) COLLATE utf8_bin DEFAULT NULL,
  `TIME_STAMP_` timestamp(3) NOT NULL DEFAULT CURRENT_TIMESTAMP(3) ON UPDATE CURRENT_TIMESTAMP(3),
  `USER_ID_` varchar(255) COLLATE utf8_bin DEFAULT NULL,
  `DATA_` longblob,
  `LOCK_OWNER_` varchar(255) COLLATE utf8_bin DEFAULT NULL,
  `LOCK_TIME_` timestamp(3) NULL DEFAULT NULL,
  `IS_PROCESSED_` tinyint(4) DEFAULT '0',
  PRIMARY KEY (`LOG_NR_`)
) ENGINE=InnoDB DEFAULT CHARSET=utf8 COLLATE=utf8_bin;

-- ----------------------------
-- Records of act_evt_log
-- ----------------------------

-- ----------------------------
-- Table structure for act_ge_bytearray
-- ----------------------------
DROP TABLE IF EXISTS `act_ge_bytearray`;
CREATE TABLE `act_ge_bytearray` (
  `ID_` varchar(64) COLLATE utf8_bin NOT NULL,
  `REV_` int(11) DEFAULT NULL,
  `NAME_` varchar(255) COLLATE utf8_bin DEFAULT NULL,
  `DEPLOYMENT_ID_` varchar(64) COLLATE utf8_bin DEFAULT NULL,
  `BYTES_` longblob,
  `GENERATED_` tinyint(4) DEFAULT NULL,
  PRIMARY KEY (`ID_`),
  KEY `ACT_FK_BYTEARR_DEPL` (`DEPLOYMENT_ID_`),
  CONSTRAINT `ACT_FK_BYTEARR_DEPL` FOREIGN KEY (`DEPLOYMENT_ID_`) REFERENCES `act_re_deployment` (`ID_`)
) ENGINE=InnoDB DEFAULT CHARSET=utf8 COLLATE=utf8_bin;

-- ----------------------------
-- Records of act_ge_bytearray
-- ----------------------------
INSERT INTO `act_ge_bytearray` VALUES ('0d6da427-99e1-11e7-9702-005056c00001', '1', 'source', null, 0x7B227374656E63696C736574223A7B226E616D657370616365223A22687474703A2F2F62336D6E2E6F72672F7374656E63696C7365742F62706D6E322E3023227D7D, null);
INSERT INTO `act_ge_bytearray` VALUES ('1ed2f163-9119-11e7-b720-005056c00001', '10', 'source', null, 0x7B22626F756E6473223A7B226C6F7765725269676874223A7B2278223A313438352E302C2279223A3730302E307D2C2275707065724C656674223A7B2278223A302E302C2279223A302E307D7D2C227265736F757263654964223A2263616E766173222C227374656E63696C223A7B226964223A2242504D4E4469616772616D227D2C227374656E63696C736574223A7B226E616D657370616365223A22687474703A2F2F62336D6E2E6F72672F7374656E63696C7365742F62706D6E322E3023222C2275726C223A222E2E2F656469746F722F7374656E63696C736574732F62706D6E322E302F62706D6E322E302E6A736F6E227D2C2270726F70657274696573223A7B2270726F636573735F6964223A226C65617665222C226E616D65223A22E8AFB7E5818764656D6F222C2270726F636573735F6E616D657370616365223A22687474703A2F2F7777772E61637469766974692E6F72672F70726F63657373646566222C226D65737361676573223A5B5D2C22657865637574696F6E6C697374656E657273223A7B22657865637574696F6E4C697374656E657273223A5B5D7D2C226576656E746C697374656E657273223A7B226576656E744C697374656E657273223A5B5D7D2C227369676E616C646566696E6974696F6E73223A5B5D2C226D657373616765646566696E6974696F6E73223A5B5D7D2C226368696C64536861706573223A5B7B22626F756E6473223A7B226C6F7765725269676874223A7B2278223A35302E302C2279223A3136352E307D2C2275707065724C656674223A7B2278223A32302E302C2279223A3133352E307D7D2C227265736F757263654964223A227369642D32373430463446452D413641382D343036342D413946412D344244394435454335304437222C226368696C64536861706573223A5B5D2C227374656E63696C223A7B226964223A2253746172744E6F6E654576656E74227D2C2270726F70657274696573223A7B226F766572726964656964223A227369642D32373430463446452D413641382D343036342D413946412D344244394435454335304437227D2C226F7574676F696E67223A5B7B227265736F757263654964223A227369642D33393236304332362D424242432D343335392D383642302D433837314237383232313644227D5D7D2C7B22626F756E6473223A7B226C6F7765725269676874223A7B2278223A3139352E302C2279223A3139302E307D2C2275707065724C656674223A7B2278223A39352E302C2279223A3131302E307D7D2C227265736F757263654964223A227369642D44323744373834422D373538442D343744382D394435422D443130464441374333353945222C226368696C64536861706573223A5B5D2C227374656E63696C223A7B226964223A22557365725461736B227D2C2270726F70657274696573223A7B226F766572726964656964223A227369642D44323744373834422D373538442D343744382D394435422D443130464441374333353945222C226E616D65223A22E68B9FE7A8BF222C226173796E6368726F6E6F7573646566696E6974696F6E223A66616C73652C226578636C7573697665646566696E6974696F6E223A66616C73652C227461736B6C697374656E657273223A7B227461736B4C697374656E657273223A5B5D7D2C22657865637574696F6E6C697374656E657273223A7B22657865637574696F6E4C697374656E657273223A5B5D7D7D2C226F7574676F696E67223A5B7B227265736F757263654964223A227369642D44423241454344302D463130372D343842352D423046392D383738353730313138413346227D5D7D2C7B22626F756E6473223A7B226C6F7765725269676874223A7B2278223A3137322E302C2279223A3231322E307D2C2275707065724C656674223A7B2278223A3132382E302C2279223A3231322E307D7D2C227265736F757263654964223A227369642D33393236304332362D424242432D343335392D383642302D433837314237383232313644222C226368696C64536861706573223A5B5D2C227374656E63696C223A7B226964223A2253657175656E6365466C6F77227D2C22646F636B657273223A5B7B2278223A31352E302C2279223A31352E307D2C7B2278223A35302E302C2279223A34302E307D5D2C226F7574676F696E67223A5B7B227265736F757263654964223A227369642D44323744373834422D373538442D343744382D394435422D443130464441374333353945227D5D2C22746172676574223A7B227265736F757263654964223A227369642D44323744373834422D373538442D343744382D394435422D443130464441374333353945227D2C2270726F70657274696573223A7B226F766572726964656964223A227369642D33393236304332362D424242432D343335392D383642302D433837314237383232313644227D7D2C7B22626F756E6473223A7B226C6F7765725269676874223A7B2278223A3334302E302C2279223A3139302E307D2C2275707065724C656674223A7B2278223A3234302E302C2279223A3131302E307D7D2C227265736F757263654964223A227369642D38344431323032322D374530382D343134412D423830442D424139344638394345393036222C226368696C64536861706573223A5B5D2C227374656E63696C223A7B226964223A22557365725461736B227D2C2270726F70657274696573223A7B226F766572726964656964223A227369642D38344431323032322D374530382D343134412D423830442D424139344638394345393036222C226E616D65223A22E4BC9AE7ADBE222C22757365727461736B61737369676E6D656E74223A7B2261737369676E6D656E74223A7B2261737369676E6565223A22247B757365727D227D7D2C226173796E6368726F6E6F7573646566696E6974696F6E223A66616C73652C226578636C7573697665646566696E6974696F6E223A66616C73652C226D756C7469696E7374616E63655F74797065223A22506172616C6C656C222C226D756C7469696E7374616E63655F636F6C6C656374696F6E223A227573657273222C226D756C7469696E7374616E63655F7661726961626C65223A2275736572222C226D756C7469696E7374616E63655F636F6E646974696F6E223A22247B6E724F66436F6D706C65746564496E7374616E6365733D3D6E724F66496E7374616E6365737D222C227461736B6C697374656E657273223A7B227461736B4C697374656E657273223A5B5D7D2C22657865637574696F6E6C697374656E657273223A7B22657865637574696F6E4C697374656E657273223A5B5D7D7D2C226F7574676F696E67223A5B7B227265736F757263654964223A227369642D41324541424432412D444530392D344445432D383744342D303637413237444642373945227D5D7D2C7B22626F756E6473223A7B226C6F7765725269676874223A7B2278223A3137322E302C2279223A3231322E307D2C2275707065724C656674223A7B2278223A3132382E302C2279223A3231322E307D7D2C227265736F757263654964223A227369642D44423241454344302D463130372D343842352D423046392D383738353730313138413346222C226368696C64536861706573223A5B5D2C227374656E63696C223A7B226964223A2253657175656E6365466C6F77227D2C22646F636B657273223A5B7B2278223A35302E302C2279223A34302E307D2C7B2278223A35302E302C2279223A34302E307D5D2C226F7574676F696E67223A5B7B227265736F757263654964223A227369642D38344431323032322D374530382D343134412D423830442D424139344638394345393036227D5D2C22746172676574223A7B227265736F757263654964223A227369642D38344431323032322D374530382D343134412D423830442D424139344638394345393036227D2C2270726F70657274696573223A7B226F766572726964656964223A227369642D44423241454344302D463130372D343842352D423046392D383738353730313138413346227D7D2C7B22626F756E6473223A7B226C6F7765725269676874223A7B2278223A3537302E302C2279223A3137302E307D2C2275707065724C656674223A7B2278223A3533302E302C2279223A3133302E307D7D2C227265736F757263654964223A227369642D37324543433246342D313539302D343934362D384438432D424237333244414539303437222C226368696C64536861706573223A5B5D2C227374656E63696C223A7B226964223A224578636C757369766547617465776179227D2C2270726F70657274696573223A7B226F766572726964656964223A227369642D37324543433246342D313539302D343934362D384438432D424237333244414539303437227D2C226F7574676F696E67223A5B7B227265736F757263654964223A227369642D30343637353131322D364631422D344534332D424446432D364334363346413633433243227D2C7B227265736F757263654964223A227369642D44354343323846392D434545442D344137462D384534432D303832443535374536444241227D5D7D2C7B22626F756E6473223A7B226C6F7765725269676874223A7B2278223A3439302E302C2279223A3139302E307D2C2275707065724C656674223A7B2278223A3339302E302C2279223A3131302E307D7D2C227265736F757263654964223A227369642D42354634464338342D353432302D343045312D394545462D323535433446413533323742222C226368696C64536861706573223A5B5D2C227374656E63696C223A7B226964223A22557365725461736B227D2C2270726F70657274696573223A7B226F766572726964656964223A227369642D42354634464338342D353432302D343045312D394545462D323535433446413533323742222C226E616D65223A22E79BB4E68EA5E4B88AE7BAA7222C226173796E6368726F6E6F7573646566696E6974696F6E223A66616C73652C226578636C7573697665646566696E6974696F6E223A66616C73652C227461736B6C697374656E657273223A7B227461736B4C697374656E657273223A5B5D7D2C22657865637574696F6E6C697374656E657273223A7B22657865637574696F6E4C697374656E657273223A5B5D7D7D2C226F7574676F696E67223A5B7B227265736F757263654964223A227369642D31323334463634392D343034432D343233322D383546322D303335454136383039333841227D5D7D2C7B22626F756E6473223A7B226C6F7765725269676874223A7B2278223A3731352E302C2279223A3134302E307D2C2275707065724C656674223A7B2278223A3631352E302C2279223A36302E307D7D2C227265736F757263654964223A227369642D31313546333034342D314643392D343834332D384430422D303243363438443045423933222C226368696C64536861706573223A5B5D2C227374656E63696C223A7B226964223A22557365725461736B227D2C2270726F70657274696573223A7B226F766572726964656964223A227369642D31313546333034342D314643392D343834332D384430422D303243363438443045423933222C226E616D65223A22E983A8E997A8E7BB8FE79086222C226173796E6368726F6E6F7573646566696E6974696F6E223A66616C73652C226578636C7573697665646566696E6974696F6E223A66616C73652C227461736B6C697374656E657273223A7B227461736B4C697374656E657273223A5B5D7D2C22657865637574696F6E6C697374656E657273223A7B22657865637574696F6E4C697374656E657273223A5B5D7D7D2C226F7574676F696E67223A5B7B227265736F757263654964223A227369642D32304645413637322D454537322D343141452D394544312D373044464133463633314136227D5D7D2C7B22626F756E6473223A7B226C6F7765725269676874223A7B2278223A3934332E302C2279223A3230382E307D2C2275707065724C656674223A7B2278223A3931352E302C2279223A3138302E307D7D2C227265736F757263654964223A227369642D45364237324331442D443130382D343736372D413942312D323633463830464144434345222C226368696C64536861706573223A5B5D2C227374656E63696C223A7B226964223A22456E644E6F6E654576656E74227D2C2270726F70657274696573223A7B226F766572726964656964223A227369642D45364237324331442D443130382D343736372D413942312D323633463830464144434345227D2C226F7574676F696E67223A5B5D7D2C7B22626F756E6473223A7B226C6F7765725269676874223A7B2278223A3137322E302C2279223A3231322E307D2C2275707065724C656674223A7B2278223A3132382E302C2279223A3231322E307D7D2C227265736F757263654964223A227369642D31323334463634392D343034432D343233322D383546322D303335454136383039333841222C226368696C64536861706573223A5B5D2C227374656E63696C223A7B226964223A2253657175656E6365466C6F77227D2C22646F636B657273223A5B7B2278223A35302E302C2279223A34302E307D2C7B2278223A32302E302C2279223A32302E307D5D2C226F7574676F696E67223A5B7B227265736F757263654964223A227369642D37324543433246342D313539302D343934362D384438432D424237333244414539303437227D5D2C22746172676574223A7B227265736F757263654964223A227369642D37324543433246342D313539302D343934362D384438432D424237333244414539303437227D2C2270726F70657274696573223A7B226F766572726964656964223A227369642D31323334463634392D343034432D343233322D383546322D303335454136383039333841227D7D2C7B22626F756E6473223A7B226C6F7765725269676874223A7B2278223A3137322E302C2279223A3231322E307D2C2275707065724C656674223A7B2278223A3132382E302C2279223A3231322E307D7D2C227265736F757263654964223A227369642D32304645413637322D454537322D343141452D394544312D373044464133463633314136222C226368696C64536861706573223A5B5D2C227374656E63696C223A7B226964223A2253657175656E6365466C6F77227D2C22646F636B657273223A5B7B2278223A35302E302C2279223A34302E307D2C7B2278223A3932392E302C2279223A3130302E307D2C7B2278223A31342E302C2279223A31342E307D5D2C226F7574676F696E67223A5B7B227265736F757263654964223A227369642D45364237324331442D443130382D343736372D413942312D323633463830464144434345227D5D2C22746172676574223A7B227265736F757263654964223A227369642D45364237324331442D443130382D343736372D413942312D323633463830464144434345227D2C2270726F70657274696573223A7B226F766572726964656964223A227369642D32304645413637322D454537322D343141452D394544312D373044464133463633314136227D7D2C7B22626F756E6473223A7B226C6F7765725269676874223A7B2278223A3731352E302C2279223A3236302E307D2C2275707065724C656674223A7B2278223A3631352E302C2279223A3138302E307D7D2C227265736F757263654964223A227369642D32444436313641352D333441372D344336422D393037442D393132303136354334343935222C226368696C64536861706573223A5B5D2C227374656E63696C223A7B226964223A22557365725461736B227D2C2270726F70657274696573223A7B226F766572726964656964223A227369642D32444436313641352D333441372D344336422D393037442D393132303136354334343935222C226E616D65223A22E4BABAE4BA8BE983A8222C226173796E6368726F6E6F7573646566696E6974696F6E223A66616C73652C226578636C7573697665646566696E6974696F6E223A66616C73652C227461736B6C697374656E657273223A7B227461736B4C697374656E657273223A5B5D7D2C22657865637574696F6E6C697374656E657273223A7B22657865637574696F6E4C697374656E657273223A5B5D7D7D2C226F7574676F696E67223A5B7B227265736F757263654964223A227369642D39303642413946362D323642342D344644452D423241382D444233333145303034463938227D5D7D2C7B22626F756E6473223A7B226C6F7765725269676874223A7B2278223A3137322E302C2279223A3231322E307D2C2275707065724C656674223A7B2278223A3132382E302C2279223A3231322E307D7D2C227265736F757263654964223A227369642D39303642413946362D323642342D344644452D423241382D444233333145303034463938222C226368696C64536861706573223A5B5D2C227374656E63696C223A7B226964223A2253657175656E6365466C6F77227D2C22646F636B657273223A5B7B2278223A35302E302C2279223A34302E307D2C7B2278223A31342E302C2279223A31342E307D5D2C226F7574676F696E67223A5B7B227265736F757263654964223A227369642D45364237324331442D443130382D343736372D413942312D323633463830464144434345227D5D2C22746172676574223A7B227265736F757263654964223A227369642D45364237324331442D443130382D343736372D413942312D323633463830464144434345227D2C2270726F70657274696573223A7B226F766572726964656964223A227369642D39303642413946362D323642342D344644452D423241382D444233333145303034463938227D7D2C7B22626F756E6473223A7B226C6F7765725269676874223A7B2278223A3137322E302C2279223A3231322E307D2C2275707065724C656674223A7B2278223A3132382E302C2279223A3231322E307D7D2C227265736F757263654964223A227369642D30343637353131322D364631422D344534332D424446432D364334363346413633433243222C226368696C64536861706573223A5B5D2C227374656E63696C223A7B226964223A2253657175656E6365466C6F77227D2C22646F636B657273223A5B7B2278223A32302E302C2279223A32302E307D2C7B2278223A35302E302C2279223A34302E307D5D2C226F7574676F696E67223A5B7B227265736F757263654964223A227369642D31313546333034342D314643392D343834332D384430422D303243363438443045423933227D5D2C22746172676574223A7B227265736F757263654964223A227369642D31313546333034342D314643392D343834332D384430422D303243363438443045423933227D2C2270726F70657274696573223A7B226F766572726964656964223A227369642D30343637353131322D364631422D344534332D424446432D364334363346413633433243222C226E616D65223A22E5A4A9E695B03E3D33222C22636F6E646974696F6E73657175656E6365666C6F77223A22247B6461793E3D337D227D7D2C7B22626F756E6473223A7B226C6F7765725269676874223A7B2278223A3137322E302C2279223A3231322E307D2C2275707065724C656674223A7B2278223A3132382E302C2279223A3231322E307D7D2C227265736F757263654964223A227369642D44354343323846392D434545442D344137462D384534432D303832443535374536444241222C226368696C64536861706573223A5B5D2C227374656E63696C223A7B226964223A2253657175656E6365466C6F77227D2C22646F636B657273223A5B7B2278223A32302E302C2279223A32302E307D2C7B2278223A35302E302C2279223A34302E307D5D2C226F7574676F696E67223A5B7B227265736F757263654964223A227369642D32444436313641352D333441372D344336422D393037442D393132303136354334343935227D5D2C22746172676574223A7B227265736F757263654964223A227369642D32444436313641352D333441372D344336422D393037442D393132303136354334343935227D2C2270726F70657274696573223A7B226F766572726964656964223A227369642D44354343323846392D434545442D344137462D384534432D303832443535374536444241222C226E616D65223A22E5A4A9E695B03C33222C22636F6E646974696F6E73657175656E6365666C6F77223A22247B6461793C337D227D7D2C7B22626F756E6473223A7B226C6F7765725269676874223A7B2278223A3137322E302C2279223A3231322E307D2C2275707065724C656674223A7B2278223A3132382E302C2279223A3231322E307D7D2C227265736F757263654964223A227369642D41324541424432412D444530392D344445432D383744342D303637413237444642373945222C226368696C64536861706573223A5B5D2C227374656E63696C223A7B226964223A2253657175656E6365466C6F77227D2C22646F636B657273223A5B7B2278223A35302E302C2279223A34302E307D2C7B2278223A35302E302C2279223A34302E307D5D2C226F7574676F696E67223A5B7B227265736F757263654964223A227369642D42354634464338342D353432302D343045312D394545462D323535433446413533323742227D5D2C22746172676574223A7B227265736F757263654964223A227369642D42354634464338342D353432302D343045312D394545462D323535433446413533323742227D2C2270726F70657274696573223A7B226F766572726964656964223A227369642D41324541424432412D444530392D344445432D383744342D303637413237444642373945227D7D5D7D, null);
INSERT INTO `act_ge_bytearray` VALUES ('4f64d7fa-911c-11e7-b720-005056c00001', '1', '1ecc61b2-9119-11e7-b720-005056c00001.bpmn20.xml', '4f64d7f9-911c-11e7-b720-005056c00001', 0x3C3F786D6C2076657273696F6E3D27312E302720656E636F64696E673D275554462D38273F3E0A3C646566696E6974696F6E7320786D6C6E733D22687474703A2F2F7777772E6F6D672E6F72672F737065632F42504D4E2F32303130303532342F4D4F44454C2220786D6C6E733A7873693D22687474703A2F2F7777772E77332E6F72672F323030312F584D4C536368656D612D696E7374616E63652220786D6C6E733A7873643D22687474703A2F2F7777772E77332E6F72672F323030312F584D4C536368656D612220786D6C6E733A61637469766974693D22687474703A2F2F61637469766974692E6F72672F62706D6E2220786D6C6E733A62706D6E64693D22687474703A2F2F7777772E6F6D672E6F72672F737065632F42504D4E2F32303130303532342F44492220786D6C6E733A6F6D6764633D22687474703A2F2F7777772E6F6D672E6F72672F737065632F44442F32303130303532342F44432220786D6C6E733A6F6D6764693D22687474703A2F2F7777772E6F6D672E6F72672F737065632F44442F32303130303532342F44492220747970654C616E67756167653D22687474703A2F2F7777772E77332E6F72672F323030312F584D4C536368656D61222065787072657373696F6E4C616E67756167653D22687474703A2F2F7777772E77332E6F72672F313939392F585061746822207461726765744E616D6573706163653D22687474703A2F2F7777772E61637469766974692E6F72672F70726F63657373646566223E0A20203C70726F636573732069643D226C6561766522206E616D653D22E8AFB7E5818764656D6F2220697345786563757461626C653D2274727565223E0A202020203C73746172744576656E742069643D227369642D32373430463446452D413641382D343036342D413946412D344244394435454335304437222F3E0A202020203C757365725461736B2069643D227369642D44323744373834422D373538442D343744382D394435422D44313046444137433335394522206E616D653D22E68B9FE7A8BF222F3E0A202020203C73657175656E6365466C6F772069643D227369642D33393236304332362D424242432D343335392D383642302D4338373142373832323136442220736F757263655265663D227369642D32373430463446452D413641382D343036342D413946412D34424439443545433530443722207461726765745265663D227369642D44323744373834422D373538442D343744382D394435422D443130464441374333353945222F3E0A202020203C757365725461736B2069643D227369642D38344431323032322D374530382D343134412D423830442D42413934463839434539303622206E616D653D22E4BC9AE7ADBE222061637469766974693A61737369676E65653D22247B757365727D223E0A2020202020203C6D756C7469496E7374616E63654C6F6F7043686172616374657269737469637320697353657175656E7469616C3D2266616C7365222061637469766974693A636F6C6C656374696F6E3D227573657273222061637469766974693A656C656D656E745661726961626C653D2275736572223E0A20202020202020203C636F6D706C6574696F6E436F6E646974696F6E3E247B6E724F66436F6D706C65746564496E7374616E6365733D3D6E724F66496E7374616E6365737D3C2F636F6D706C6574696F6E436F6E646974696F6E3E0A2020202020203C2F6D756C7469496E7374616E63654C6F6F704368617261637465726973746963733E0A202020203C2F757365725461736B3E0A202020203C73657175656E6365466C6F772069643D227369642D44423241454344302D463130372D343842352D423046392D3837383537303131384133462220736F757263655265663D227369642D44323744373834422D373538442D343744382D394435422D44313046444137433335394522207461726765745265663D227369642D38344431323032322D374530382D343134412D423830442D424139344638394345393036222F3E0A202020203C6578636C7573697665476174657761792069643D227369642D37324543433246342D313539302D343934362D384438432D424237333244414539303437222F3E0A202020203C757365725461736B2069643D227369642D42354634464338342D353432302D343045312D394545462D32353543344641353332374222206E616D653D22E79BB4E68EA5E4B88AE7BAA7222F3E0A202020203C757365725461736B2069643D227369642D31313546333034342D314643392D343834332D384430422D30324336343844304542393322206E616D653D22E983A8E997A8E7BB8FE79086222F3E0A202020203C656E644576656E742069643D227369642D45364237324331442D443130382D343736372D413942312D323633463830464144434345222F3E0A202020203C73657175656E6365466C6F772069643D227369642D31323334463634392D343034432D343233322D383546322D3033354541363830393338412220736F757263655265663D227369642D42354634464338342D353432302D343045312D394545462D32353543344641353332374222207461726765745265663D227369642D37324543433246342D313539302D343934362D384438432D424237333244414539303437222F3E0A202020203C73657175656E6365466C6F772069643D227369642D32304645413637322D454537322D343141452D394544312D3730444641334636333141362220736F757263655265663D227369642D31313546333034342D314643392D343834332D384430422D30324336343844304542393322207461726765745265663D227369642D45364237324331442D443130382D343736372D413942312D323633463830464144434345222F3E0A202020203C757365725461736B2069643D227369642D32444436313641352D333441372D344336422D393037442D39313230313635433434393522206E616D653D22E4BABAE4BA8BE983A8222F3E0A202020203C73657175656E6365466C6F772069643D227369642D39303642413946362D323642342D344644452D423241382D4442333331453030344639382220736F757263655265663D227369642D32444436313641352D333441372D344336422D393037442D39313230313635433434393522207461726765745265663D227369642D45364237324331442D443130382D343736372D413942312D323633463830464144434345222F3E0A202020203C73657175656E6365466C6F772069643D227369642D30343637353131322D364631422D344534332D424446432D36433436334641363343324322206E616D653D22E5A4A9E695B03E3D332220736F757263655265663D227369642D37324543433246342D313539302D343934362D384438432D42423733324441453930343722207461726765745265663D227369642D31313546333034342D314643392D343834332D384430422D303243363438443045423933223E0A2020202020203C636F6E646974696F6E45787072657373696F6E207873693A747970653D2274466F726D616C45787072657373696F6E223E3C215B43444154415B247B6461793E3D337D5D5D3E3C2F636F6E646974696F6E45787072657373696F6E3E0A202020203C2F73657175656E6365466C6F773E0A202020203C73657175656E6365466C6F772069643D227369642D44354343323846392D434545442D344137462D384534432D30383244353537453644424122206E616D653D22E5A4A9E695B0266C743B332220736F757263655265663D227369642D37324543433246342D313539302D343934362D384438432D42423733324441453930343722207461726765745265663D227369642D32444436313641352D333441372D344336422D393037442D393132303136354334343935223E0A2020202020203C636F6E646974696F6E45787072657373696F6E207873693A747970653D2274466F726D616C45787072657373696F6E223E3C215B43444154415B247B6461793C337D5D5D3E3C2F636F6E646974696F6E45787072657373696F6E3E0A202020203C2F73657175656E6365466C6F773E0A20203C2F70726F636573733E0A20203C62706D6E64693A42504D4E4469616772616D2069643D2242504D4E4469616772616D5F6C65617665223E0A202020203C62706D6E64693A42504D4E506C616E652062706D6E456C656D656E743D226C65617665222069643D2242504D4E506C616E655F6C65617665223E0A2020202020203C62706D6E64693A42504D4E53686170652062706D6E456C656D656E743D227369642D32373430463446452D413641382D343036342D413946412D344244394435454335304437222069643D2242504D4E53686170655F7369642D32373430463446452D413641382D343036342D413946412D344244394435454335304437223E0A20202020202020203C6F6D6764633A426F756E6473206865696768743D2233302E30222077696474683D2233302E302220783D2232302E302220793D223133352E30222F3E0A2020202020203C2F62706D6E64693A42504D4E53686170653E0A2020202020203C62706D6E64693A42504D4E53686170652062706D6E456C656D656E743D227369642D44323744373834422D373538442D343744382D394435422D443130464441374333353945222069643D2242504D4E53686170655F7369642D44323744373834422D373538442D343744382D394435422D443130464441374333353945223E0A20202020202020203C6F6D6764633A426F756E6473206865696768743D2238302E30222077696474683D223130302E302220783D2239352E302220793D223131302E30222F3E0A2020202020203C2F62706D6E64693A42504D4E53686170653E0A2020202020203C62706D6E64693A42504D4E53686170652062706D6E456C656D656E743D227369642D38344431323032322D374530382D343134412D423830442D424139344638394345393036222069643D2242504D4E53686170655F7369642D38344431323032322D374530382D343134412D423830442D424139344638394345393036223E0A20202020202020203C6F6D6764633A426F756E6473206865696768743D2238302E30222077696474683D223130302E302220783D223234302E302220793D223131302E30222F3E0A2020202020203C2F62706D6E64693A42504D4E53686170653E0A2020202020203C62706D6E64693A42504D4E53686170652062706D6E456C656D656E743D227369642D37324543433246342D313539302D343934362D384438432D424237333244414539303437222069643D2242504D4E53686170655F7369642D37324543433246342D313539302D343934362D384438432D424237333244414539303437223E0A20202020202020203C6F6D6764633A426F756E6473206865696768743D2234302E30222077696474683D2234302E302220783D223533302E302220793D223133302E30222F3E0A2020202020203C2F62706D6E64693A42504D4E53686170653E0A2020202020203C62706D6E64693A42504D4E53686170652062706D6E456C656D656E743D227369642D42354634464338342D353432302D343045312D394545462D323535433446413533323742222069643D2242504D4E53686170655F7369642D42354634464338342D353432302D343045312D394545462D323535433446413533323742223E0A20202020202020203C6F6D6764633A426F756E6473206865696768743D2238302E30222077696474683D223130302E302220783D223339302E302220793D223131302E30222F3E0A2020202020203C2F62706D6E64693A42504D4E53686170653E0A2020202020203C62706D6E64693A42504D4E53686170652062706D6E456C656D656E743D227369642D31313546333034342D314643392D343834332D384430422D303243363438443045423933222069643D2242504D4E53686170655F7369642D31313546333034342D314643392D343834332D384430422D303243363438443045423933223E0A20202020202020203C6F6D6764633A426F756E6473206865696768743D2238302E30222077696474683D223130302E302220783D223631352E302220793D2236302E30222F3E0A2020202020203C2F62706D6E64693A42504D4E53686170653E0A2020202020203C62706D6E64693A42504D4E53686170652062706D6E456C656D656E743D227369642D45364237324331442D443130382D343736372D413942312D323633463830464144434345222069643D2242504D4E53686170655F7369642D45364237324331442D443130382D343736372D413942312D323633463830464144434345223E0A20202020202020203C6F6D6764633A426F756E6473206865696768743D2232382E30222077696474683D2232382E302220783D223931352E302220793D223138302E30222F3E0A2020202020203C2F62706D6E64693A42504D4E53686170653E0A2020202020203C62706D6E64693A42504D4E53686170652062706D6E456C656D656E743D227369642D32444436313641352D333441372D344336422D393037442D393132303136354334343935222069643D2242504D4E53686170655F7369642D32444436313641352D333441372D344336422D393037442D393132303136354334343935223E0A20202020202020203C6F6D6764633A426F756E6473206865696768743D2238302E30222077696474683D223130302E302220783D223631352E302220793D223138302E30222F3E0A2020202020203C2F62706D6E64693A42504D4E53686170653E0A2020202020203C62706D6E64693A42504D4E456467652062706D6E456C656D656E743D227369642D33393236304332362D424242432D343335392D383642302D433837314237383232313644222069643D2242504D4E456467655F7369642D33393236304332362D424242432D343335392D383642302D433837314237383232313644223E0A20202020202020203C6F6D6764693A776179706F696E7420783D2235302E302220793D223135302E30222F3E0A20202020202020203C6F6D6764693A776179706F696E7420783D2239352E302220793D223135302E30222F3E0A2020202020203C2F62706D6E64693A42504D4E456467653E0A2020202020203C62706D6E64693A42504D4E456467652062706D6E456C656D656E743D227369642D44423241454344302D463130372D343842352D423046392D383738353730313138413346222069643D2242504D4E456467655F7369642D44423241454344302D463130372D343842352D423046392D383738353730313138413346223E0A20202020202020203C6F6D6764693A776179706F696E7420783D223139352E302220793D223135302E30222F3E0A20202020202020203C6F6D6764693A776179706F696E7420783D223234302E302220793D223135302E30222F3E0A2020202020203C2F62706D6E64693A42504D4E456467653E0A2020202020203C62706D6E64693A42504D4E456467652062706D6E456C656D656E743D227369642D31323334463634392D343034432D343233322D383546322D303335454136383039333841222069643D2242504D4E456467655F7369642D31323334463634392D343034432D343233322D383546322D303335454136383039333841223E0A20202020202020203C6F6D6764693A776179706F696E7420783D223439302E302220793D223135302E30222F3E0A20202020202020203C6F6D6764693A776179706F696E7420783D223533302E302220793D223135302E30222F3E0A2020202020203C2F62706D6E64693A42504D4E456467653E0A2020202020203C62706D6E64693A42504D4E456467652062706D6E456C656D656E743D227369642D32304645413637322D454537322D343141452D394544312D373044464133463633314136222069643D2242504D4E456467655F7369642D32304645413637322D454537322D343141452D394544312D373044464133463633314136223E0A20202020202020203C6F6D6764693A776179706F696E7420783D223731352E302220793D223130302E30222F3E0A20202020202020203C6F6D6764693A776179706F696E7420783D223932392E302220793D223130302E30222F3E0A20202020202020203C6F6D6764693A776179706F696E7420783D223932392E302220793D223138302E30222F3E0A2020202020203C2F62706D6E64693A42504D4E456467653E0A2020202020203C62706D6E64693A42504D4E456467652062706D6E456C656D656E743D227369642D44354343323846392D434545442D344137462D384534432D303832443535374536444241222069643D2242504D4E456467655F7369642D44354343323846392D434545442D344137462D384534432D303832443535374536444241223E0A20202020202020203C6F6D6764693A776179706F696E7420783D223536322E343332343332343332343332342220793D223135372E3536373536373536373536373538222F3E0A20202020202020203C6F6D6764693A776179706F696E7420783D223631352E302220793D223138392E3536353231373339313330343334222F3E0A2020202020203C2F62706D6E64693A42504D4E456467653E0A2020202020203C62706D6E64693A42504D4E456467652062706D6E456C656D656E743D227369642D30343637353131322D364631422D344534332D424446432D364334363346413633433243222069643D2242504D4E456467655F7369642D30343637353131322D364631422D344534332D424446432D364334363346413633433243223E0A20202020202020203C6F6D6764693A776179706F696E7420783D223536332E3933393339333933393339342220793D223134332E3933393339333933393339333934222F3E0A20202020202020203C6F6D6764693A776179706F696E7420783D223631352E302220793D223132312E3733393133303433343738323631222F3E0A2020202020203C2F62706D6E64693A42504D4E456467653E0A2020202020203C62706D6E64693A42504D4E456467652062706D6E456C656D656E743D227369642D39303642413946362D323642342D344644452D423241382D444233333145303034463938222069643D2242504D4E456467655F7369642D39303642413946362D323642342D344644452D423241382D444233333145303034463938223E0A20202020202020203C6F6D6764693A776179706F696E7420783D223731352E302220793D223231352E3037353735373537353735373536222F3E0A20202020202020203C6F6D6764693A776179706F696E7420783D223931352E303637343034393138343336322220793D223139352E3337323134393531353630383538222F3E0A2020202020203C2F62706D6E64693A42504D4E456467653E0A202020203C2F62706D6E64693A42504D4E506C616E653E0A20203C2F62706D6E64693A42504D4E4469616772616D3E0A3C2F646566696E6974696F6E733E, '0');
INSERT INTO `act_ge_bytearray` VALUES ('4f888c9b-911c-11e7-b720-005056c00001', '1', '1ecc61b2-9119-11e7-b720-005056c00001.leave.png', '4f64d7f9-911c-11e7-b720-005056c00001', 0x89504E470D0A1A0A0000000D49484452000003B90000010E08060000004CF7D024000027104944415478DAEDDD0B905D759D27F05661105986610B97614A04E7C16428969A72B0D042AD2CEA02C20C50D25CBA3B845E8625CA284684F5994A4AA40CB184D1CC14CAB028992C0C954DC5183381A4F3B649561E8B311024921843272131D3C69007063CFBFF9DE9D37B73FBFDCCBDDD9F4FD5AFEEED7B6F3F72F3BBE7FEBFF7FF3FE7D4D501000000000000000000000000000000000000000000000000000000000000000000000000000000000000000000000000000000000000000000000000000000000000000000000000000000000000000000000000000000000000000000000000000000000000000000000000000000000000000000000000000000000000000000000000000000000000000000000000000000000000000000000000000000000000000000000000000000000000000000000000000000000000000000000000000000000000000000000000000000000000000000000000000000000000000C932CCB8EDBB265CBBCF5EBD7BFB17CF9F26CD9B2656A94ABA5A5255BB366CDAF524DD29100000043100177EDDAB5D9EEDDBBB3D75E7B4D1DA3DAB3674FB67AF5EA7D29F05EA32B0100000629667005DCAA09BAAF2D5BB66C93AE04000018A458A22C60564FA5907B44570200000C52EC132A5C5655C8CD74250000C00887DC577FBD33DBF2E477B3E75ABE92575C8FDB045321170000A0A642EEFEF6B66CE3E3D3B29F2CBEE3A88ADBE23EE154C8050000A89990BBFDB91F7409B845BDFCDC22E154C8050000A89D90BB69E5DD3D86DCB84F3815720100006A26E46E5C36A3C7901BF709A7422E00008090AB845C000080D10EB97134E59E426EDC279C0AB900000035137237B7FE438F2137EE134E855C0000809A09B97BDB36641B974EEFBA5439DD16F709A7422E000040CD84DCA8AD4FCDE91272E336C154C8050000A8AD907BF870B6F989FBBA2E554EB7C57DC2A9900B0000501321777F7B5BF662EBEC1EF7C98DFBE23102AA900B000050BD21F7F0E16CE7E615D94F1FFB628F01B7A8784C3CD6ACAE900B0000507521B7AFD95BB3BA422E000040CD84DCFECCDEF636AB2BAC0AB9000000551372071B708B1256855C000080AA09B94AC8050000107295900B000020E42A2117000040C815720100001072855C000000215709B900000042AE1272010000845C21170000002157C8050000107295900B000020E42A2117000040C855422E000080902BE402000020E40AB900000042AE1272010000845C25E402000008B9422E00000042AE900B000020E42A2117000040C855C354D75D779D526A04CAD61E0040C81DB14ABF369B356BD651B3978D8D8DD9C2850BB3934F3E39DBB87163E77D3B76ECC81F1FB76DDEBC39BBFCF2CBF38AC79E79E699D9FDF7DF7FD4CF5EBA7469FEF803070E648B172FCE264F9E9C3F36BEA7B9B9D94C2E8C43422E0080903B22B57AF5EA3C70DE79E79D79107DF4D147B3891327E61561B608C073E7CECDAFBFF0C20BD9CA952BB30B2FBC30FBD8C73E9607D743870E75FEBC934E3A29BBE4924BBA04E87BEEB9A7CB63E3F62F7CE10B9D5FEFDAB52BBBF8E28BF3BF277EDFFBDEF7BE7CB627BE2E82F19C3973B2134F3C51C8052117000021B76BEDDFBF3F6B6D6DEDFC7AC992259D01346669E3BEE2B6F259DC989DEDEEE75586DC050B1664C5BF27BEEF739FFB5CE7F5ABAFBEBACBF747108EFB62C6B778DC830F3E985F46D08DF01BB3C5422E08B9000008B93D2E558E00B975EBD6FCFAB66DDB3A436E5C6EDFBEFDA8D9D6B8ADA7BFB13CE46ED8B0217FECFCF9F38F9AB58DEB119C63D638AEC7CC70E5DF13B3B6C5F558161D970F3FFC7067C82EFF9B845C107201001072F3C01861F2BCF3CECB66CF9E9D07D408A4679D75563661C284FCFEE5CB97E7A1B7F89EBD7BF7F67B26B7BDBD3D0FBAEBD6ADCBDEFDEE77E761F594534EC9BF2E1E5F04EA98F1DDB76F5FFEF7C4D70F3CF040FE37C5F579F3E699C9052117000021B7EF8AD01A8136826904CCE38F3FBECB92E4BA8E99D78186DCA808B6F17323C03EF5D453F9F2E7F8BAA8134E38210FB4E5CBA72B7F77F1F7C44C6EDC1F33CC422E08B9000008B95D2AC26765A82C961917079B2ABF3ED0901B8F8D5ABB766D7ED0A9D8E7B6B83D962BF7B47CBA58AE1CBFA798DD8DBF217E76CCE80AB920E4020020E4767BE0A90890175D745167982CF6CD8D99D73850545C7FFEF9E70715728B8AE01C474E2E0FB23D85DC534F3D355FDE1C477E8E105E3C3E66729D4208845C000084DC1E2BF69B8D0019FBDE961F55B9AE63E634426DE57EBCE58F2FDFB7B6230C66B7DC72CB51FBDB9E7BEEB979702E3F476EDC1EA7202AAE47A07DE9A597F2EBE79C734EFE7B221417A714AAEBD827B7B81EFB0E0BB920E45285B22C3B6ECB962DF3D6AF5FFF46BC59C446548D6EB5B4B4646BD6ACF955AA497A488DC71ED257FA8AF11D727B3BE272711A9FF28AF3E4C67D11482BEF8B99DFBA8E53FE74F733CBCF91DBDBCCF2401E2FE482904B95894164ECA3B27BF7EEAAD8888FD7DAB3674F7C82BC2F0D2AAFD1436ABCF590BED25708B94AC80521976113B32406915533987C2DBD896DD2436ABCF590BED25708B94AC80521976153B93F8B3AE66F6247F4901A6F3DA4AFF41542AE127241C8C59B9837313DA4C6F440485FE92BBC0695D72008B98CE89BD8ABBFDE996D79F2BBD9732D5FC92BAEC76DDE78BC89E9213DA4AFF41542AEF21A0421979A7A13DBDFDE966D7C7C5AF693C5771C55715BDCE7CD47C8D5437A485FE92B845CE53508422E35F326B6FDB91F74194416F5F2738BBCF908B97A480FE92B7D8590ABBC0641C8A576DEC436ADBCBBC78164DCE7CD47C8D5437A485FE92B845CE53508422E35F326B671D98C1E0792719F371F21570FE9217DA5AF107295D72008B918482A21570FE9217DA5AF107295D72008B98CF69B581CB1B4A78164DCE7CD47C8D5437A485FE92BAADBC489138F4B03BAFB52DD996A464343C34DE9B2F9DA6BAFFD70BA9C98BE7E7FBA3C3B2A1E2BE47A0D8290CB981E486E6EFD871E0792719F371F21570FE9217DA5AFA88901DD776350D78FDA28E47A0D8290CB981E48EE6DDB906D5C3ABDEB72C0745BDCE7CD47C8D5437A485FE92BAA5F6363E35FA641DD913E02EEE154D3855CAF41107219D303C9A8AD4FCDE932908CDBBCF17813D3437A485FE92B6A474343C3B25E02EE2FEBEBEBFF7020AF41E53508422EB539903C7C38DBFCC47D5D9703A6DBE23E6F3E42AE1ED243FA4A5F513321F7AAEE026EA9546A4FF74D18E8074DCA6B10845C6A6E20B9BFBD2D7BB175768FFBBDC57DF1186F4042AE1ED243FA4A5F51BD66CC98F1E61462FF3AD5F234B07BA322E4EE4F75C1803F68525E8320E4525303C9C387B39D9B57643F7DEC8B3D0E228B8AC7C463CD9C08B97A480FE92B7D4575696A6AFAFD146CA7A6C1DCCF53FD9F52A9D4942EBF591E72D3FD9306FA4193F21A0421979A1A48F6354362E6C49B981ED243FA4A5F51DD52983D270DE066A7DA9BEAE1F4F57BCB067667971D806AC6803E68525E8320E4528B03C9FECC90F43673E2CD48C8D5437A485FE9AB1AF70735FA77BFA9A1A1E1D23470FBD754BB3ACE89FB47DD3D303DEE9174DF3FC73971855CAF41107219F32177B083C8A2BC1909B97A480FE92B7D55C32E4D95755CD684FAFAFAFF90066B7F9782EB0BE9F29954CD975D76D9097D7CCF9F363737BF7520AF41E53508422E353B9054DEC4F4901ED2576A9C0EB03F9CAA3DD5BD1D975754F31FDBD8D8F8C76990764FAA5FA59A97EA035E835E8380902BE47A13F326A687F490BE5206D8E501B708B63193BBA71A836E4343C3C56970B630D5EE5433539DE935E8350808B97813F326A687F490BE5206D83D05DCBE6E1F75F5F5F527A601D9CDA97EDA51FF3D6EF31AF41A04845CBC897913D3437A485F2903EC7297F611648BFB8FC93EBA29C8BEB3542ADD9D06637B527D3F6671BD06BD060121B75B5996BD75C3860D531E7AE8A1D53367CEDC77EBADB71E696E6ECECF173769D2A4DF7DE2139F78ED4B5FFAD296BBEFBE7B6EAA3F17729537313DA487F495BE1AB301B7AF003BEA33BAB17F6D0AB7FF3BF6B74DC1F61B29ECBECB6BD06B1010727B0CB7F3E7CF9F73E79D771E993A756AF69DEF7C275BBF7E7DD6D6D6961D3A74280B71B97BF7EEECE9A79FCE5208CE3EFDE94FFFEE339FF9CC2F6EBEF9E69B845CE54D4C0FE9217DA5AFC6840FD70D6C8676A08F1FB03822720AB6FF2DD5FF4D83AF4D29DCDE72FDF5D79FE435A8845C10727B94C2EC8D5FFDEA570FDF71C71D79807DFDF5D7B3FE7AF6D967B3CF7FFEF3AF4F993265531C765FC855DEC4F4901ED257FAAAE603EE1583F8BEFDC31D74E35CB629D07E355DBE9202EEE2C6C6C64BD2CD6F3A964FD0F2E5CBF57EF5D4A1F41A3C229280907B9494518F5BB870E18A8F7FFCE3D9A2458B06146E2B3DF6D863D98D37DE7870ACCCEA1A481A48EA213DA4AFD4380BB9435D7A3C6C4B9753A07D6F0AB78FA481D6DE74FD5B29DCFE59B53C496BD6ACD919ABDAF4FFB1AFB6B6B67F49AFC14D220908B94705DC55AB56FDF8539FFA54F6E28B2F66C3E117BFF8459602F3C19B6EBAE9EF0C249590AB87F490BED25735A3AF834C8DF8CFA9AFAFFFBD146C27A5C1D58F536D4EE1F6D34D4D4DBF5F6D4FD48A152BAE4CE3A75FBFF2CA2B07BD068EDD0C6E04DC9696966DA9AE114940C8ED1433B81170E3D3C8E1143FEFE69B6FDE1F6F5406924AC8F57FA787F495BEAA99803B5C4B8D0734A39BC60BA7A701D5F4543B522D4DE1F68A193366BCB99A9FB014ACAE48FFF74FC652D9E80135EA15CFFB26011784DCA3C43EB8B14479B86670BB9BD19D3C79727B7AE39A6020A9845CA587F495BEAA5A95078D8AFD5D6FA81BF87EAF95DFD7E7C1A81A1B1BFF2A0DA4E6A4FAB754F7D5D7D79F6B680920E40E4A1C45F92B5FF9CA6BB10FEE485ABC78F1C1A6A6A67506924AC8557A485FE9ABAA0EB8579405D5FF1943858ECBFE06DD9EBEAF4BD09D3871E27169F0544AD59A6A6BAADB9B9B9BFFC0901240C81D92050B16FCAF388AF26F7FFBDB6CA4DD72CB2DBB6A75D9B281A481A41ED243FA4A8DE1BEEA6E49F10D1D41351B40D02D0FB8454D2EBB3F5F0A7DDA69A735A641D317536D4FB532D5D5F5F5F56F3194041072872C6671E33CB8719AA0D1F0939FFCE4B55A9DCD35903490D4437A485FA931DA573D1D1CAABBC0DA5BD0EDEEF10F543EFE6D6F7BDB47AFBAEAAA373EFAD18F2E6D686838DFF01140C81D561B366C9812079B1ACAA98206EAC61B6FDC959EA8B3ABE539486FB0CB52BDDF40D240520FE9212157D56A5FF5773BD44BC0BD7400C1B5BBA0DBAF805B1E74EB86F7E0560008B9FFEEA1871E5AFDC0030F64A3E9DE7BEF7D36F6B9A9A6FFB4A81820C479F80C240D24F5901E127255ADF5557FB74315FA3C18543F83EE80026EC5EFDF53370CE7D10540C8ED3473E6CC7DEBD7AF1FD590FBC4134FFC223D518BAA2DA094D592EE3E0D37903490D4437A48C855D51E72FBDA0E751370FB1B307B0ABA6F1E64C02D0CD7F978011072FFDDADB7DE7A64E7CE9DA31A7277EDDAB53B0E3451C501A5F3D3F0F2018281A481A41ED24342AEAAA190DBED76689001B7B7A0FBB32104DCA1FE3D0008B95D35373767870E1D1AD5901BBF2F3D5187AA3DA0947F1A1E4BBF0C240D24F5901E127255AD85DCCAED50DDD0674EBB0BBA4309B89541D73EBA0042EED0FFE063A11F6FC65557637920B97FFFFE9AFB9BF5901272855CDBA6C1556A9B7B87D876B144B97206F7671DB70FC5BD1D3FCB79720184DCC1BBE1861B7E37DA33B9070F1EDC552333B94F964AA52BE244F5B532903CF3CC33B3CB2EBBACF3EBF6F6F6CEEB3170F8DEF7BE975F3F70E040B678F1E26CD6AC59D9DBDFFEF6ECA69B6EEABC3D1EB774E95201659CF65079BF7CE10B5FE8F5312B57AECC1F17DB90F2EFBBEBAEBB84DC711472172E5C986F47FAEAA7E9D3A7777EBD6DDBB6FCB6975E7AA95FBD386DDAB45E1FB36EDDBAFC71DBB76FCFD2EB2DAFC99327E77F5BDCBE75EBD6F13C937BD476A8AEEFA329F7A5B799DCFE9C47B72766720184DCE1F1A94F7DEAB5D1DE2777C78E1D3FABF27D722B0704553190EC4F9D74D249D9D5575FDD39302C42C8AE5DBBF2CBBFFFFBBFCFEF2B424931C88C81E125975CD23920BCF2CA2B3BAF9707650165ECF750115AE2FFFEDA6BAFED337C44B8291E1F7D1497175D7451E76DFD09317AA8B6426E04CAE88DA8F87F3EFDF4D3F38AEB45E09D346952975ED9B06143B677EFDEEC831FFC60677F3CFCF0C3D9A38F3E9A9D7AEAA9BDF659B1EDEAED31B367CFEE5C9952F45EFCBEB81EBF631C86DC6EB7436581727FDDC8EC933B98A06B9F5C002177F84C9B366DF3681F5DF9F1C71FFFD72A3DBAF2BA868686AB7A181054754089598A183446C89D3061423673E6CC7CB0B167CF9EFCF2D9679F3D6A10B879F3E6CE41E69C3973F2CB1818CE9F3FBF73A01AB7EDDBB74F4019273D545404832220445FC5F5D5AB5777795CDC16B365B172A0F877452FBDFCF2CBF92A81F3CF3FDF4CEE180DB9F121596C1BE2FFBBD8565C7EF9E5F9F5134E38215BB46851E763E3838FE231F7DF7F7F76DA69A7757EE85604D02953A6F419607B0BB96BD7AECD7BAE78EC534F3DD5397B1B97B7DF7EFB78DB27B7D7ED5037C1B2BF33A73D9D26A8BBA32B0F24E83ABA3280903BBCBEFEF5AF3F30DAE7C99D3E7DFAE22A3B4F6E6F9F76D744402966664F39E5947C16B618EC95CF5EC4D70F3EF860E7B2E4F89EB8ED9BDFFC667E5B31E02C9F6579E69967049471D243E54B488B1E888A0012B7BDFBDDEFCEEF2FEF9598E58F0F52FEF11FFFB14B58E9291CEBA1DA0FB9DD6D2FCA3F1CEBEEEFA9EB98C95DBE7C79E7E3E6CE9D9B5FC6876B4538ED29E4C68777F17DC5F714DBA662F54004EE9841BEEDB6DBBAAC6489FE7CD7BBDE351E426EBFB6433D04DDBE02665FE7C1EDEB3CBA3DB9A0CE79720184DCE1F6E52F7FF94F3EF9C94FBEF1FAEBAF8FDAC1951B1B1B5F4A4FD4D90692C35F116263A0F7E31FFF381F64B4B6B61E35508C0162F175319B12153321C592C1A953A7E683C918147EE0031F1050C6490F4568881E880F40BABBFFDBDFFE76DE2B4B962CC9836D650839E79C73F27DB9AB3DD80AB9C31B722B7F77E576A6FCF658611233FDC592F898F5EDEFFEE1BDCDE43EFFFCF3F9B62E1E577CE817D7235047083EEBACB3B28F7CE423FAAA677DCDA4F61570EB0619748B25D357193E0208B9C3EEB6DB6EFBF9D34F3F3D5A4B95E7A62769AD81E4F056848E98918D41459C16AA7CE6240679C5D7B1FF5BF13DF7DC734FBE1F5D31388CA5A7B1E42F069F31231C83D1B83D02B38032B67B283EF08825A671A09EEE2A7A229699562E2B2D96C34795CFE445CD9B37AF6AF7E71672875EF17F1BFFCFF14158799F5406DFE8AD38E05D5DD992E6CA25CEC5D7114A0713728B25F6F137EDD8B123DFEED575EC1BDE5BF0D6575D02677741B7BF0177A041B7F87D022E80903B32FEF66FFFB6FEB39FFDEC915198CD6D6F6C6C7CA6A1A1619281E4F02F338D901283BA98892D0676EF79CF7BF28163B18FDAC68D1B3B97F8C58C5C84D9989189701BB3C0756507A98AD991BA8E257F02CAD8EFA1F2232417CB8F2B676C8B8AFD31172C5890CFDEC68724F1BDB11AA0B83F3E2029F60B8FA5A842EED8EBABE2E04EB1CDE92DE4BEF0C20BF9B6A6AE6C8971DC5F84CEB8FD631FFBD8A067728B23C2171FAC44C83DFEF8E33B972AC76DD18BFAAA5F6246B772E9F00D75033F0F6E7741777271E7DBDEF6B62BEBEC830B20E48E862953A66C8890349262FFDF98C51DE0FE4202CA00AA729FDC73CF3DF7A841621C98AA98812B3FBA72FCDB8A901B83C2E2F6BA8A25CF02CAD8EFA1E2C38D38684F7170A1080E954B55CB0348F13D5FFAD2973A67F8E22043962B8FFD901B01B6BFCB958B63049C7CF2C9F93EB6C5FEB5118487B25CB9F890E6BCF3CECB83743C3E3EF82BAE1707DCD357FD0EBAE507A32A0FACFD09B875BD7D5F0AB897A7F7A8373EF4A10F7DAFBEBEFEF70C1B0184DC91FEC3CFBEF1C61B0FBEF8E28B231270376CD8B030FD8E9D0D0D0D130C244766C01941E3C4134FCC6EB9E596CED9B4082931C848FFB79D83C5E27A79C88D81EAFBDEF7BECE83B6C412E562BF3633B9E327E416CB3C23C446EFC46511607BDAA731EE8BDE89A5F0F14149048DE248B742EED8EBABE268C9C5C1A22A97B5C76D7130C3B88CD9FEF27D64E303B4E2E714AB4B6EBDF5D6FC324E4B54FCFC389D5954F9CFBCF8E28B3BBF2E3E888BD05C7C1817DBBEE2C069119E8B0352154BA58B83EEE9AB7EA95CBA1C017572DDC04F0B54F97D79807EE73BDF39B9542A2D4863829FA5CBFF6AE80820E48EA8499326354D9932E5C0EEDDBB8735E0A6B0F5A3C6C6C66DB5BA4CB9D6024A0CEE62095F04D733CE38E3A8F39416B373E501256651E2DF567E90A958B21C3327751DA7161250C6470F4D9B362DFF3FBFF0C20BF3A010AB3B62897B111ECA9724C752F8081C1170E308BB31E35BCCCCC5ED45B8709E5C7DD5F13CE7BB4EC4072071A4EEF2FDBB8BA05A7CA056BE74BEBFA7BD8ACB3890557C2813BF2FFAB33250F774F4667DD5AFA03B545D9642A771C147D3A0E9E7A9E6353535BDC3101240C81D31E98DE6C69B6FBE79FF70CDE8C60C6E04DC52A9F479034925E48E9D1E1A6810D143FACAB669DC06DD1E7F4E7373F35BD3C0697AAA3D0D0D0DFF238D3F8E379404107247440AA4D74D9A3469DFF7BFFFFD57877030AAF66F7CE31BDF8D25CAA99A0D249581A41ED243FA4A5FD59CCA7D7447E4FB1B1B1BFF388D157E98EAF96BAFBDF6BF184E0208B923F50F393BBDE92C9F3265CAAE679E79E6E040CE83BB74E9D24752487E320E3255CBFBE01A481A48EA213DA4AFD4380FB9E54175A033BA1F1E68402E954A57A6B1C3D6540FA771C41986950042EE48FD83AE89B0DBDCDCBC7BE6CC99CFFDE8473FDAD6D6D6B633962A8683070FEEDAB163C7CF5A5A5A7E3863C68C254D4D4D5B22DCC6EC6DAD1E45D940D240520FE9217DA584DC6E03EB1523F4F84EF5F5F5273634347C359630A7FACC581B4B0008B955240E0A91DE74A6C601223A3E653D14FFD88ECBEDA916A5BA3D6680C7EA7FAE81A481A41ED243FA4A8DD3903B90E07A41AAFDA9AE1ACA2F6B6C6CFCB334A678BC542A6D48971F30C404107231903490D4434AC855FA6AB85DDA11602FEDE5FE3D430DB81503AB6B52FDB2A1A1E1A154A71B8D0008B918481A48EA2125E42A7D359C7A9AD11DEED30E75BAFEFAEB4F2A954A77A741D6EE74F9C9FAFAFAB718950008B918481A48EA2125E42A7D35524177C4026EB91470FFA2A1A161451A6C3D93AEBFD7C80440C8C540D240520F292157E9ABE10EBAF78E46C02D97826E431A70BD9CEA8174F5342314002117034903493DA4845CA5AF8643EC839BD50DFE3CBA83F6377FF33727A741D73DA95E494177CA8C1933DE6CA402302C817651C701867BAB273D5342AE3290D4437A485FE9ABB1EA0F8EE52F6F6A6AFACF69B0B526D58F535D60B40230E4907B41AA23BD85DC52A97485674AC85506927A480FE92B7DC5C80ECAAE4FB5230DBCBE5D5F5FFF1F3D230043DAA62EE925E4AE730E7321571948EA213DA4AFF415A32085DB53D2E06B76AA5DA96E4C37BDC9B30230A8907B414F21B7A1A1E12ACF9090AB0C246BB2875E7DF5D56CE3C68DF9E5506ED743FACAB689D1D6D8D8F8976920F644545CF78C000C2AE876B76FEE936671855C652059B33D148135FDC9F9E5506ED743FACAB68963E44D319BDB31AB3B3B66793D2500030AB95DF6CDB52FAE90AB0C24855C3DA4AF6C9B38C61A1B1B4F4D03B3FB3AF6D79DEC1901E8BFB4DD5C601657C855069242AE90ABAF6C9B84DCEA9D91882330AF8923327B4600FA1572DF5BB62FEEA59E11215719480AB97A485FD9365145E25CBA714EDD38B76E9C6337CEB5EB5901E8F343C27CDF5CB3B842AE32901472F590BEB26DA24AA5A07B5A1AB03D90EAE574BDC13302F0FF353535BDA3542A7D326D23E7A5DA9CEA40C76CEEA1545B3B9630DF1E8FF36C19482A034921570FD936D93651453A96E13D9372EE8A74FD2F7A7B6C7D7DFD1F4638EEEEBE2CCB8EDBB265CBBCF5EBD7BFB17CF9F2BC07D4E8564B4B4BB666CD9A5FA59AA4B361D01F005E956A59AAD77A39476E65AD4C8FF7BA33905442AE90AB876C9B6C9BA81629BCBEA563C66277BABCFBFAEBAF3FA9BBC7751CBCEABBDDDD170177EDDAB5D9EEDDBBBD068E61EDD9B3275BBD7AF5BE1478AFD1D9D07F69DB76760AAA8F0D20D876576BD3F6F44F3D9B06924AC81572F5906D936D13552285DBFF9406790FA581DA2F531D15923ACEBB7BA4A703AFC40CAE805B3541F7B5F41ADCA4A3A17F4AA5D275691BF76FE581B5A9A929FBDAD7BE96AD58B122FBE52F7F99FDE637BFC9C2810307B2B6B6B6ACB5B535BBF7DE7BB3B4DDAC0CBAFBCDEA1A482A2157C8D543B64DB64D54DF8CC607D2A06F43BA7C3C5D9E13B7C5F2BDB241DCD6CA83AFC41265BD5F55AFC1233A19FA1570AF48DBB7D7CBC3EDDCB973F35529FDD1DEDE9E3F3EBEAF3CECA69F799367D7405209B942AE1EB26DB26DA28A44884D03B5CFA4DA936A7EE5B2BC3480FB9AD7A0D720D478C0BDAE3CE0DE76DB6DF9ACED60C4F7DD71C71D95DB4933BA06924AC81572F5906D936D13D566D2A4497F9E066ABFE966DFB323B18479A0AFC1577FBD33DBF2E477B3E75ABE92575C8FDBBC6EBC066134C53EB8E54B94A74F9FDEB92479B06229F35D77DD55B974798267DB405209B942AE1EB26DB26DA2BA663AEEEDE5202BEB8A65CBFD790DEE6F6FCB363E3E2DFBC9E23B8EAAB82DEEF3DAF11A84D192026E4BF90CEE50036E79D0AD98D15DEBD9AE01F6B9A9AA3A548BFBDCD4520F8D83907B68ACECB765DBA4AF1891807B5E71B0A99EAAA1A1616A7F43EEF6E77ED025E016F5F2738BBC76845C1815719AA0F27D7007BB44B9B7A5CBE5FBE85AB65C03D6AC59B3D3D113ABA3DADADAFEA5168F9E584B3DF4EAABAFE681352E8772BB1ED257B64DD4A234385BD48F53661C8CF3E7F627E46E5A79778F2137EEF3FA11726194426EE781F4E2A05123E191471E319B5B4B56AC5871E5AA55AB7EFDCA2BAF1CF42672EC66496210D9D2D2B2AD16CF83A787F490BED257D44CC88DF346BE3F4E2794EAE3A966944AA57F8A73E5A65A92EA67A97E9B6A477F42EEC665337A0CB9719FD790900B23ADA9A9E91DC5C1A662B675EFDEBD231272E3A8CB15A7173ADBB35FE5D2E0E58AB4F17C3296A3C546548D7AC5F3BEA99607917A480FE92B7DC5D8505F5FFF7B69F0F6452157C8855A502A953E5904CF59B366652329CEA35B16726FF7EC0300D490FE84DC389A724F2137EE134E855C18ACD8EF3505C97F4E35B1B7C7A5FBE715C173D5AA55231A725B5B5BCB43EE22FF4B0000632CE46E6EFD871E436EDC279C0AB93084907B5559A0DC9CEACBB134B99B90BBB978DC701F70AA525B5B5B79C8DDEE7F0900608C85DCBD6D1BB28D4BA7775DAA9C6E8BFB8453211706AB542ABDB78783E32D8959DEE6E6E6B77684DCFDC57DC375DAA0DE4E2754F6771CF2BF040030C6426ED4D6A7E67409B9719B602AE4C250C4AC6D1F4782DF93EABEF2DB4643F9EFF3BF040030D642EEE1C3D9E627EEEBBA5439DD16F709A7422E0C453F4E7916E7FDFE9D995C0000861C72F7B7B7652FB6CEEE719FDCB82F1E23A00AB950A9BEBEFE2D2924FE51AA0B1A1A1AFE3AD59438A559AAFB53FD30D5D3A976F61170FFB5A9A9E943E972AB7D720100187CC83D7C38DBB97945F6D3C7BED863C02D2A1E138F35AB2BE422BC5684D7FC7CDC1D5F2F4AF59D8EC7DD1CDFD7D8D8F85793264D3AA3542A3DDB4DB8DD74EDB5D77EB8F89D8EAE0C00C0A0436E5FB3B76675855C84D7FE84D7F879FDF9BD7190A98AA5C9338A034E159C271700804187DCFECCDEF636AB2BAC0AB908AF039102EC3F7504CA95E9FA79DD3DA6E300551180B3743DDBBB77EF8804DCF6F6F62CFD1B7F571672CFD6410000351E72071B708B1256855C84D781487FC3D498A99D3871E2717D3C6E59113EE7CE9D3B2221F791471E299FC55DABCB0000C640C855422EC26B354AFFA6AB8A001AB3B9C37D00AAF879E939EB9CC58DF3F4EA460000215709B908AF232696341721F4B6DB6E1BB6D309C569833EFBD9CFBE5E3E8BDBD7CC32000042AE12728557E175A821F7EC547B8A303A7DFAF42107DD08B877DD7557F97EB8FBD3FFC704CF36008090AB845CE155781D71A552E9BAE22054C58CEE60972EC7F755CCE05AA60C0020E42A215778F5AC8EAEF47FD05C1E74631FDD3818551C1DB9BF47518E834C95EF831B9502F4E73DBB000042AE12728557465DCCE8A66A2F0FA91176E33CBAAB56ADCA67698BA5CCB124B9ADAD2D6B6D6DCDBEF5AD6F6537DC70C31BE5DF174B9423387B560100845C25E40AAF1C33B18F6EF9A98506596BED830B0020E42A215778A59AC2EE351D61F7C840C26DCCDE3A8A32008090AB845CE195AAD4D4D4F48ED43B53530FCD4BB535D5A18E401B97DB3BFAECF69801F66C010008B96A9C875CE1150000107255D5875CE1150000107255D5875CE1150000107255D5875CE115000040C8ADFA5ABA746926BC02000008B9355F870E1DCA9A9A9A32E115000040C8B54F2E000080902BE40AB900000042AE1272010000845C25E402000008B9422E000000B51872D39F96353636F6FBF10B172ECCCE39E79C7EFDDC59B3661D152AE3F7C4F79F7CF2C9D9C68D1B855C0000002177F843EEC5175FDCE3A9762EBCF0C2BC264F9E9C07D433CE3823AFB81EF5E0830FE63FE3E5975FCEBF67F5EAD5F9ED77DE79677EFBA38F3E9A4D9C3831AF1D3B7674FECEB973E70AB900000042EEF087DCB7BFFDED3DDE7FE0C0816CF3E6CDD925975CD225E4CE9B372F9B3061C2518FDFBF7F7FD6DADADAF9F592254B3A7F4FFC9CB8AFB84DC8050000107287AD62A636C2E709279CD0EBE322CCC612E3CA907BDA69A765575F7D75B7C139667EB76EDD9A5FDFB66D5B67C88DCBEDDBB70BB900000042EEF0D6BA75EBF2D079EAA9A7E681B7A7C79D79E699795586DCF3CF3FFFA8901BCB91E3F6F3CE3B2F9B3D7B7676D2492765F3E7CFCFCE3AEBAC7CC637EE5FBE7C791E7A855C000000217744F6C75DB972657EBDB725CBC5F508B651C541A8E2FBCA03F2DEBD7BF3405B2C6F3EFEF8E3F3701B8F5BBA7469E7EF3DD64B96855C0000803114728BA5CA71E0A82278CE9C39F3A8C7C472E3CB2EBB2CAFEE0E3C356DDAB46CEAD4A9F9F716474BDEB76F5F9740BB61C386A30E3655E7C05300000042EE70CFE246702DBE7EF6D967F3DBE6CC997354108E5ABC7871B721B7BB7D72E3C053F1732EBAE8A2CE99DE62DFDCA79E7A2AFBDCE73E975F7FFEF9E7855C000000217778026E77078C8AD9D5B82F4EF753BE44B908BB713D4E091407A28AEB317B5B1956DBDBDBF39F11FBDE961F55B9AE63F636963357C37320E4020000D478C88DA31A9F7EFAE9D982050B7A7C4CEC2B1B81B4F2EF8D65C831CB1BF7CD9A356B50C13A6684AB25E80BB9000000351E7295900B000020E40AB900000008B9422E00008090AB845C000000215709B900000042AE900B000080902BE402000008B94AC8050000107295900B000020E42A2117000040C815720100001072855C000000215709B900000042AE1272010000845C21170000002157C8050000107295900B000020E42A2117000040C855422E000080902BE402000020E40AB900000042AE1272010000845C25E402000008B9422E00000042AE900B000020E42A21170000A0D62D5FBE5CB8AC9E3A9442EE115D09000030486BD6ACD9B97BF76E01B30AAAADADED5F52C8DDA42B0100000669C58A1557AE5AB5EAD7AFBCF2CA4141F3D8CDE046C06D6969D996EA1A5D090000300429585DB16CD9B22763A96CEC13AA46BDE279DF24E00200000000000000000000000000000000000000000000000000000000000000000035EBFF01BF8060290919406C0000000049454E44AE426082, '1');
INSERT INTO `act_ge_bytearray` VALUES ('6109dc96-911b-11e7-b720-005056c00001', '1', '1ecc61b2-9119-11e7-b720-005056c00001.bpmn20.xml', '6109dc95-911b-11e7-b720-005056c00001', 0x3C3F786D6C2076657273696F6E3D27312E302720656E636F64696E673D275554462D38273F3E0A3C646566696E6974696F6E7320786D6C6E733D22687474703A2F2F7777772E6F6D672E6F72672F737065632F42504D4E2F32303130303532342F4D4F44454C2220786D6C6E733A7873693D22687474703A2F2F7777772E77332E6F72672F323030312F584D4C536368656D612D696E7374616E63652220786D6C6E733A7873643D22687474703A2F2F7777772E77332E6F72672F323030312F584D4C536368656D612220786D6C6E733A61637469766974693D22687474703A2F2F61637469766974692E6F72672F62706D6E2220786D6C6E733A62706D6E64693D22687474703A2F2F7777772E6F6D672E6F72672F737065632F42504D4E2F32303130303532342F44492220786D6C6E733A6F6D6764633D22687474703A2F2F7777772E6F6D672E6F72672F737065632F44442F32303130303532342F44432220786D6C6E733A6F6D6764693D22687474703A2F2F7777772E6F6D672E6F72672F737065632F44442F32303130303532342F44492220747970654C616E67756167653D22687474703A2F2F7777772E77332E6F72672F323030312F584D4C536368656D61222065787072657373696F6E4C616E67756167653D22687474703A2F2F7777772E77332E6F72672F313939392F585061746822207461726765744E616D6573706163653D22687474703A2F2F7777772E61637469766974692E6F72672F70726F63657373646566223E0A20203C70726F636573732069643D226C6561766522206E616D653D22E8AFB7E5818764656D6F2220697345786563757461626C653D2274727565223E0A202020203C73746172744576656E742069643D227369642D32373430463446452D413641382D343036342D413946412D344244394435454335304437222F3E0A202020203C757365725461736B2069643D227369642D44323744373834422D373538442D343744382D394435422D44313046444137433335394522206E616D653D22E68B9FE7A8BF222F3E0A202020203C73657175656E6365466C6F772069643D227369642D33393236304332362D424242432D343335392D383642302D4338373142373832323136442220736F757263655265663D227369642D32373430463446452D413641382D343036342D413946412D34424439443545433530443722207461726765745265663D227369642D44323744373834422D373538442D343744382D394435422D443130464441374333353945222F3E0A202020203C757365725461736B2069643D227369642D38344431323032322D374530382D343134412D423830442D42413934463839434539303622206E616D653D22E4BC9AE7ADBE222061637469766974693A61737369676E65653D22247B757365727D223E0A2020202020203C6D756C7469496E7374616E63654C6F6F7043686172616374657269737469637320697353657175656E7469616C3D2266616C7365222061637469766974693A636F6C6C656374696F6E3D227573657273222061637469766974693A656C656D656E745661726961626C653D2275736572223E0A20202020202020203C636F6D706C6574696F6E436F6E646974696F6E3E247B6E724F66436F6D706C65746564496E7374616E6365733D3D6E724F66496E7374616E6365737D3C2F636F6D706C6574696F6E436F6E646974696F6E3E0A2020202020203C2F6D756C7469496E7374616E63654C6F6F704368617261637465726973746963733E0A202020203C2F757365725461736B3E0A202020203C73657175656E6365466C6F772069643D227369642D44423241454344302D463130372D343842352D423046392D3837383537303131384133462220736F757263655265663D227369642D44323744373834422D373538442D343744382D394435422D44313046444137433335394522207461726765745265663D227369642D38344431323032322D374530382D343134412D423830442D424139344638394345393036222F3E0A202020203C6578636C7573697665476174657761792069643D227369642D37324543433246342D313539302D343934362D384438432D424237333244414539303437222F3E0A202020203C757365725461736B2069643D227369642D42354634464338342D353432302D343045312D394545462D32353543344641353332374222206E616D653D22E79BB4E68EA5E4B88AE7BAA7222F3E0A202020203C757365725461736B2069643D227369642D31313546333034342D314643392D343834332D384430422D30324336343844304542393322206E616D653D22E983A8E997A8E7BB8FE79086222F3E0A202020203C656E644576656E742069643D227369642D45364237324331442D443130382D343736372D413942312D323633463830464144434345222F3E0A202020203C73657175656E6365466C6F772069643D227369642D31323334463634392D343034432D343233322D383546322D3033354541363830393338412220736F757263655265663D227369642D42354634464338342D353432302D343045312D394545462D32353543344641353332374222207461726765745265663D227369642D37324543433246342D313539302D343934362D384438432D424237333244414539303437222F3E0A202020203C73657175656E6365466C6F772069643D227369642D32304645413637322D454537322D343141452D394544312D3730444641334636333141362220736F757263655265663D227369642D31313546333034342D314643392D343834332D384430422D30324336343844304542393322207461726765745265663D227369642D45364237324331442D443130382D343736372D413942312D323633463830464144434345222F3E0A202020203C757365725461736B2069643D227369642D32444436313641352D333441372D344336422D393037442D39313230313635433434393522206E616D653D22E4BABAE4BA8BE983A8222F3E0A202020203C73657175656E6365466C6F772069643D227369642D39303642413946362D323642342D344644452D423241382D4442333331453030344639382220736F757263655265663D227369642D32444436313641352D333441372D344336422D393037442D39313230313635433434393522207461726765745265663D227369642D45364237324331442D443130382D343736372D413942312D323633463830464144434345222F3E0A202020203C73657175656E6365466C6F772069643D227369642D30343637353131322D364631422D344534332D424446432D36433436334641363343324322206E616D653D22E5A4A9E695B03E3D332220736F757263655265663D227369642D37324543433246342D313539302D343934362D384438432D42423733324441453930343722207461726765745265663D227369642D31313546333034342D314643392D343834332D384430422D303243363438443045423933223E0A2020202020203C636F6E646974696F6E45787072657373696F6E207873693A747970653D2274466F726D616C45787072657373696F6E223E3C215B43444154415B247B6461793E3D337D5D5D3E3C2F636F6E646974696F6E45787072657373696F6E3E0A202020203C2F73657175656E6365466C6F773E0A202020203C73657175656E6365466C6F772069643D227369642D44354343323846392D434545442D344137462D384534432D30383244353537453644424122206E616D653D22E5A4A9E695B0266C743B332220736F757263655265663D227369642D37324543433246342D313539302D343934362D384438432D42423733324441453930343722207461726765745265663D227369642D32444436313641352D333441372D344336422D393037442D393132303136354334343935223E0A2020202020203C636F6E646974696F6E45787072657373696F6E207873693A747970653D2274466F726D616C45787072657373696F6E223E3C215B43444154415B247B6461793C337D5D5D3E3C2F636F6E646974696F6E45787072657373696F6E3E0A202020203C2F73657175656E6365466C6F773E0A20203C2F70726F636573733E0A20203C62706D6E64693A42504D4E4469616772616D2069643D2242504D4E4469616772616D5F6C65617665223E0A202020203C62706D6E64693A42504D4E506C616E652062706D6E456C656D656E743D226C65617665222069643D2242504D4E506C616E655F6C65617665223E0A2020202020203C62706D6E64693A42504D4E53686170652062706D6E456C656D656E743D227369642D32373430463446452D413641382D343036342D413946412D344244394435454335304437222069643D2242504D4E53686170655F7369642D32373430463446452D413641382D343036342D413946412D344244394435454335304437223E0A20202020202020203C6F6D6764633A426F756E6473206865696768743D2233302E30222077696474683D2233302E302220783D2232302E302220793D223133352E30222F3E0A2020202020203C2F62706D6E64693A42504D4E53686170653E0A2020202020203C62706D6E64693A42504D4E53686170652062706D6E456C656D656E743D227369642D44323744373834422D373538442D343744382D394435422D443130464441374333353945222069643D2242504D4E53686170655F7369642D44323744373834422D373538442D343744382D394435422D443130464441374333353945223E0A20202020202020203C6F6D6764633A426F756E6473206865696768743D2238302E30222077696474683D223130302E302220783D2239352E302220793D223131302E30222F3E0A2020202020203C2F62706D6E64693A42504D4E53686170653E0A2020202020203C62706D6E64693A42504D4E53686170652062706D6E456C656D656E743D227369642D38344431323032322D374530382D343134412D423830442D424139344638394345393036222069643D2242504D4E53686170655F7369642D38344431323032322D374530382D343134412D423830442D424139344638394345393036223E0A20202020202020203C6F6D6764633A426F756E6473206865696768743D2238302E30222077696474683D223130302E302220783D223234302E302220793D223131302E30222F3E0A2020202020203C2F62706D6E64693A42504D4E53686170653E0A2020202020203C62706D6E64693A42504D4E53686170652062706D6E456C656D656E743D227369642D37324543433246342D313539302D343934362D384438432D424237333244414539303437222069643D2242504D4E53686170655F7369642D37324543433246342D313539302D343934362D384438432D424237333244414539303437223E0A20202020202020203C6F6D6764633A426F756E6473206865696768743D2234302E30222077696474683D2234302E302220783D223533302E302220793D223133302E30222F3E0A2020202020203C2F62706D6E64693A42504D4E53686170653E0A2020202020203C62706D6E64693A42504D4E53686170652062706D6E456C656D656E743D227369642D42354634464338342D353432302D343045312D394545462D323535433446413533323742222069643D2242504D4E53686170655F7369642D42354634464338342D353432302D343045312D394545462D323535433446413533323742223E0A20202020202020203C6F6D6764633A426F756E6473206865696768743D2238302E30222077696474683D223130302E302220783D223339302E302220793D223131302E30222F3E0A2020202020203C2F62706D6E64693A42504D4E53686170653E0A2020202020203C62706D6E64693A42504D4E53686170652062706D6E456C656D656E743D227369642D31313546333034342D314643392D343834332D384430422D303243363438443045423933222069643D2242504D4E53686170655F7369642D31313546333034342D314643392D343834332D384430422D303243363438443045423933223E0A20202020202020203C6F6D6764633A426F756E6473206865696768743D2238302E30222077696474683D223130302E302220783D223631352E302220793D2236302E30222F3E0A2020202020203C2F62706D6E64693A42504D4E53686170653E0A2020202020203C62706D6E64693A42504D4E53686170652062706D6E456C656D656E743D227369642D45364237324331442D443130382D343736372D413942312D323633463830464144434345222069643D2242504D4E53686170655F7369642D45364237324331442D443130382D343736372D413942312D323633463830464144434345223E0A20202020202020203C6F6D6764633A426F756E6473206865696768743D2232382E30222077696474683D2232382E302220783D223931352E302220793D223138302E30222F3E0A2020202020203C2F62706D6E64693A42504D4E53686170653E0A2020202020203C62706D6E64693A42504D4E53686170652062706D6E456C656D656E743D227369642D32444436313641352D333441372D344336422D393037442D393132303136354334343935222069643D2242504D4E53686170655F7369642D32444436313641352D333441372D344336422D393037442D393132303136354334343935223E0A20202020202020203C6F6D6764633A426F756E6473206865696768743D2238302E30222077696474683D223130302E302220783D223631352E302220793D223138302E30222F3E0A2020202020203C2F62706D6E64693A42504D4E53686170653E0A2020202020203C62706D6E64693A42504D4E456467652062706D6E456C656D656E743D227369642D33393236304332362D424242432D343335392D383642302D433837314237383232313644222069643D2242504D4E456467655F7369642D33393236304332362D424242432D343335392D383642302D433837314237383232313644223E0A20202020202020203C6F6D6764693A776179706F696E7420783D2235302E302220793D223135302E30222F3E0A20202020202020203C6F6D6764693A776179706F696E7420783D2239352E302220793D223135302E30222F3E0A2020202020203C2F62706D6E64693A42504D4E456467653E0A2020202020203C62706D6E64693A42504D4E456467652062706D6E456C656D656E743D227369642D44423241454344302D463130372D343842352D423046392D383738353730313138413346222069643D2242504D4E456467655F7369642D44423241454344302D463130372D343842352D423046392D383738353730313138413346223E0A20202020202020203C6F6D6764693A776179706F696E7420783D223139352E302220793D223135302E30222F3E0A20202020202020203C6F6D6764693A776179706F696E7420783D223234302E302220793D223135302E30222F3E0A2020202020203C2F62706D6E64693A42504D4E456467653E0A2020202020203C62706D6E64693A42504D4E456467652062706D6E456C656D656E743D227369642D31323334463634392D343034432D343233322D383546322D303335454136383039333841222069643D2242504D4E456467655F7369642D31323334463634392D343034432D343233322D383546322D303335454136383039333841223E0A20202020202020203C6F6D6764693A776179706F696E7420783D223439302E302220793D223135302E30222F3E0A20202020202020203C6F6D6764693A776179706F696E7420783D223533302E302220793D223135302E30222F3E0A2020202020203C2F62706D6E64693A42504D4E456467653E0A2020202020203C62706D6E64693A42504D4E456467652062706D6E456C656D656E743D227369642D32304645413637322D454537322D343141452D394544312D373044464133463633314136222069643D2242504D4E456467655F7369642D32304645413637322D454537322D343141452D394544312D373044464133463633314136223E0A20202020202020203C6F6D6764693A776179706F696E7420783D223731352E302220793D223130302E30222F3E0A20202020202020203C6F6D6764693A776179706F696E7420783D223932392E302220793D223130302E30222F3E0A20202020202020203C6F6D6764693A776179706F696E7420783D223932392E302220793D223138302E30222F3E0A2020202020203C2F62706D6E64693A42504D4E456467653E0A2020202020203C62706D6E64693A42504D4E456467652062706D6E456C656D656E743D227369642D44354343323846392D434545442D344137462D384534432D303832443535374536444241222069643D2242504D4E456467655F7369642D44354343323846392D434545442D344137462D384534432D303832443535374536444241223E0A20202020202020203C6F6D6764693A776179706F696E7420783D223536322E343332343332343332343332342220793D223135372E3536373536373536373536373538222F3E0A20202020202020203C6F6D6764693A776179706F696E7420783D223631352E302220793D223138392E3536353231373339313330343334222F3E0A2020202020203C2F62706D6E64693A42504D4E456467653E0A2020202020203C62706D6E64693A42504D4E456467652062706D6E456C656D656E743D227369642D30343637353131322D364631422D344534332D424446432D364334363346413633433243222069643D2242504D4E456467655F7369642D30343637353131322D364631422D344534332D424446432D364334363346413633433243223E0A20202020202020203C6F6D6764693A776179706F696E7420783D223536332E3933393339333933393339342220793D223134332E3933393339333933393339333934222F3E0A20202020202020203C6F6D6764693A776179706F696E7420783D223631352E302220793D223132312E3733393133303433343738323631222F3E0A2020202020203C2F62706D6E64693A42504D4E456467653E0A2020202020203C62706D6E64693A42504D4E456467652062706D6E456C656D656E743D227369642D39303642413946362D323642342D344644452D423241382D444233333145303034463938222069643D2242504D4E456467655F7369642D39303642413946362D323642342D344644452D423241382D444233333145303034463938223E0A20202020202020203C6F6D6764693A776179706F696E7420783D223731352E302220793D223231352E3037353735373537353735373536222F3E0A20202020202020203C6F6D6764693A776179706F696E7420783D223931352E303637343034393138343336322220793D223139352E3337323134393531353630383538222F3E0A2020202020203C2F62706D6E64693A42504D4E456467653E0A202020203C2F62706D6E64693A42504D4E506C616E653E0A20203C2F62706D6E64693A42504D4E4469616772616D3E0A3C2F646566696E6974696F6E733E, '0');
INSERT INTO `act_ge_bytearray` VALUES ('6182dd27-911b-11e7-b720-005056c00001', '1', '1ecc61b2-9119-11e7-b720-005056c00001.leave.png', '6109dc95-911b-11e7-b720-005056c00001', 0x89504E470D0A1A0A0000000D49484452000003B90000010E08060000004CF7D024000027104944415478DAEDDD0B905D759D27F05661105986610B97614A04E7C16428969A72B0D042AD2CEA02C20C50D25CBA3B845E8625CA284684F5994A4AA40CB184D1CC14CAB028992C0C954DC5183381A4F3B649561E8B311024921843272131D3C69007063CFBFF9DE9D37B73FBFDCCBDDD9F4FD5AFEEED7B6F3F72F3BBE7FEBFF7FF3FE7D4D501000000000000000000000000000000000000000000000000000000000000000000000000000000000000000000000000000000000000000000000000000000000000000000000000000000000000000000000000000000000000000000000000000000000000000000000000000000000000000000000000000000000000000000000000000000000000000000000000000000000000000000000000000000000000000000000000000000000000000000000000000000000000000000000000000000000000000000000000000000000000000000000000000000000000000C932CCB8EDBB265CBBCF5EBD7BFB17CF9F26CD9B2656A94ABA5A5255BB366CDAF524DD29100000043100177EDDAB5D9EEDDBBB3D75E7B4D1DA3DAB3674FB67AF5EA7D29F05EA32B0100000629667005DCAA09BAAF2D5BB66C93AE04000018A458A22C60564FA5907B44570200000C52EC132A5C5655C8CD74250000C00887DC577FBD33DBF2E477B3E75ABE92575C8FDB045321170000A0A642EEFEF6B66CE3E3D3B29F2CBEE3A88ADBE23EE154C8050000A89990BBFDB91F7409B845BDFCDC22E154C8050000A89D90BB69E5DD3D86DCB84F3815720100006A26E46E5C36A3C7901BF709A7422E00008090AB845C000080D10EB97134E59E426EDC279C0AB900000035137237B7FE438F2137EE134E855C0000809A09B97BDB36641B974EEFBA5439DD16F709A7422E000040CD84DCA8AD4FCDE91272E336C154C8050000A8AD907BF870B6F989FBBA2E554EB7C57DC2A9900B0000501321777F7B5BF662EBEC1EF7C98DFBE23102AA900B000050BD21F7F0E16CE7E615D94F1FFB628F01B7A8784C3CD6ACAE900B0000507521B7AFD95BB3BA422E000040CD84DCFECCDEF636AB2BAC0AB9000000551372071B708B1256855C000080AA09B94AC8050000107295900B000020E42A2117000040C815720100001072855C000000215709B900000042AE1272010000845C21170000002157C8050000107295900B000020E42A2117000040C855422E000080902BE402000020E40AB900000042AE1272010000845C25E402000008B9422E00000042AE900B000020E42A2117000040C855C354D75D779D526A04CAD61E0040C81DB14ABF369B356BD651B3978D8D8DD9C2850BB3934F3E39DBB87163E77D3B76ECC81F1FB76DDEBC39BBFCF2CBF38AC79E79E699D9FDF7DF7FD4CF5EBA7469FEF803070E648B172FCE264F9E9C3F36BEA7B9B9D94C2E8C43422E0080903B22B57AF5EA3C70DE79E79D79107DF4D147B3891327E61561B608C073E7CECDAFBFF0C20BD9CA952BB30B2FBC30FBD8C73E9607D743870E75FEBC934E3A29BBE4924BBA04E87BEEB9A7CB63E3F62F7CE10B9D5FEFDAB52BBBF8E28BF3BF277EDFFBDEF7BE7CB627BE2E82F19C3973B2134F3C51C8052117000021B76BEDDFBF3F6B6D6DEDFC7AC992259D01346669E3BEE2B6F259DC989DEDEEE75586DC050B1664C5BF27BEEF739FFB5CE7F5ABAFBEBACBF747108EFB62C6B778DC830F3E985F46D08DF01BB3C5422E08B9000008B93D2E558E00B975EBD6FCFAB66DDB3A436E5C6EDFBEFDA8D9D6B8ADA7BFB13CE46ED8B0217FECFCF9F38F9AB58DEB119C63D638AEC7CC70E5DF13B3B6C5F558161D970F3FFC7067C82EFF9B845C107201001072F3C01861F2BCF3CECB66CF9E9D07D408A4679D75563661C284FCFEE5CB97E7A1B7F89EBD7BF7F67B26B7BDBD3D0FBAEBD6ADCBDEFDEE77E761F594534EC9BF2E1E5F04EA98F1DDB76F5FFEF7C4D70F3CF040FE37C5F579F3E699C9052117000021B7EF8AD01A8136826904CCE38F3FBECB92E4BA8E99D78186DCA808B6F17323C03EF5D453F9F2E7F8BAA8134E38210FB4E5CBA72B7F77F1F7C44C6EDC1F33CC422E08B9000008B95D2AC26765A82C961917079B2ABF3ED0901B8F8D5ABB766D7ED0A9D8E7B6B83D962BF7B47CBA58AE1CBFA798DD8DBF217E76CCE80AB920E4020020E4767BE0A90890175D745167982CF6CD8D99D73850545C7FFEF9E70715728B8AE01C474E2E0FB23D85DC534F3D355FDE1C477E8E105E3C3E66729D4208845C000084DC1E2BF69B8D0019FBDE961F55B9AE63E634426DE57EBCE58F2FDFB7B6230C66B7DC72CB51FBDB9E7BEEB979702E3F476EDC1EA7202AAE47A07DE9A597F2EBE79C734EFE7B221417A714AAEBD827B7B81EFB0E0BB920E45285B22C3B6ECB962DF3D6AF5FFF46BC59C446548D6EB5B4B4646BD6ACF955AA497A488DC71ED257FA8AF11D727B3BE272711A9FF28AF3E4C67D11482BEF8B99DFBA8E53FE74F733CBCF91DBDBCCF2401E2FE482904B95894164ECA3B27BF7EEAAD8888FD7DAB3674F7C82BC2F0D2AAFD1436ABCF590BED25708B94AC80521976113B32406915533987C2DBD896DD2436ABCF590BED25708B94AC80521976153B93F8B3AE66F6247F4901A6F3DA4AFF41542AE127241C8C59B9837313DA4C6F440485FE92BBC0695D72008B98CE89BD8ABBFDE996D79F2BBD9732D5FC92BAEC76DDE78BC89E9213DA4AFF41542AEF21A0421979A7A13DBDFDE966D7C7C5AF693C5771C55715BDCE7CD47C8D5437A485FE92B845CE53508422E35F326B6FDB91F74194416F5F2738BBCF908B97A480FE92B7D8590ABBC0641C8A576DEC436ADBCBBC78164DCE7CD47C8D5437A485FE92B845CE53508422E35F326B671D98C1E0792719F371F21570FE9217DA5AF107295D72008B918482A21570FE9217DA5AF107295D72008B98CF69B581CB1B4A78164DCE7CD47C8D5437A485FE92BAADBC489138F4B03BAFB52DD996A464343C34DE9B2F9DA6BAFFD70BA9C98BE7E7FBA3C3B2A1E2BE47A0D8290CB981E486E6EFD871E0792719F371F21570FE9217DA5AFA88901DD776350D78FDA28E47A0D8290CB981E48EE6DDB906D5C3ABDEB72C0745BDCE7CD47C8D5437A485FE92BAA5F6363E35FA641DD913E02EEE154D3855CAF41107219D303C9A8AD4FCDE932908CDBBCF17813D3437A485FE92B6A474343C3B25E02EE2FEBEBEBFF7020AF41E53508422EB539903C7C38DBFCC47D5D9703A6DBE23E6F3E42AE1ED243FA4A5F513321F7AAEE026EA9546A4FF74D18E8074DCA6B10845C6A6E20B9BFBD2D7BB175768FFBBDC57DF1186F4042AE1ED243FA4A5F51BD66CC98F1E61462FF3AD5F234B07BA322E4EE4F75C1803F68525E8320E4525303C9C387B39D9B57643F7DEC8B3D0E228B8AC7C463CD9C08B97A480FE92B7D4575696A6AFAFD146CA7A6C1DCCF53FD9F52A9D4942EBF591E72D3FD9306FA4193F21A0421979A1A48F6354362E6C49B981ED243FA4A5F51DD52983D270DE066A7DA9BEAE1F4F57BCB067667971D806AC6803E68525E8320E4528B03C9FECC90F43673E2CD48C8D5437A485FE9AB1AF70735FA77BFA9A1A1E1D23470FBD754BB3ACE89FB47DD3D303DEE9174DF3FC73971855CAF41107219F32177B083C8A2BC1909B97A480FE92B7D55C32E4D95755CD684FAFAFAFF90066B7F9782EB0BE9F29954CD975D76D9097D7CCF9F363737BF7520AF41E53508422E353B9054DEC4F4901ED2576A9C0EB03F9CAA3DD5BD1D975754F31FDBD8D8F8C76990764FAA5FA59A97EA035E835E8380902BE47A13F326A687F490BE5206D8E501B708B63193BBA71A836E4343C3C56970B630D5EE5433539DE935E8350808B97813F326A687F490BE5206D83D05DCBE6E1F75F5F5F527A601D9CDA97EDA51FF3D6EF31AF41A04845CBC897913D3437A485F2903EC7297F611648BFB8FC93EBA29C8BEB3542ADD9D06637B527D3F6671BD06BD060121B75B5996BD75C3860D531E7AE8A1D53367CEDC77EBADB71E696E6ECECF173769D2A4DF7DE2139F78ED4B5FFAD296BBEFBE7B6EAA3F17729537313DA487F495BE1AB301B7AF003BEA33BAB17F6D0AB7FF3BF6B74DC1F61B29ECBECB6BD06B1010727B0CB7F3E7CF9F73E79D771E993A756AF69DEF7C275BBF7E7DD6D6D6961D3A74280B71B97BF7EEECE9A79FCE5208CE3EFDE94FFFEE339FF9CC2F6EBEF9E69B845CE54D4C0FE9217DA5AFC6840FD70D6C8676A08F1FB03822720AB6FF2DD5FF4D83AF4D29DCDE72FDF5D79FE435A8845C10727B94C2EC8D5FFDEA570FDF71C71D79807DFDF5D7B3FE7AF6D967B3CF7FFEF3AF4F993265531C765FC855DEC4F4901ED257FAAAE603EE1583F8BEFDC31D74E35CB629D07E355DBE9202EEE2C6C6C64BD2CD6F3A964FD0F2E5CBF57EF5D4A1F41A3C229280907B9494518F5BB870E18A8F7FFCE3D9A2458B06146E2B3DF6D863D98D37DE7870ACCCEA1A481A48EA213DA4AFD4380BB9435D7A3C6C4B9753A07D6F0AB78FA481D6DE74FD5B29DCFE59B53C496BD6ACD919ABDAF4FFB1AFB6B6B67F49AFC14D220908B94705DC55AB56FDF8539FFA54F6E28B2F66C3E117BFF8459602F3C19B6EBAE9EF0C249590AB87F490BED25735A3AF834C8DF8CFA9AFAFFFBD146C27A5C1D58F536D4EE1F6D34D4D4DBF5F6D4FD48A152BAE4CE3A75FBFF2CA2B07BD068EDD0C6E04DC9696966DA9AE114940C8ED1433B81170E3D3C8E1143FEFE69B6FDE1F6F5406924AC8F57FA787F495BEAA99803B5C4B8D0734A39BC60BA7A701D5F4543B522D4DE1F68A193366BCB99A9FB014ACAE48FFF74FC652D9E80135EA15CFFB26011784DCA3C43EB8B14479B86670BB9BD19D3C79727B7AE39A6020A9845CA587F495BEAA5A95078D8AFD5D6FA81BF87EAF95DFD7E7C1A81A1B1BFF2A0DA4E6A4FAB754F7D5D7D79F6B680920E40E4A1C45F92B5FF9CA6BB10FEE485ABC78F1C1A6A6A67506924AC8557A485FE9ABAA0EB8579405D5FF1943858ECBFE06DD9EBEAF4BD09D3871E27169F0544AD59A6A6BAADB9B9B9BFFC0901240C81D92050B16FCAF388AF26F7FFBDB6CA4DD72CB2DBB6A75D9B281A481A41ED243FA4A8DE1BEEA6E49F10D1D41351B40D02D0FB8454D2EBB3F5F0A7DDA69A735A641D317536D4FB532D5D5F5F5F56F3194041072872C6671E33CB8719AA0D1F0939FFCE4B55A9DCD35903490D4437A485FA931DA573D1D1CAABBC0DA5BD0EDEEF10F543EFE6D6F7BDB47AFBAEAAA373EFAD18F2E6D686838DFF01140C81D561B366C9812079B1ACAA98206EAC61B6FDC959EA8B3ABE539486FB0CB52BDDF40D240520FE9212157D56A5FF5773BD44BC0BD7400C1B5BBA0DBAF805B1E74EB86F7E0560008B9FFEEA1871E5AFDC0030F64A3E9DE7BEF7D36F6B9A9A6FFB4A81820C479F80C240D24F5901E127255ADF5557FB74315FA3C18543F83EE80026EC5EFDF53370CE7D10540C8ED3473E6CC7DEBD7AF1FD590FBC4134FFC223D518BAA2DA094D592EE3E0D37903490D4437A48C855D51E72FBDA0E751370FB1B307B0ABA6F1E64C02D0CD7F978011072FFDDADB7DE7A64E7CE9DA31A7277EDDAB53B0E3451C501A5F3D3F0F2018281A481A41ED24342AEAAA190DBED76689001B7B7A0FBB32104DCA1FE3D0008B95D35373767870E1D1AD5901BBF2F3D5187AA3DA0947F1A1E4BBF0C240D24F5901E127255AD85DCCAED50DDD0674EBB0BBA4309B89541D73EBA0042EED0FFE063A11F6FC65557637920B97FFFFE9AFB9BF5901272855CDBA6C1556A9B7B87D876B144B97206F7671DB70FC5BD1D3FCB79720184DCC1BBE1861B7E37DA33B9070F1EDC552333B94F964AA52BE244F5B532903CF3CC33B3CB2EBBACF3EBF6F6F6CEEB3170F8DEF7BE975F3F70E040B678F1E26CD6AC59D9DBDFFEF6ECA69B6EEABC3D1EB774E95201659CF65079BF7CE10B5FE8F5312B57AECC1F17DB90F2EFBBEBAEBB84DC711472172E5C986F47FAEAA7E9D3A7777EBD6DDBB6FCB6975E7AA95FBD386DDAB45E1FB36EDDBAFC71DBB76FCFD2EB2DAFC99327E77F5BDCBE75EBD6F13C937BD476A8AEEFA329F7A5B799DCFE9C47B72766720184DCE1F1A94F7DEAB5D1DE2777C78E1D3FABF27D722B0704553190EC4F9D74D249D9D5575FDD39302C42C8AE5DBBF2CBBFFFFBBFCFEF2B424931C88C81E125975CD23920BCF2CA2B3BAF9707650165ECF750115AE2FFFEDA6BAFED337C44B8291E1F7D1497175D7451E76DFD09317AA8B6426E04CAE88DA8F87F3EFDF4D3F38AEB45E09D346952975ED9B06143B677EFDEEC831FFC60677F3CFCF0C3D9A38F3E9A9D7AEAA9BDF659B1EDEAED31B367CFEE5C9952F45EFCBEB81EBF631C86DC6EB7436581727FDDC8EC933B98A06B9F5C002177F84C9B366DF3681F5DF9F1C71FFFD72A3DBAF2BA868686AB7A181054754089598A183446C89D3061423673E6CC7CB0B167CF9EFCF2D9679F3D6A10B879F3E6CE41E69C3973F2CB1818CE9F3FBF73A01AB7EDDBB74F4019273D545404832220445FC5F5D5AB5777795CDC16B365B172A0F877452FBDFCF2CBF92A81F3CF3FDF4CEE180DB9F121596C1BE2FFBBD8565C7EF9E5F9F5134E38215BB46851E763E3838FE231F7DF7F7F76DA69A7757EE85604D02953A6F419607B0BB96BD7AECD7BAE78EC534F3DD5397B1B97B7DF7EFB78DB27B7D7ED5037C1B2BF33A73D9D26A8BBA32B0F24E83ABA3280903BBCBEFEF5AF3F30DAE7C99D3E7DFAE22A3B4F6E6F9F76D744402966664F39E5947C16B618EC95CF5EC4D70F3EF860E7B2E4F89EB8ED9BDFFC667E5B31E02C9F6579E69967049471D243E54B488B1E888A0012B7BDFBDDEFCEEF2FEF9598E58F0F52FEF11FFFB14B58E9291CEBA1DA0FB9DD6D2FCA3F1CEBEEEFA9EB98C95DBE7C79E7E3E6CE9D9B5FC6876B4538ED29E4C68777F17DC5F714DBA662F54004EE9841BEEDB6DBBAAC6489FE7CD7BBDE351E426EBFB6433D04DDBE02665FE7C1EDEB3CBA3DB9A0CE79720184DCE1F6E52F7FF94F3EF9C94FBEF1FAEBAF8FDAC1951B1B1B5F4A4FD4D90692C35F116263A0F7E31FFF381F64B4B6B61E35508C0162F175319B12153321C592C1A953A7E683C918147EE0031F1050C6490F4568881E880F40BABBFFDBDFFE76DE2B4B962CC9836D650839E79C73F27DB9AB3DD80AB9C31B722B7F77E576A6FCF658611233FDC592F898F5EDEFFEE1BDCDE43EFFFCF3F9B62E1E577CE817D7235047083EEBACB3B28F7CE423FAAA677DCDA4F61570EB0619748B25D357193E0208B9C3EEB6DB6EFBF9D34F3F3D5A4B95E7A62769AD81E4F056848E98918D41459C16AA7CE6240679C5D7B1FF5BF13DF7DC734FBE1F5D31388CA5A7B1E42F069F31231C83D1B83D02B38032B67B283EF08825A671A09EEE2A7A229699562E2B2D96C34795CFE445CD9B37AF6AF7E71672875EF17F1BFFCFF14158799F5406DFE8AD38E05D5DD992E6CA25CEC5D7114A0713728B25F6F137EDD8B123DFEED575EC1BDE5BF0D6575D02677741B7BF0177A041B7F87D022E80903B32FEF66FFFB6FEB39FFDEC915198CD6D6F6C6C7CA6A1A1619281E4F02F338D901283BA98892D0676EF79CF7BF28163B18FDAC68D1B3B97F8C58C5C84D9989189701BB3C0756507A98AD991BA8E257F02CAD8EFA1F2232417CB8F2B676C8B8AFD31172C5890CFDEC68724F1BDB11AA0B83F3E2029F60B8FA5A842EED8EBABE2E04EB1CDE92DE4BEF0C20BF9B6A6AE6C8971DC5F84CEB8FD631FFBD8A067728B23C2171FAC44C83DFEF8E33B972AC76DD18BFAAA5F6246B772E9F00D75033F0F6E7741777271E7DBDEF6B62BEBEC830B20E48E862953A66C8890349262FFDF98C51DE0FE4202CA00AA729FDC73CF3DF7A841621C98AA98812B3FBA72FCDB8A901B83C2E2F6BA8A25CF02CAD8EFA1E2C38D38684F7170A1080E954B55CB0348F13D5FFAD2973A67F8E22043962B8FFD901B01B6BFCB958B63049C7CF2C9F93EB6C5FEB5118487B25CB9F890E6BCF3CECB83743C3E3EF82BAE1707DCD357FD0EBAE507A32A0FACFD09B875BD7D5F0AB897A7F7A8373EF4A10F7DAFBEBEFEF70C1B0184DC91FEC3CFBEF1C61B0FBEF8E28B231270376CD8B030FD8E9D0D0D0D130C244766C01941E3C4134FCC6EB9E596CED9B4082931C848FFB79D83C5E27A79C88D81EAFBDEF7BECE83B6C412E562BF3633B9E327E416CB3C23C446EFC46511607BDAA731EE8BDE89A5F0F14149048DE248B742EED8EBABE268C9C5C1A22A97B5C76D7130C3B88CD9FEF27D64E303B4E2E714AB4B6EBDF5D6FC324E4B54FCFC389D5954F9CFBCF8E28B3BBF2E3E888BD05C7C1817DBBEE2C069119E8B0352154BA58B83EEE9AB7EA95CBA1C017572DDC04F0B54F97D79807EE73BDF39B9542A2D4863829FA5CBFF6AE80820E48EA8499326354D9932E5C0EEDDBB8735E0A6B0F5A3C6C6C66DB5BA4CB9D6024A0CEE62095F04D733CE38E3A8F39416B373E501256651E2DF567E90A958B21C3327751DA7161250C6470F4D9B362DFF3FBFF0C20BF3A010AB3B62897B111ECA9724C752F8081C1170E308BB31E35BCCCCC5ED45B8709E5C7DD5F13CE7BB4EC4072071A4EEF2FDBB8BA05A7CA056BE74BEBFA7BD8ACB3890557C2813BF2FFAB33250F774F4667DD5AFA03B545D9642A771C147D3A0E9E7A9E6353535BDC3101240C81D31E98DE6C69B6FBE79FF70CDE8C60C6E04DC52A9F479034925E48E9D1E1A6810D143FACAB669DC06DD1E7F4E7373F35BD3C0697AAA3D0D0D0DFF238D3F8E379404107247440AA4D74D9A3469DFF7BFFFFD57877030AAF66F7CE31BDF8D25CAA99A0D249581A41ED243FA4A5FD59CCA7D7447E4FB1B1B1BFF388D157E98EAF96BAFBDF6BF184E0208B923F50F393BBDE92C9F3265CAAE679E79E6E040CE83BB74E9D24752487E320E3255CBFBE01A481A48EA213DA4AFD4380FB9E54175A033BA1F1E68402E954A57A6B1C3D6540FA771C41986950042EE48FD83AE89B0DBDCDCBC7BE6CC99CFFDE8473FDAD6D6D6B633962A8683070FEEDAB163C7CF5A5A5A7E3863C68C254D4D4D5B22DCC6EC6DAD1E45D940D240520FE9217DA584DC6E03EB1523F4F84EF5F5F5273634347C359630A7FACC581B4B0008B955240E0A91DE74A6C601223A3E653D14FFD88ECBEDA916A5BA3D6680C7EA7FAE81A481A41ED243FA4A8DD3903B90E07A41AAFDA9AE1ACA2F6B6C6CFCB334A678BC542A6D48971F30C404107231903490D4434AC855FA6AB85DDA11602FEDE5FE3D430DB81503AB6B52FDB2A1A1E1A154A71B8D0008B918481A48EA2125E42A7D359C7A9AD11DEED30E75BAFEFAEB4F2A954A77A741D6EE74F9C9FAFAFAB718950008B918481A48EA2125E42A7D35524177C4026EB91470FFA2A1A161451A6C3D93AEBFD7C80440C8C540D240520F292157E9ABE10EBAF78E46C02D97826E431A70BD9CEA8174F5342314002117034903493DA4845CA5AF8643EC839BD50DFE3CBA83F6377FF33727A741D73DA95E494177CA8C1933DE6CA402302C817651C701867BAB273D5342AE3290D4437A485FE9ABB1EA0F8EE52F6F6A6AFACF69B0B526D58F535D60B40230E4907B41AA23BD85DC52A97485674AC85506927A480FE92B7DC5C80ECAAE4FB5230DBCBE5D5F5FFF1F3D230043DAA62EE925E4AE730E7321571948EA213DA4AFF415A32085DB53D2E06B76AA5DA96E4C37BDC9B30230A8907B414F21B7A1A1E12ACF9090AB0C246BB2875E7DF5D56CE3C68DF9E5506ED743FACAB689D1D6D8D8F8976920F644545CF78C000C2AE876B76FEE936671855C652059B33D148135FDC9F9E5506ED743FACAB68963E44D319BDB31AB3B3B66793D2500030AB95DF6CDB52FAE90AB0C24855C3DA4AF6C9B38C61A1B1B4F4D03B3FB3AF6D79DEC1901E8BFB4DD5C601657C855069242AE90ABAF6C9B84DCEA9D91882330AF8923327B4600FA1572DF5BB62FEEA59E11215719480AB97A485FD9365145E25CBA714EDD38B76E9C6337CEB5EB5901E8F343C27CDF5CB3B842AE32901472F590BEB26DA24AA5A07B5A1AB03D90EAE574BDC13302F0FF353535BDA3542A7D326D23E7A5DA9CEA40C76CEEA1545B3B9630DF1E8FF36C19482A034921570FD936D93651453A96E13D9372EE8A74FD2F7A7B6C7D7DFD1F4638EEEEBE2CCB8EDBB265CBBCF5EBD7BFB17CF9F2BC07D4E8564B4B4BB666CD9A5FA59AA4B361D01F005E956A59AAD77A39476E65AD4C8FF7BA33905442AE90AB876C9B6C9BA81629BCBEA563C66277BABCFBFAEBAF3FA9BBC7751CBCEABBDDDD170177EDDAB5D9EEDDBBBD068E61EDD9B3275BBD7AF5BE1478AFD1D9D07F69DB76760AAA8F0D20D876576BD3F6F44F3D9B06924AC81572F5906D936D13552285DBFF9406790FA581DA2F531D15923ACEBB7BA4A703AFC40CAE805B3541F7B5F41ADCA4A3A17F4AA5D275691BF76FE581B5A9A929FBDAD7BE96AD58B122FBE52F7F99FDE637BFC9C2810307B2B6B6B6ACB5B535BBF7DE7BB3B4DDAC0CBAFBCDEA1A482A2157C8D543B64DB64D54DF8CC607D2A06F43BA7C3C5D9E13B7C5F2BDB241DCD6CA83AFC41265BD5F55AFC1233A19FA1570AF48DBB7D7CBC3EDDCB973F35529FDD1DEDE9E3F3EBEAF3CECA69F799367D7405209B942AE1EB26DB26DA28A44884D03B5CFA4DA936A7EE5B2BC3480FB9AD7A0D720D478C0BDAE3CE0DE76DB6DF9ACED60C4F7DD71C71D95DB4933BA06924AC81572F5906D936D13D566D2A4497F9E066ABFE966DFB323B18479A0AFC1577FBD33DBF2E477B3E75ABE92575C8FDBBC6EBC066134C53EB8E54B94A74F9FDEB92479B06229F35D77DD55B974798267DB405209B942AE1EB26DB26DA2BA663AEEEDE5202BEB8A65CBFD790DEE6F6FCB363E3E2DFBC9E23B8EAAB82DEEF3DAF11A84D192026E4BF90CEE50036E79D0AD98D15DEBD9AE01F6B9A9AA3A548BFBDCD4520F8D83907B68ACECB765DBA4AF1891807B5E71B0A99EAAA1A1616A7F43EEF6E77ED025E016F5F2738BBC76845C1815719AA0F27D7007BB44B9B7A5CBE5FBE85AB65C03D6AC59B3D3D113ABA3DADADAFEA5168F9E584B3DF4EAABAFE681352E8772BB1ED257B64DD4A234385BD48F53661C8CF3E7F627E46E5A79778F2137EEF3FA11726194426EE781F4E2A05123E191471E319B5B4B56AC5871E5AA55AB7EFDCA2BAF1CF42672EC66496210D9D2D2B2AD16CF83A787F490BED257D44CC88DF346BE3F4E2794EAE3A966944AA57F8A73E5A65A92EA67A97E9B6A477F42EEC665337A0CB9719FD790900B23ADA9A9E91DC5C1A662B675EFDEBD231272E3A8CB15A7173ADBB35FE5D2E0E58AB4F17C3296A3C546548D7AC5F3BEA99607917A480FE92B7DC5D8505F5FFF7B69F0F6452157C8855A502A953E5904CF59B366652329CEA35B16726FF7EC0300D490FE84DC389A724F2137EE134E855C18ACD8EF3505C97F4E35B1B7C7A5FBE715C173D5AA55231A725B5B5BCB43EE22FF4B0000632CE46E6EFD871E436EDC279C0AB93084907B5559A0DC9CEACBB134B99B90BBB978DC701F70AA525B5B5B79C8DDEE7F0900608C85DCBD6D1BB28D4BA7775DAA9C6E8BFB8453211706AB542ABDB78783E32D8959DEE6E6E6B77684DCFDC57DC375DAA0DE4E2754F6771CF2BF040030C6426ED4D6A7E67409B9719B602AE4C250C4AC6D1F4782DF93EABEF2DB4643F9EFF3BF040030D642EEE1C3D9E627EEEBBA5439DD16F709A7422E0C453F4E7916E7FDFE9D995C0000861C72F7B7B7652FB6CEEE719FDCB82F1E23A00AB950A9BEBEFE2D2924FE51AA0B1A1A1AFE3AD59438A559AAFB53FD30D5D3A976F61170FFB5A9A9E943E972AB7D720100187CC83D7C38DBB97945F6D3C7BED863C02D2A1E138F35AB2BE422BC5684D7FC7CDC1D5F2F4AF59D8EC7DD1CDFD7D8D8F85793264D3AA3542A3DDB4DB8DD74EDB5D77EB8F89D8EAE0C00C0A0436E5FB3B76675855C84D7FE84D7F879FDF9BD7190A98AA5C9338A034E159C271700804187DCFECCDEF636AB2BAC0AB908AF039102EC3F7504CA95E9FA79DD3DA6E300551180B3743DDBBB77EF8804DCF6F6F62CFD1B7F571672CFD6410000351E72071B708B1256855C84D781487FC3D498A99D3871E2717D3C6E59113EE7CE9D3B2221F791471E299FC55DABCB0000C640C855422EC26B354AFFA6AB8A001AB3B9C37D00AAF879E939EB9CC58DF3F4EA460000215709B908AF232696341721F4B6DB6E1BB6D309C569833EFBD9CFBE5E3E8BDBD7CC32000042AE12728557E175A821F7EC547B8A303A7DFAF42107DD08B877DD7557F97EB8FBD3FFC704CF36008090AB845CE155781D71A552E9BAE22054C58CEE60972EC7F755CCE05AA60C0020E42A215778F5AC8EAEF47FD05C1E74631FDD3818551C1DB9BF47518E834C95EF831B9502F4E73DBB000042AE12728557465DCCE8A66A2F0FA91176E33CBAAB56ADCA67698BA5CCB124B9ADAD2D6B6D6DCDBEF5AD6F6537DC70C31BE5DF174B9423387B560100845C25E40AAF1C33B18F6EF9A98506596BED830B0020E42A215778A59AC2EE351D61F7C840C26DCCDE3A8A32008090AB845CE195AAD4D4D4F48ED43B53530FCD4BB535D5A18E401B97DB3BFAECF69801F66C010008B96A9C875CE1150000107255D5875CE1150000107255D5875CE1150000107255D5875CE115000040C8ADFA5ABA746926BC02000008B9355F870E1DCA9A9A9A32E115000040C8B54F2E000080902BE40AB900000042AE1272010000845C25E402000008B9422E000000B51872D39F96353636F6FBF10B172ECCCE39E79C7EFDDC59B3661D152AE3F7C4F79F7CF2C9D9C68D1B855C0000002177F843EEC5175FDCE3A9762EBCF0C2BC264F9E9C07D433CE3823AFB81EF5E0830FE63FE3E5975FCEBF67F5EAD5F9ED77DE79677EFBA38F3E9A4D9C3831AF1D3B7674FECEB973E70AB900000042EEF087DCB7BFFDED3DDE7FE0C0816CF3E6CDD925975CD225E4CE9B372F9B3061C2518FDFBF7F7FD6DADADAF9F592254B3A7F4FFC9CB8AFB84DC8050000107287AD62A636C2E709279CD0EBE322CCC612E3CA907BDA69A765575F7D75B7C139667EB76EDD9A5FDFB66D5B67C88DCBEDDBB70BB900000042EEF0D6BA75EBF2D079EAA9A7E681B7A7C79D79E699795586DCF3CF3FFFA8901BCB91E3F6F3CE3B2F9B3D7B7676D2492765F3E7CFCFCE3AEBAC7CC637EE5FBE7C791E7A855C000000217744F6C75DB972657EBDB725CBC5F508B651C541A8E2FBCA03F2DEBD7BF3405B2C6F3EFEF8E3F3701B8F5BBA7469E7EF3DD64B96855C0000803114728BA5CA71E0A82278CE9C39F3A8C7C472E3CB2EBB2CAFEE0E3C356DDAB46CEAD4A9F9F716474BDEB76F5F9740BB61C386A30E3655E7C05300000042EE70CFE246702DBE7EF6D967F3DBE6CC997354108E5ABC7871B721B7BB7D72E3C053F1732EBAE8A2CE99DE62DFDCA79E7A2AFBDCE73E975F7FFEF9E7855C000000217778026E77078C8AD9D5B82F4EF753BE44B908BB713D4E091407A28AEB317B5B1956DBDBDBF39F11FBDE961F55B9AE63F636963357C37320E4020000D478C88DA31A9F7EFAE9D982050B7A7C4CEC2B1B81B4F2EF8D65C831CB1BF7CD9A356B50C13A6684AB25E80BB9000000351E7295900B000020E40AB900000008B9422E00008090AB845C000000215709B900000042AE900B000080902BE402000008B94AC8050000107295900B000020E42A2117000040C815720100001072855C000000215709B900000042AE1272010000845C21170000002157C8050000107295900B000020E42A2117000040C855422E000080902BE402000020E40AB900000042AE1272010000845C25E402000008B9422E00000042AE900B000020E42A21170000A0D62D5FBE5CB8AC9E3A9442EE115D09000030486BD6ACD9B97BF76E01B30AAAADADED5F52C8DDA42B0100000669C58A1557AE5AB5EAD7AFBCF2CA4141F3D8CDE046C06D6969D996EA1A5D090000300429585DB16CD9B22763A96CEC13AA46BDE279DF24E00200000000000000000000000000000000000000000000000000000000000000000035EBFF01BF8060290919406C0000000049454E44AE426082, '1');
INSERT INTO `act_ge_bytearray` VALUES ('6986a5db-99e2-11e7-9702-005056c00001', '1', 'source', null, 0x7B227374656E63696C736574223A7B226E616D657370616365223A22687474703A2F2F62336D6E2E6F72672F7374656E63696C7365742F62706D6E322E3023227D7D, null);
INSERT INTO `act_ge_bytearray` VALUES ('93bf1524-911a-11e7-b720-005056c00001', '3', 'source-extra', null, 0x89504E470D0A1A0A0000000D49484452000003E10000013608060000000E1D9358000000206348524D00007A26000080840000FA00000080E8000075300000EA6000003A98000017709CBA513C0000000467414D410000B18E7CFB5193000000017352474200AECE1CE900000006624B474400FF00FF00FFA0BDA793000000097048597300000EC400000EC401952B0E1B000020004944415478DAEDDD095CD475FEC7F1EF00C2E09DA951DE5DE6A6E9F637B572CDCAB4C3AE3502D48A76EDDAB274CDAC36CB8EEDD4343BACEC208F80A536ED74D52D4C6BCDDBA44C2D393C404504044439E6FFF9FC98A11139758081793D1F8FEF63AEDFCCE06FBECEFCDEBFEF650C000000000000000000000000000000000000000000000000000000000000000000000000000000000000000000000000000000000000000000000000000000000000000000000000000000000000000000000000000000000000000000000000000000000000000000000000000000000000000000000000000000000000000000000000000000000000000000000000000000000000000000000000000000000000000000000000000000000000000000000000000000000000000000000000000000000000000000000000000000000000000000000000000000000000000000000000000000000000000000000000000000000000000000000000000000000000000000000000000000000000000000000000000000000000000000000000000000000000000000000000000000000000000000000000000000000000000000000000000000000000000000000000000000000000000000005F646317000000783787C3614F4C4CBC2F272767745E5E5EF7DCDC5C7B7171313BE6440F846D36475050D0FEC0C0C05505050553070E1CF80D7B0500211C0000C08749F8BE3B3D3D7D5A7E7E7ED3909010D3AA552BD3A2450BE3E7E7C7CE39417A22232727C76467679BB4B4B4234545459B0F1D3A347AD8B06109EC1D0084700000001F939292B260FBF6EDD777EEDCD99C76DA69DA72CB4EA945BB77EF36494949871C0E47C465975DB6903D02A036F8B30B000000BC33804BB9BE478F1EA65DBB7604F03AA03D0CDAB469D364EFDEBDD78C1E3D7AD39C3973B6B2570010C20100001A39ED829E949434410378CB962D8F79FC70CE1E93F6F327266DF342939EF88DC93B9068829AB53701412DD97927283030508378505A5ADAD5A3468DFA62DEBC797BD92B003C89C1440000005E442761D331E0DA05BDA200BE63DD7B26277D8B292E3A621CC585262FE33793B2F65D939FBD8B1DE801CD9A35335DBB762DF6F7F79FC9DE00400807000068C47416749D844DC78097272379B9293C927BCCFD1AC8D313E3D9811ED2B163C736010101672D59B264007B0300211C0000A091D265C87416F48AC6801FAAA4B55B5BC9E139EDDBB74F938B11EC09008470000080464AD701D765C82AE2282AA8F8C90ED60EF7A4B66DDB76908BC1EC09009E14C02E000000F01EB9B9B9769DA51BF54F3E8753E5A21D7B028027D1120E0000E0458A8B8B8D9F1F87685E71A05CF239D0680580100E0000E0AB9A049F54E1630141B4A00300211C0000001ED3A6F3452620B0D931F7FB3709366DBA0C64070100211C0000009ED2BC5D0FD3AC6DF772EF6FD1FE5C76100010C2010000E0494505878EB9AFF0F041760C0010C2010000E0294772F79994B5EF9A9C7D9B8F792C77FF3693B266B6B50D0080100E0000801390B57B9D04F0774CDE81C40AB7C9CB4C3649AB66990329DF1B076B8603805762C9050000002FA62DDB7BB67E69B574574771D1116BFB83FB369BF6675F6DECD652D700006F414B3800008017D396EDEA067077DA629EBCFA2D76200010C2010000505DDAB27DBC1CC585EC4000F0327447070000F062E70C79869D00008D082DE1000000000010C201000000002084030000000000423800000000008470000000000008E1EC02000000000008E1000000000010C2010000000000211C000000000042380000000000847000000000004008070000000080100E000000000008E1000000000010C2010000E095162D5A640A0B0BABB5EDBE7DFBACEDAB2B2D2DCDAC59B3E698FBF5FDF4B56AEAC891237C60001AB40076010000806FD3603B6BD62C3376EC58B373E74EF3E38F3F9A6EDDBA9966CD9A59F78F1F3FDEB46FDFDEDAB65DBB76E69B6FBEB142749F3E7DCCBA75EB4C6060A0F5D8AA55ABCCC08103CD65975D56FADAF3E6CDB35EEBFCF3CF37F3E7CF37279F7CB2F1F3F33373E6CC3183070F3677DE79A7B5DDFEFDFBCDC68D1BADEB797979D66D7DEDABAEBACA6CDBB6CD74E9D2C51C3C78D0ECD8B1C33CFCF0C37C680008E1000000685834349F74D249A67BF7EE5659BA74A975FF9E3D7B4CFFFEFDADC09C9E9E5E1AC0B3B3B3CD679F7D561A9C3B76EC6815170DCEEE2DD57A3D3535D53CF8E083D66B4744449880800093929262DAB66D5BFA3A4ADFEB9C73CE319F7FFEB91931628469D1A28559B972A5B9F2CA2BADD7BDF8E28BADED6AD20A0F00DE88EEE80000003EAA5FBF7E56A86DD3A68D39E38C33CC0B2FBC60860C1952FAF8F7DF7F6F6EBBEDB6A39EB362C50A6B5B2D55898A8A328F3DF6983970E08079FBEDB74D565696C9C9C93193274FB64275D92EF0A79D769A69D2A489090A0AB25AD735C4EBDFA72DF35F7FFDB55500A0A1A3251C0000C087F5E8D1C3AC5FBFDEEAEAAD41595BA95DB4EB77585858E96DED465E5DDA8AAD015A5BDA972F5F6E5E7BED3573F8F061F3FAEBAF9B19336698E2E26273EFBDF75A5DD7F53DF4B686F2828202ABF53C3131D10AE2AE96705717F7BA6C09D75E00DA253E3C3C7C0A3505F0B8A89898982442380000007C828EBB4E484830679F7DB6757BEFDEBDC6DFDFDFAC5EBDDA0ABD4ABB886B2BB606E99A1A30608091036CABF57AE4C891D6246C1A6A1F7FFCF1D26DDE7AEB2D3361C2042B846BC05FBC78B1F9EDB7DFAC2EEEAD5BB73EAA25DC35EEBC2EE9C9033D41219EA0C600B5620A211C0000003EA169D3A6E6BCF3CEB3264E738DEBD6C07BD75D775963BF95764D7FF1C517CD430F3D745CEFB161C3062B3C6B88D740AD13BD7DF9E597D675BBDD6E4DF0A6E3BF5D860F1F6E85F541830699E6CD9B9BCCCCCCA35AC2759CB89E2CA82B7FFAD39F4C7272B206F127A93180C7F8FC492D42380000800FDBB469931933668C753D2E2ECE9AFDDCDD962D5BACAEE235E98AAEF4391ADE35C88786869A5EBD7A953E76CB2DB798B973E75A01BBA2E7EAB266FA5C0DECAE6EEADA3D5E03B9FB6470B549278FD359DD274D9A34859A0278467878B8CF077142380000808FAA2C58EB5265DF7DF79DD53DFC785F5BBBA2EBA586E865CB96994B2EB9A4C2ED5D5DCF75E2377D8ECEA4AE415CBBCD6FDDBAD56A4DD7D671EDA60E0084700000003448DADDDA35D9992E4DE6A2ADCDFAD8B3CF3E5B652B785A5A9A35BE5CBB9F5F7EF9E5D67DBAB6F7F3CF3F6F424242CC85175E5861ABB7B6C46B2BB94E0CA7617BF6ECD9A5EF77D1451795FE5D3A9BBA8E51D7ED0180100E000080EAD235C0264819206585943B34C7D6C71FA2DDBE754CB62B20970DDBD75D77DD51B77576F3F29626D3A0ADCB8FE9A46E4F3C51D2CBF4ACB3CEB29627EBD6AD9B75FBD34F3FB5D608D7F7D0F77405FFDCDC5C73CA29A7586B91EB7AE24ABB9CEBD87157D7781D0BAEAFADF47D5AB56A653A77EE4C4D02400807000040A5664B192C65B294F152E63A03F9C4FAF8637472341D9FED3274E850EB52EFD3C05C96B644BB827259DDBB7737F1F1F147DDE70AE0E505FACAE8FBB8FF5D004008070000C0F1682BE54229E9CEDB0B35737ADD016200878800505BFCD80500000075E646B7007E8E9430296BA584B06B0080100E000080DAA1537C6B57741D183D4CCAFF9CF701001A39FA1A791987C3614F4C4CBC2F272767745E5E5EF7DCDC5CBB4E9A821363B3D91C414141FB030303571514144C1D3870E037D4215087A857D42BD4216DF5FEC5ED76A6940BDC6EEBAC63A3A5BCC6AE02004238EA881CE0DEBD66CD9A69F9F9F94D7596512D3A1B6855CB82A06A12166C121EDA6667675F9D969636E4DB6FBFDD7CE8D0A1D1C3860D4BA00E813A44BDA25EA19668CBF61829B749D929E5AA4AB6FD554A73761900347E1C41798994949405C9C9C9B34E3EF9E4A6175C7081B5EC862EBFC141AE872ABAECC7962D5B5A6B9EF6EDDB37B053A74EBDB5E5E9EBAFBFBE9E3A04EA10F58A7A050F3B53CA7352364BD1F5BC6E7706707B39DB6A8388B680EB1A6131EC3A002084A38E0E72A55C7FEEB9E79A0E1D3A68F744764A2D3BEDB4D34CEFDEBD83E50078EED2A54B875387E0EB75887A45BD82C73C2DE52B2985527A49B9C779FFAB52DC871B843B6F274AD185B575C2B624761F00347EFEEC82FAA5DD3C93929226F4E8D1C36A0D29EB70CE1E93F6F327266DF342939EF88DC93B9068829AB53701412DD97927283030D0B469D326282D2DEDEA51A3467D316FDEBCBDD421F8621DA25E51AFE051EBA54C97F25F29834CC9BAE023A52C3325EB81E73BB74B937240CA2C53B266F876D70BDC7AEBAD53BA74E9C29EF412C9C9C966EEDCB94FB22700CFE8D9B3E760B9D0B22C212121DE17F7012DE1F548273A4A4F4F9FA6DD3B2B3AC8DDB1EE3D9393BEC514171D318EE2429397F19B4959FBAEC9CFDEC50EF48066CD9A99AE5DBB16FBFBFBCFA40EC117EB10F58A7A85630C34E5CF52DEDC79D05851718DE7D609D722A5EC90F20F29D3A4FC51CA54E7632EBA4C99763F5F634A5ACD01008470D4369D6958273AD2EE87E5C9485E6E0A8FE41E73BF1EF4A627C6B3033DA463C78E6D020202CE5AB264C900EA107CAD0E51AFA85728A5E3B5757CF6036E215C2FCF745ED716EC51A6649235F7A2DB6BB7F29E6EAFB541CA9F9CE573423600C01DB3A3D7235DEA476719AE689CE5A14A5A94B4250A9ED3BE7DFBB45DBB768D90AB2BA943F0A53A44BDA25EC16AC5EEE83C26FAC5FCBE8C9886EABB4C49B7F25F9D41FA8E7282FB125332EEDBFD335AC36E0500548496F07AA46BEDEA2CC31571141554FC6407EBF37A52DBB66D3B380FC4A843F0A93A44BDA25EF9B821CED0AD273A748CB67611DFE50CDF76675951C173F5B14FA4FC47CA9BEC4A004075D1125E8F727373EDBAD62EEA9F7C0EA7CA453BEA107CAD0E51AFA8573E4EBB98EBCCE4DAD2DDD559F43E1D6FA1ADD921A6E424C847E53C37DAF9BC67D88D0000427803515C5CCC5ABB5EC2F939045087E06B75887A45BDF2213AB65ED75FD799C85D63B4B5F5FB07297F7506F09D52B2A42C3025EB766B17F37F9413C26739C3FA784FFC61A1A1A121F259779572B9FCFFBB74F7EEDD7C5A004008477D68127C9229C8CF2CFF830BA2950AD42150AF806AD0C9D5CE711EF3B80770E3BC3E4FCA19CEED263BB7D589D56E7206777B39AF99EC0CE0D59A70CD15B29D41BFABCD66EB627E6F79EFEA7A0F87C361CDC5B06EDD3A131E1ECE2707008470D4B5369D2F324772F71E330BB17F9360D3A6CB407610A843A05E0115EBE90CD47A39A5826D92A4F49112EBB66D5B5332565C5BBF9F73DE175026703F5FD19B4A78D6F73AA5BC905D5DFDFAF5E3D30380468CFE865EAC79BB1EA659DBEEE5DEDFA2FDB9EC20508740BD028EA5A1FA26E7750DD2FDCB3CAEDDCC3F73866DE30CD709CE103ED079BF2B70BF6E4ABAA82F9732D7ED752B141313A321FC6EE7FB9C53C300FE83DD6E3FA97DFBF67C8A00D088D112EEE58A0A0E1D735FE1E183EC18508740BD02CAB7C159DC6F0F3625B3A06BABB64EB6162125C7F9B88EADB8C119BC974A192EE55CE76D0DD1DAED3CCD19D06B6DE93187C3F1597070F0CD515151F9A3468DE2530480468C96702F7524779F4959FBAEC9D9B7F998C772F76F33296B665BDB00D42150AF804A7D27E55E67D0D6901DE516C095B674EB446CF1CE80FE7FA6A4055CAF273803B8D2A5CAF2ABF38631313136B9A8C97A7D73F7ECD9F3670DE07C5C004008473DC8DABD4E0E72DF317907122BDC262F33D924AD9A650EA47C6F1CACCB0BEA10A857803BEDE937D894B46A6B4B78A133448FAEE4392B9DC15B27674B729695C7F3E6A1A1A1CD4D35276DB3D96C2FA6A5A5FD253E3EBE908F0D007CE7470A5E425B8FF66CFDD26A4DAA8EE2A223D6F607F76D36EDCFBEDAD8ADE564411DA20E817A059F3FB6D1B1DB1FB905610DC509CEDBEF4B996F4A5ABEDD83AF8E255FE3DCCE98E3E87A1E1111A1E3C927141717EB98F0C06A3C65627474F4543E32002084A39E68EB911EBCD694B64A25AF7ECB74BF6C0A3B913A441D02F50ABE4E83754C99FB5C6BEAE9B8F0B152EE93F2AA299934ED4653D25AFEAB39BA9B7AB58D1C39B28F04EFBB1C0E87B6B437D765C6A42C95FBFE249741E53CA548CA98989898283E2E002084A31E1DCF41AE8BA3985E6CA00E817A85862F3232B275545454A6878F75D2DD6E6BD07EDE593484E7BBDD5F23616161E112B21F90B03DC0ED35E649187F5D02B6D5953D3C3CDC513680CBE337C4C6C67ECEA70D008470D4B373863CC34E007508D42BF8ACC993278FDEB66DDBDC279F7C32F289279EF8C0432FABB39A7F5CC163359E084DBB9C4BE8D6F0AD93BD9DE3BC5B43FEEB76BB7D463927100AA434D12B12BE73FCFCFCAE9280BE824F1B0008E1000000F5E6F1C71F8FD8B163C707575D7595898F8F7FEFD1471FB53DFBECB3511E78695D96ECB5137D91D0D0D0332540DF2B417A8C04F0E6CEBBD7C8ED69C1C1C10B2A99D9BC89F3729FBFBFFFD00F3FFC704355EF25EFE390A06F934B2A463D93CF21592E3AB0270010C2010040A33171E2C41129292973C78E1DEB77FEF9E79BDEBD7BFBBDFAEAABEF8C1F3FFEC8F4E9D33F3C8197EE2BE584BA7D8785856957F34912BC873B8F9B0A25782F90803C2D3535756555B39AEB7265F21AF9F2FC7E12C093AAF39E76BB7DEFC183074F69D5AA1595A39E1D38704027EA63DD450084700000D038385BC0E7B902B892106E1E78E001FF975F7E798E04717302415C03548DBB9C474646DAF3F3F3C34DC9FAE27D9D77EB78EF2809D33ADEFB979ABC5E717171D7B8B8B8B4EA6EDFA44993155959592308E1F52F2D2D2D5B2E36B3270010C201004083F7E4934FDE969494F4DE7DF7DD571AC05D7AF5EA65C68D1BE73F63C68C39F7DE7BEFA1D75F7FFD93E3788B1A05709D14EED0A143774B00D7F0DDD179F72F0E87E30309D2AF49903EAED9D36B12C0AD3F3A3FFFC5D4D4D4EB3A75EAD444675A47BD49CAC8C8E82D9733D915001A7C08971F33FBA64D9B6E5BBF7EFD48F991E9B37BF7EEA6D9D9D901F2A3630202021C2D5AB42868D3A6CDAE962D5B7E2F9B3F3D69D2A42D7C54000034BE00FEC0030FF869CB7779F4FEBFFFFDEFFED3A64D8BBDF5D65B43E7CC99B3B036FE96F0F0F0AE72F184B67E4BE8B53BEF5E24D7DF8A8E8E5E50D7FB66D0A041AB962D5BF6A31C1FFD5F870E0C47AE2F0909094BE498B5DB15575CB192BD01A0C186700DDFFFFEF7BFDF7EE6996722F6EFDF1FD0A3470F3378F060D3A9532723A15BC740E9D95FDBC183070377ECD8D14DBEFCBAAD5BB76EE4F8F1E3537273739F79FBEDB7DFE1230300A0C107F051550570176D119F30614293A953A7FEEBB6DB6EFBF3071F7CF085A7FE8E8888882BE5D8E4AF72F506E73191B69CCFD3F1DED59940AD36C9F1D068D9476B5BB468D1B465CB96549A3A969999B9302323E3DAE2E2E22BD81B001A6C085FB972E55FFEF9CF7FBE91959515141E1E6E9DDDF6F7F73F663B0DE25ADAB56B67B46BDAADB7DE6ADBB871639798989837EFBAEBAE09FA85181717F72B1F1D00000DCFB871E36E484C4CFC40C7805715C0DD83F8830F3E18F8D24B2F7D22C1F9BAE8E8E845C7FBFE83070F0E080909192D57274800D799D3B59120D366B3BD22C725EFCC9F3F7FA737ECA761C386FDB274E9D2EB7FFAE9A78FCE3DF7DC5604F1BA0DE09B366DEA2575E20EF91C12D823003CADD6D7BE901FB680850B177E1D1515F5AEFCD8063DF7DC7356B82E2F8057447FA4E579FE37DE78E3392D5AB4F8F1CE3BEF1CC347070040C3A22DE012703E9200EE5F760C787582F8C489139B0404047C12161636BCA6EF3D6AD4A88EE1E1E1532480A7CACDF74DC9D2651AB06E0F0E0E3E352626668AB70470972143862C2D2C2CBC69E3C68DD929292919724C4525AA5D49090909B37FFCF1C7FE72FD01D9FF9FB34B0034B810AE017CD9B265DF2F5DBAF4D2BFFFFDEF66F8F0E1350ADF650D1B364C67510DF6F3F39B3966CC987BF9F800006818264F9EACDDABE71C4F00770FE213264CB0070606C65537888F1C39B28F84EFF78B8A8A7486EB27A4B495122FC728D7A6A5A5FD51C27754256B7C7B451097BFBDBFECBB35FFFBDFFFF66DDBB66DFD810307D28A8B8BA9541EA0EB80EFDFBFFF8B9F7EFA297AF9F2E579191919DDB40B3A011C406DAAD5EEE89F7EFAE96209E017C80FAFD5BDDC13BA74E9629E7AEAA9E0C71E7BECF9888888ACE8E8E8797C8C0000787700DFB973E707D519035E157DFEC48913ED2FBDF49206F1D0D8D8D863C29276393FF5D4538748D09E24816AA0F97DBCB72E31F6821C3BFCD290F69F764DD78BC58B17F7494D4D1D2165B0DC6E2DC54EED3A613AF39DAE03AE27696632091B80061DC2750C78545494D502EEA900EEA2AFF7E8A38F367FFCF1C75F9520BEA6A1FD980200E02B9C93B0792480BB38BBA6DB5F7CF1C57FC971C09F5D63C44343439BFBF9F9DD2741FBAF12C0CF746EAEF3C8BC55545434AFA64B85799BA14387EA64711BA8550040083F86CE82FEF4D34FCFBAE69A6BCC59679D552B7FB8B688878585057DF8E1873AAEEB423E4A0000BC4B7993B06566669A7BEEB9E7986D67CE9C79D449FBBCBC3CF3D7BFFEF598ED5E7FFD756B45150DE20F3DF450B004F18F2588DF250F9D2BC71F3AE19A6B7DEF9572FB953D7BF67C141F1F5FC8A70100F016B532267CC18205EFEA32633A86BB365D7DF5D5C1AD5AB5EA263FBEA3F9280100F01E154DC2D6BA756B2B84376DDAF4F783113F3FF3E69B6F1EF5FCB7DF7EDB3469D2A4F4F649279D64468F1E6D057017E7ACE94D6D36DBBB12B81FD6002ED763E4F2D29898980B6363636308E00080461FC2B5153C2121E1665D86CCFDC7B3B6DC75D75D27C98F77BD4CD226FFC6C72222226ED0B1675425508740BD0275A63480DF56D9246C83060D32A79E7A6AE96D9D642C3131D1AC59B3C6BABD65CB16B369D32653505060DD0E080830BA44D795575E79CC6B690BFBDFFEF6379B1C0BE8C67F8D8E8E8E90001ECFA70A00F099102E3F9AB7EDDDBB37C053E3BEAA72DE79E70506050575930388AEF5B0FF9E76381C9F9C72CA2907E4FDE7CA01CC953A1EADB1548E152B569875EBD695FBD86FBFFD56EEFD292929E6A79F7E2ABDADDD06E1BB75C8DDF3CF3F6FB66DDB56E936FAF8E79F1F3DC792B686EDDCB9939A727CF52A5BEAD5C70DA95E6908FBF4D34F2BDD46BF5734B0B9ECDBB7CF7CF9E597D57AFDA953A75ADB57E6C0810355FE0D7C175519C0DFD331E095CD827EDF7DF71DD51A7EE8D021F3CE3BEF9883070F9A575F7DD5EA8EEEA2DBDD79E79D15AEB072F1C5173799346992431E9FA97F3B5F0100006FE6F15692F5EBD78FD4007E224B91D554AF5EBDD27EF8E1879BF4F8AA3E76A2CD66D30395D13A16CDCFCF2F530E00F4E82D3A282828DE9B973DA94A727272694B456C6CACE9D0A183D565F0A28B2E32975F7EB949484830CD9B37B70E947EFCF147F3C9279F58E3F97AF6EC691D206BCBC5B265CB4CA74E9D4C6060A059BE7CB979FAE9A7ADD7806FD42117AD0F7A5267E0C08195CE13F1DE7BEF992BAEB8C21C3972C4AA4F616161263E3EDE4446465AF52C2E2ECEDC76DB6D5498EAD7AB60B9F8B3D4AB3FCB77728ED4ABAF74377B53BDDAB871A3D9BF7F7FE9EDEFBFFFDE6A15D5EF16A5ADA15A67AEBEFAEAD26DB66EDD6AEEB8E38ED2DBFABDF3DD77DF59DB6467675B8FF7EDDBB7DCF7D390F7E0830F56FA37C5C4C458DF5B5AE7BEF8E20BB379F366D3AF5F3FEBB1175F7CD1AA87279F7C32DF45E578FCF1C7235C01BCAA93F121212156CBF6575F7D650570A5FBFC9FFFFCA7F539BAB468D1C25C78E185E6F4D34FAFF4F5F4A4FCC489138B5E7AE9A568F9EEB8A5BC59D301006894213C3535B5CFE0C183EBF41FD1BF7FFFD612C22FA9AF105EE600A6B51CBCDC2A576FCDCFCF3F141E1E1E2BF72D94FDF279431997B67BF76EF3CB2FBF989F7FFE593F4FAB657BD5AA5566EEDCB9E6861B6E301F7DF4913536CF7590AC2D1403060CB00E54434343ADFB0B0B0BCDB7DF7E6BEEBFFF7E6B9B5DBB76590756F08D3A54D6A44993AC80ADF56AE9D2A5BAEEED31DBA4A5A559E15B0FC8B5BEE8499F8F3FFED8DC78E38DE699679E319D3B77B60EC2F520DDBDF50CD5D65CEA55A85C864ABD3A2CE1EA13B91E5BDFF5EAB4D34E33DDBB772F3D39A7DF3523468CB026DF94BFD33A71E37A6CEFDEBD56C0D6FAA1DF2F7AA9DD95F5A4EF9FFEF427AB9ED8ED76EBFBA822550D93D2EFAEEDDBB75B6396B527907EA769F0D6B0A83D35F4F7ADB106F013FD2E92003C22252565AEFB246C55F9F39FFF6C9DAC758570FD3CB54795BCEFEF072A0101E6E69B6FAED6EBC9FB064F9830A178EAD4A91F4A101F4910070078238F37494A806BAA074F75490ECCF588BC8F17EE5F6D858AD42E7E212121E9720013A3DDE4222323BD7A5DCFF6EDDB5BADDD679F7DB6B62CE8B8FBD2C7468D1A555271DC5AB3F58049BB106B6BF8C2850BCD942953AC83670D507DFAF4B18A5E87EFD421774F3DF59479F8E187AD7AA5E340B52BB0D6919C9C9CA3B6D33AF2C20B2F98BBEFBE5B9738B44EFE680B9886207DFED75F7F6D2EBBEC3202B86704499D0A77D6AB0352A716D657BDD2566C0DBE1A7AF533563ADC45AFFFE52F7FB1AE6B08533A219706F6534E39C5FCF18F7FB4C2FA983163CC679F7D6685643D89A3B369EBF75775E9C91F777AB251EB9B7649D750AFADF47BF6ECB11ED389C3EEBDF75EBE8BCAF92ED21670F9BF1D5BD118F08AE80914798E69D6AC59E97DEE015C2771D37A5093FFF752379A3DF4D04336796D0DE2C3F9EF0E00F0361E6F09CFCECE0ED01FCDBA545050D04E7EB40BE5A0608A17EFEB5652C2E4EF0CD3802A0706BF55352EB1DE2A851CF0BA970D1B7E5F925403913AE38C334AEFEBD8B1A3D54AA92D9DDADD5C5BC23560692B957641761D687BB3F4F474ABD58B3AE4591A5AB4D784B6602E5A642DE36B4DB8A4F5E1924B2EB14EF2682BA3B67EDD72CB2D567DD3BAA5CB1B6A7DD2E0AE7549EB947623A60ED50A6D21BF4E2EAFD37A257F7F627DD42B3DB1A7ADDE5ADC4FCCB87FD768FDD0BAA3977A82E67FFFFB9FD582AAADE0DA455C1FFBE1871FAC96D5471E79C49AC8AB9CDF8BD2BA989595657563D7F90A34E4693DD540AFCFD393005A7FB5D55B5BC0F564A37EA7E93009ED2D24A1D397EBD551DF4523478EDC23FBA79DB680D72480BBE889159DE55C7B41E85004F73AA1BF2F150D2DA84CEFDEBD9B4F9C383143BE5FE647444484B9D611AF828E254F97B286C3430040830AE1FA83ACDD01EB92B69AD96C36FDB73CD15076BCFCBD67B8BA5D7A233D10D2033FFD2C9F78E289720F98DDAF6B50D283DF37DE78C33A88CEC8C8B026D171B9F6DA6BADC994B455DDD5AAE54D74BCFAFAF5EB0D75C833B4F0621B4C0000200049444154F570F5EAD5D6986E0D4BEE9FB96B76636DF974057277DAAB424FFCE8B007A50149E72670F5C2F0560DB10E55A05B7DD42B0DFEEE27FC5CF79547C70B6B18D69E115A7F74D88C86556D5175AF63E5D1EEE8EE8F6B1D75D1933E5AEF34FCEB4921BDADDF85FAFAC1C1C1E6C30F3FB4BEC72A7B7D5FAC57B28F4ED19318C713C05D74E931FD0D71A72DE23A1CE578F5E9D3A78DFC1EED947DF8556464E44951515199553C45837A5B29DA7A9E202589C34400408308E14141410E09E2B6BA0CE2FDFAF54B9703A7D6124AEA7AD071750E8A8E382F03CB04A8ED7DFBF63DDD1B2B851E804F9E3CD96AA5D409D8745235170D4DEEE3375DB40BA7862A1D2FA907A943870EB5C6656A2B966B62253D98F4C600AEB4254D27A29383DD27A943274E5BBF35C0943DA82E1B2EB48EF5E8D1C3BAAD2D8DDA42D9AA552BEB7E576BA59ED8D3107ED5555759814B5BCEB5758C3A74C2F54AFBFC6AB3A37F7DD72BFD3ED12EE9658728E87DEEB4857BDAB46956EBB7F6A4D0133DFA5C0DC713264CB04EE0E87374BBBFFDED6F954E0258119D9D5D83BAD6411D77AE754E2781D3D7BEFDF6DBADEF4757D86F64F5EAB8BF8BE433D8979B9B7BF2C68D1BFD8E776514FD0CA5EE1DD5155D3F5B1DE2F4873FFCE1B85E53F6D99E152B56B494D7BDAA9200AE67547E710BDCDA12AE5F30974BF9424ABC56450E1701005E1DC25BB66C5990999919A8B39ED6153960CA901FD9FC9898982975B9F3C2C3C32B3A68392407127EF23705B90E56E476A6DC5E2A657E5050D0229D65F62F7FF98BC31B2B85CE02AC0744AE10E41EB435546B0BB94E9AE5A207CE1A92F4C48B1E2C69CB928EA7D4B0A4D75F7BED35F3D65B6F59C1CC5BB56DDBD66AC59934691275C843A14A438CEBA4CBFCF9F3AD70337DFAF4DF8F7CDD5A13B5C5F3F0E1C3D6D84FAD5F5A07B5FBB98EF7D5ED468E1C694DD8A601ABAE7BDA787B1DAA61BDD27A5424754883B74D03B837D42BAD273A1B79D916660D60650369FFFEFDAD89FE747CB8CE86AEDF531A8AF5B9BAAC958E1577AF6735A1ADDEDA5B475F57BBA4EB49C559B366591309EA12681AC46B32DEBC21D5AB13FD2E7AF4D1476F96FD1E7DFFFDF7D7B84BBA9EDCD53945DCBBA2ABA2A222EB04847E77D4B44BBA06F0975E7A29585E73546C6C6C655DD1F5316DF9EEE9BC1EE20CE011CEF0AD8F4D927229611C00E0B521BC75EBD629F2A379665D86F04D9B36E9A2D545F5BC2F739C07B53ABB4CB09ED177DEA73FEAB1C1C1C14BABD115CE6B949DFD576724D699D1F50054BB696A37500D56DA455867ABD6C7DE7FFF7DD789182B84BBF3E600EE451A551D7205700DD81A94DE7DF7DDD2A5C7AEBFFEFAA3C2B4B636BABAA5EB7278DA1AAE637735F468D8D265CB5C7314A0E624341D768628E30CE05E57AF76ECD871CC893FBDAFECC99DB2276174BC76B76EDDACBAA2CB269E482BB5BEBEB3EBB7D5E2AD93036A0F0DEDFDA375EF820B2EB0BABDF35D746C9D79F6D967FF356EDCB823AFBEFAEA4772E95FDD16710DDA7AA2D6BD17847B8BB88EDBD7DF163DC15BDDC9D924B4EF79F9E5975D01BC3AB3A3EB36BADCC70D5274E6BD3BDC02B73EB6528ADDB90F0000F0BE102E016C991C089DA9AD1575E5FBEFBFD75FEB65F5BC2F9BBB1DBCE860D62FE460F1F386B8C6B3B6366A8B446E6E6EE97DDA32AEADE03AD3B5B66E0F1F3EDCEA9AA9339F9F7BEEB9A50753EE6338B54BBA8E0FD78366D606F7AD3AE4A22763747882B626BA863568ABA22E37A4DD8ACBEB2EACDD8C75466CFD0ED1D0AEE38475C674E51A0E819A710670AFAE5795B584EB8919D7D8EDB25DD435746B10971068BD86B692EB3AE0D59D0C52C3DF73CF3D679E7CF2496B62361D8AA3F5527B5FE81AE1DACD5D6750D7A028FBCCDC74D34D66E6CC995E3924A2BEBF8B66CC98B14002F84D72F951756749FFF7BFFF6D9DC875D1A100BA6C9D4E7EA727E2945EFEEB5FFF3291919155BEDED6AD5B53A74F9F6EAF41002FFDE933252DE03A9BA836BBA7B985EEB2675EBA1AC68B0300BC29846765653D979C9C7CBB04323F5D7AA40EE4CB01D839A6E4EC75BDD0AE7972112F41F383A0A0A0F886D45A596EA50808B06606D6E0ADAD4BAE0355EDE2A907C2AE1024075BC6BDC7838ED3D409B9343869E8764DECA4637EF5205A83157CA30EB9E8724E5A77264E9C68B562F5ECD9D30A47DA8342C34E4C4C4CE9B6DA0AAA277F5C615D0391D2A58BF4315D264A7B646858A245BC71D42B0DB73AFC40BF2F860D1B764C4BB8DEA7EBCAEBE37A824FEB4E7C7CBCD9B871A315C6F57B4A274DD33AE3EA89A3276A740CF782050BAC93403A2F81FBBC16AFBCF24AE952682E3AF785B6706BF87BF4D147AD138EFABE3A2998FE7D7A42D2D5C55DC3B786F1FBEFBFBFDCD9D77DBDCE681097FFF7A13367CE8C957DD4A4B220AE9FBF7EE6EE215C27C0FBC73FFE612D13A7137CAA83070F5A13B0EA1287A79F5EF17405DA057DEAD4A9ADE4DF50D3003ED8948C897F414A6BE789070DE27A6CA12DE06F96D95EBBA76B978BE9CE4B0000EA37843FF3CC33BFFDFDEF7F4F9483A4334E64A6D4EA5ABC78F1C772E0DE450EE693EA61FF4DB6D96C4976BBFDA386DC5A591EED6EAE45E9C1AE2E41367EFCF8A3B629DBDD50C752EAC1AE6EEF1E92B42B7A444484D7CE045FCF1A6D1D527A22A722DA53C25D5DCE384DBDF20E7A124FC75FD784F6A4D0EF263D61535E9DD193841AC05DDF3D35AD57AE25D1F47DCA7B0FFD5DAB8BDFB6865C675E7FFDF54F6EBEF9E6AB5F79E5952F1E78E081C08AF6972E01A7276D5DF4449DCE0BA12B2ADC77DF7DD6BC223A31A3D293BCBABDF65A28EF04BF6B0CB85C1D151D1DBDA08A3FB18F2999055DBB3368B7BD64293A0DBB9E7018634A5AC5B50BFA2FCEC0EDFE3CED25F0939471523E76DEA7DBE5F3B50300A8B710AEB2B2B21E9183EF0F25A405D4726B78E6071F7CF007397078B93E769E04FF677CA29248A0AECE986E576B5345AD94EEAD51F0AD3A541EE609A05E1D2F6D19AF8B212EBE348CC6D375E65FFFFAD7D2888888EB5F7DF5D54FC68E1D6B2F1BC457AC586176EEDC79D4F0822E5DBA18D75036ED41A5933BEAA46C7A3244C3BAF64858BC78B1B55282BBFFFEF7BFE9EFBCF34E6BD96EACBCEF826AFC79EE6BE1459579CC7DBC8B86F247CA3C4F5BC82F763EA6E17B8029E9AEAEE3C95794796D0000CA3FC6A88D177DF7DD77E372727236EB6CC6B569EAD4A9DA0A9E9B9A9A1AC347090080F7888E8E5E74F8F0E11B67CC9891AF43084A936D66A6355784FBBC23EACE3BEF3CEAB6F6AE729F315DBBA7CF9933A7B49BBAD2167009E02DE46A909F9FDFCCF0F0F0074343439B9FC09FADCF2D3BE05FBBA40F94A2935368D7081D87B545CA995234F48F766E93C4A70E00A88E5A1B5899959575DD279F7CF273F7EEDD838F67ADD6AA6CDAB4E9D3B56BD75E63B3D92E8D8F8F67D9100000BC3088DF7CF3CDD74E9B36EDB371E3C6592DE2AD5BB7D6FBAB7CAE764FAF6C3BD72CE8721C7097866387C3112E972FF9FBFBDF2561FC8E989898F8E3F8937F3025CB92B98F03D72EE7E9CEFB6E92F2AB141D5F758BFE139DCF99CAA70D00A8AE5AEB6BA763B48F1C397287FCF0E6B9CF98ED09BB76EDFAEEF9E79FEF233FBC13E507FA173E460000BC93764D3F7CF8F0B5DA22BE76ED5A8F2C27AA017CFAF4E9813A0BBA1C077C2045D7F5BED41990B585FA1B09E2734343436BBA5EEA5253320EDCFD793A3E5C5BC7974BD1C950B4F79D4EDD1F694A5666D189DCEE33255DD59BF3890300EA2D84AB79F3E6CDCFC9C919FBD8638FE5E812329EA02DE00F3DF450A7A2A2A259F2A33B8F8F1000800613C40F9F6810D72EE8DA022EC701B7BACF82AE2DDF76BBBD97CD667BDE942C2F36DADFDF7F5B4444C4B8C1830757B7E7DF4E53D2C25DB64BFA2829B74B592BE56167F0D6709EE00CFEFD9DE17F009F3600A05E43B89A3F7FFE7B595959773CF5D453D90B172ECCD5B5A48F53A6FCE8463DFBECB3FD8A8B8B9F901FDEE7F9F800006838415C8E01466810DFB061C3711D0C680BB87316F4B0F29621D399DDA3A3A31F91F7F9A333283777381CD3434242964B181F58CDB7D109D6D6989225CA063B2FBF9032C19474434F3225B3A16BE08E97F2B494FF9A9216F2A57CD200807A0FE14A7E28630A0B0B7BCB0FF00FF7DE7BEF9EF5EBD71FAAC1D3F3972C591273CB2DB7FCBA7AF5EA33750C784C4C4C141F1D00000D8B8E11D7203E75EA54ED9A7EA426CF75B5806B00D7D7A96CDBB8B8B85FE55821548E196E7186E60112C697878787CF1A356A54C76ABEE52FCE30AE6B87EB98705D9A6CA3336C2B5DE6EC5553B2C419C72500806A0BA8AB3772AEE37DB9FC00DE243FBEF7040606F63AE79C73F60D1C38B079B76EDD02DBB4691362B7DB752DD03D999999593FFFFCF3B6152B56F86FDBB6ADBBFC60EB0FE6EB696969F398840D0080861DC46FBEF9E61BA64F9FBE60FCF8F1E6FFFEEFFFAA5CBFD2B50EB88E018F8D8D5D5483F79A171A1ABAC0DFDFFF415332D6FB6E39A6181D1111313E353535AA1AC714DAAD5DBB9DEB586F6D21D799D0F5986488149D104E973063681C0054202C2CEC619BCDF65C050F3F21D9F0893299D14608AF9D30AEDDC33ED233D11B376EBC69C3860DBADEA64E66A25DBB74898F56520AA4384C49F7AE7B9C011E00003402DA355D83F8CB2FBFFC8904F182BE7DFB36AB68DBAD5BB7A64E9D3A558F0D4695D705BD2A7171711AA4A748F08E71381C73F598432E67878484DC26077FE3E518634D358F97AE745ED700AE63C7E3CB09E03A7BBAB68EEB38716D49DFE5BCD4DB7A2C93CEA70FC097F8F9F96D90EF5C76447D877097F9F3E7EB0FD80C670100003E16C42518874E9F3EFDE3091326649F7FFEF92DCB6EE39C05DD2E07703A0BFA8213793FE76A2A1748F08E3425E3B8758CF86AB9FD9ADD6E9F1C15159559C9D3F5B1B227001E302593B1FDEA76DF2267D09EEF0CDFBABC998E29BFC6B9ED55CED7528F39B7D1D7CDA74600688CB4F7937CCFEAC9D0EAAC1EB1D3674E4E50350000407D1D9C1516165E3F6DDA34DBEAD5ABB3DD1F739F05FD4403B83B9D57465EB387047B6D04D0EEE8F7E5E7E76FD6E1723598455DBD6B7E6F1D77D103CD1BA53CE13C98D4F798624A665CBFD02D80EB1268DAFAAF5DDA571B665507D088C9F7EDC26A6EB7C857F609211C0000D41B6D119720FEE7193366D856AD5A75C015C0DDC6807FEEE9F7D42EEAF2BAE3E580EF4FA66499310DC571212121DF8486869E59CD97D11303AF9573BFB68CBF654ABAA55724CD948C27BF42CA0B523E3347AF4D0E008D29844755F1F861BDB4D96CF309E1000000751BC4FDDF78E38D9DB519C0DDC9EBAF4C4B4BD3E5CCEE9183406DA51EE8EFEFAFADE24F474646DA4FE0A59F7786EABBABB1AD8E2BD7EEE8E750130034464D9B36D5892DB32A7A5CC277905CA4CBF7F10A42380000401D0671B9085BBE7CB9CE3E1E56DB01DC4567488F898979D3CFCFEF2C3910742D3FF6587E7EFEB68888881B8EF36535546BB7F4E74CF92DDCDADAFE8D943152A69B92B1921BA805001AA3A8A828FD4EACB4ABB9C3E158E04BAB6011C201008057D031E276BBFDA4AAD601AFA5F74E97122141FC5253B23E78473928FC448278740DBAA8BB4B9272BB297F4674EDB21E6B4A26775B2BE502F3FB787100688CDEAC207C1759A1D4CFEF635FDA1984700000E035AA98A5BC2EC2F88A9898980B248C8F979BF9728018AE5DD475AD5B09E3CD6BF8723A6EDCD5B2A3ADE2F63207A43A915B9A397A8675006874B4ABB97C9F1E2A7BBF7CD7FACBC5CED4D4D4A584700000001F26617C465151512FED22293703E440F13909E39B6EBEF9E621C7F992FABCD9E6F7E561DB9A926EE92C4F06A0D1D3AEE67E7E7EF3CADC6D2D20AEB3A2FB525774423800004005E2E2E27E8D8D8DD5B1DDDA455D5BABBBCA41E412EDA23E6AD4A88E357C399D09BDB5944DA6641CF8FF4CC9CCEC2BD9D3007C417171F1A765EF725EFED7D7F605211C0000A012313131F176BBBD975C7D524A8E76512F2A2ADA161E1EFE600DD616D76EF6D74AB943CA2E53B234D955E6F7EEEA00D0A8EDD9B347E7FB38E0769776454F9770FEB9AFED0B42380000401574765F09E353FCFDFD7B38BBA8EBF8EE97424242D64744445C599DD7080D0DD599D275099EA952DE31744507E043B4CBB9CD662B3BF67B515C5C5C0E211C000000E59A3F7FFE4EEDA22E413CC2944CAAD653AE7F151E1E3E2B3232B27545CF93C71D12E03FAB41CB3900343AF27DF986FB6D09E51FFBE27E2084030000D49004F118BBDDDE43AEBE664A5AB4EF3E74E850A27651AFE4697D43424266B3F700F82AF9DE3C6A1E8CA0A0A0785FDC0F9C8D050000380ECEE5D4C6464444BCEE703866D96CB6C172FB2509E2D7C8E5C49898185D6FDC6A05777B5AA4DCFE491E9BCA1E04E00B7422CBC2C2C21BE43BF292FCFCFC3EA66442366D0C76C8EDF56161611BE4B1EFFCFDFD63B4B711211C003C2C2B2BCB6466669AD6AD5B9B56AD5A55791B00BC5D7474F42F7271A91C4886CB81E4AB725DC3F86AB9FD8E9F9FDF2312D0CB3EE52509EE09F2BC45D57D0F790D7B6262E27D393939A3F3F2F2BAE7E6E6DA8B8B8BD9F927483E2F475050D0FEC0C0C05505050553070E1CF80D7B05F00CF99EBB412EEE95EFAA41F27F2DB0BCFF8252BACA635DE5F286A2A2223D89192FB7DF95EFC7798470D40AF9617648A5B4C9253BA39EC9E7902C171DA843B54F03767272B2755D437655B7A943D42BBE9B1A47BDF205DA453D323272517E7EFE7372F36E39901C23E1794C05A1FA6309E9FDE5390955BDAE84EFBBD7AC59334D5EB769484888D1D2A2450BC3FF518FFC1FB3E5E4E4B4CDCECEBE3A2D2D6DC8B7DF7EBBF9D0A143A3870D1B96C0DE018E8F04690DD66FCAF7DCB0E378FA6079DE60798DBB2494DFAE4B4512C2E15176BB7DEFC183074FA1B5AFFE1D3870407F6CF75187E06B75887A45BD826739BBA8DF3372E4C8B724E0ADAF64D3A67290FA456868687F39C84CAB68A394949405DBB76FBFBE73E7CEE6B4D34ED3965B76B207E9898C962D5B5AA563C78E81BB77EFEE9D9494B4EAEBAFBF8EB8ECB2CB16B287809AD11E41F2FFEA0DF9FE3BC9759FBFBFBFE9D9B3A7E9DFBFBF39F3CC33ADDE8E7A22312F2FCF6A7C91FF7366D5AA5566DDBA75A6A0A0C0F5B481F23C5D7DE29EC6D82ACE29D47AD4A4499315DAF516F52F2D2D2D5B2EE2A943F0B53A44BDA25EA1767CF8E1871BAAB159673958FDA8A219D335804BB9FEDC73CF351D3A742080D7013DD1D1BB77EF60F95CE62E5DBA74387B04A851001F2EFF77E6B902B886EFE1C3879BE9D3A79B871F7ED85C7AE9A5A653A74E5600574D9B36B5FECF5D74D14566DCB87166E6CC99D6F6FA3CA7E60E8763AE04F1318470784C7E7EFE8BA9A9A905E58C1543DD4ACAC8C8E82D971F5387E06B75887A45BD42ED2833195B8524585F5CDE8CE9DA055D5BC0BB77EF6EB5D2967538678FD9B961AED9FACD5366CBD7534CCABAF74D7EF62E76BC07346BD6CC9C77DE792DE4B399FB9FFFFCA7277B04A85600D716F00572EC6025680DD7CF3DF79C4ECA66DAB56B57ADD7D01672DD5E9FA761DD455E73B604F1D1847078C4A041835649A5FA71F7EEDDEC8C7A949090B0443E87DD575C71C54AEA107CAD0E51AFA857F00A91EE4B9BE9246CE9E9E9D3B40B7A45017CC7BAF74C4EFA16535C74C4388A0B4D5EC66F2665EDBB04710F06F1AE5DBB16FBFBFBCF646F0095D331E0F27FE50D5700D7938753A64C392A48D7843E4F9FDFAB572FF7203E4B82F839847078447E7EFEE8A4A4A4BCECEC6C76463DC8CCCC5C989191716D7171F178EA107CB50E51AFA857F0F801E94B72C0B859AE16D5E0693A63FA957A456741D749D8B425A93C19C9CB4DE191DC63EED7409E9E18CF07E0211D3B766C13101070D692254B06B037804A02A59FDF3BAE2EE8FABD3561C284D22EE7C74BBBAA6B1775B720AF5DD36713C2E111C3860DFB452AEDF53FFDF4531607BB757F90BB69D3A65E369BED8E863C0B2A75883A44BDA25EC1BBC4C4C44C8C8D8DFD435151514739688C90BBA2A4A456F53CD976615858584F5D864C6740AF680CF8A14A5ABBB5951C9ED3BE7D7B9D346F047B02289F2E4326C70B97EB751DCBADC1F94403B87B101F3B76ACFB18F1818DA55BBA3F55A7FECD993367FBE8D1A3D7ECD9B34717B1CF6DD9B2653093AFD4AAA4848484B8A4A4A4CB643FFF6DC890219F5387EA8EFE5D76BBDD1AF7A39755DDA60E51AFF86E4243F5F3CF3FE7FCF4D34FF2B1262C9432AD478F1EF3E5B3DD26254F1EEE2CA5ECBAB9FEFAD94B006F73F6D967FB57F41D9891BCC21417E6977F60171064DA74BE889DEFA903657F7F9B7C079E3C77EEDCD9EC0DE058BD7AF57A552E4ED7EBD75C738D193870A0475F5F576A3972E488D9B2658BEBAEF6F27DFA3E211C1E3BD81D356AD482ACACACDEBB77EF6E999F9FBFD5CFCFCF161414D49C83DE13A76BED6664647C979898B856FE139F7CE8D0A100B96FD4D0A143575087EA56D9805DD56DEA10F58AEF2634A2509E21A17C959E6C69DBB6ED4BCD9B37FFCC94B490CB7F279B8672EB3F557A7ABABF1ECC56F47FEC40CAF79584703B21DC830203035BA4A4A4B49710FE347B03389A1C1F686F9F57E4AA9FB656DF7FFFFD263838D8E3EFD3B16347B378F162FDCDD49B9D7BF6ECF9817C8F6636E47DC73AE15E44BB7FEA8554B23EA9A9A923A40C96DBAD3597B0774E580753B2D6AE8ED19BD958273AA20E5187A857D42B340CF1F1F18572B1C6594C686868F38080009D07E0FE7EFDFA0DD0F5AB51FF9C9F03C7CB40390A0B0BB5A79CD5A8DBBB776FD3A64D9B5A791F6D9C39FFFCF3CD0F3FFCE0BAEB26295309E1F0A8A14387EADAA21BD813A00E817A05F886B8B8B81CB988D63266CC984A97376B127C9229C82FBF112820A8053B1340B5B92DA758E8FC8DFF424ABCDD6E5F191515955FD97325805FE2BADEAF5FBF5AFD3BF5F5DD42F8258470000000D419ED6E7E2477EF3133A4FB3709366DBA0C640701A83109D47E0E87A3AF5CD5F2447E7E7E4E4444C44AB9EF3F7E7E7E4B77EFDE9DE0ECC1E3AE8FEBCAE9A79F5EAB7F5FD7AE5DCB7D5F42380000006A5DF3763D4CB37D9B4DD6EE75C7DCDFA2FDB9EC2000352661DBCFED7AA184725D126C88DC1CA263B1434242D22494C76B28F7F7F75F3A7FFEFC9DF25888EB39DA65BC369579FDB68470000000D4A9A28243C7DC5778F8203B06408DC4C4C4D8DCBAA45B248097CD88FA788804F070B90C2F2A2AD26EEC0572BD896B034F2D4B56115DAECC4D839F9386593F0000001A8823B9FB4CCADA774DCEBECDC73C96BB7F9B495933DBDA06003CA8BCA51A9AB8DF3878B0764F02E6E5E5B9DFCC6FE83B9496700000800640BB9FEFFBF53FC78C053FEA403533D924AD9A65DA9D31C4B4EE34C0D86CB4B700BE2A3232D27EF8F0E1AE0E87435BB1B5EB78573F3FBF567AE9BC6DDD77026F71444AA05EC9CCCCACD5D6707D7D37E98470000000D41A6DD9DEB3F54BABA5BB3A8A8B8E58DB1FDCB7D9B43FFB6A636F712A3B116864E13A3F3FBF34585714AE659BD26EDB365B4963B63C7EA26F9F20AFF1567070F03C79FDD9A664B930B37DFB76D3A953A75AFB37272525B9DF6CF02BB510C2010000BC98B66C6BB0AEA9BC03892679F55BA6FB6553D88940030CD7129C5B4BE952A6D5BAB56EE31EAC2B09D7DA6D5BD36B9A6C9BA6D78B8B8BB3F4526F6B090A0A4A92D73B548D3F6F913C77DADEBD7BE35DB3A48785852D93D7B042F8AA55ABCC25975C526BFB465FDFCD3242380000006ACDF104F0D203F3E2427620E005E1BA1ADDC26B1AAED39CE13AA9A2705DD53ADF2EE1E1E1E57F7F381C59F25AB38B8A8ADE8A8B8BFBF598201910B0401E9BAE57376EDC683232324C9B366D3CBEFFB42BFADAB56B7547B876CC478470000000D49A73863CC34E00BC506868688804D1D6AE30AD455BAEB505FB38BB851F15AE659B4C29C9AE60AD21BBB0B0305302715A2DFFD37E92F77D53BB9C4B90CFAC68235DA6CCB96CD9109D31FDABAFBE32A3468DF2F81FB368D12223FF6E57005F11131393440807000000804614AEFDFCFCB4B55AC3745767983EC538BB833B6F6BB1BB87E94A027695DDC2EB285C574AD7009732D5BDCB7935BC2E45D713B742F8A041833C3A367CC78E1DE6B3CF3E2B6D05977DF55663A8638470000000003E11AECB6BB9760BD7AEC05D51982E4B4373A67BC0D6966B6DC13E9E6EE1F568625151D182F2BA9C57253A3A7A41787878BC5C1DACADE13366CC3053A64CF1C84CE9BA2CD92BAFBC52545C5CECEFBC6B456A6A6A0C211C00000000BC305C3BBB85BB8275852DD71584EB24B780BDC719B2B505DB0AD876BB3DAD0184EB6A898989997A822F71BB94D552DAEEDEBDDB4C9B36CD4C9830E18482B8067009F48E5DBB76B902788EECF73B6AD0424F0807000000809AA8C13AD7D5ED165E6ECBB52B5C4B49AAEF2EE10D34C4278585858D95FD3857F3E5962D5BACD6F071E3C61D57D774ED82AE2DE06E015C3FD37BA2A3A37F692CFB8C100E000000A04EC3B587D7B9AEB05BB8718EBB6E4C2DD7DE28363636263C3C5C3F2F5D3B3C405BC41F79E41173D55557996BAEB9C6B46EDDBACAD7D059D07512361D03EED6055D3FF34724E8CF6B4CFB8B100E000000C0E3E1BAAED6B9265C7B0709CA51616161FA59CCD2CF5EC7887FFEF9E7D6846DBD7BF736FDFAF533A79F7EBA15C8B5ABBA7639D7E09D9494A44B9069293E7CF8B09FF97D29B21C296325E04735B67D45080700000050A92A660C3F9E70EDB175AEE13D9C2DE22B757D715DBA4CEFD330BE6EDD3AAB54C1CFEDFA0A1D03DE98BAA013C2010000001FE7DE725DC9725CAEFB2A0BD5E586EB7A5CE71AF5C8B98EF71512C66F92CFFD2EA903836B903B574879372D2D6D5E6399848D100E000000F850B836D5EC165ECDE5B8345C1D336338E11A1584F18FE4E2A351A346752C2E2EBE49EAD8C572BBAFB30EEAF8713D69932E65839465BAAD33C0377A8470000000A001702DC555D56CE1AE09CDAAD12DBCD270CD8CE1F084F9F3E7EF948B19CE02423800000050BF222323B555DAEAFA2DE1B7A333509F51D93AD755CC16EE0AD7CC180E10C201000000DF111E1E5E1AACA59CA92DD77A290FB535E52CC5E51EAAAB3B6338E11A2084030000008DD6E0C183033A74E81052545464056B6DB196BBCF700FD61ABA9DF71BF7D6EB8A5AAE3544CBE33A3ED635B1D9AFCC180E10C2010000009F919A9A6A2DAB141E1EAEEB1E9F29A158437657D71AC8AE605D1EB7EEE21AAE5DDDC2756CAC760BDF5F265C6BCB75267B1C208403000000263A3ADA5C7CF1C5A673E7CED5DAFEFBEFBF3739393966E8D0A1A5F74980357E7E7E476DB768D1223364C8101310E09D87A42B57AE34EBD7AFD7AB776B0B7699C09D23F7FDEA0CD8AE709D2C97E9B45C032084030000E0B8CD9F3FDF74E9D2A5C210FEE597C9BC28A6000006B9494441545F1E15B035BCBA82B74A4A4A328B172FD6258B4C606060E976478E1C31B366CD3263C78E353B77EE343FFEF8A3E9D6AD9B69D6AC9975FFF8F1E34DFBF6EDEBEDDF3D60C000939C9CACADE1634DC9524A8CB906400807000040EDDABA75ABC9CCACB8B7F4D5575F6D85E8EDDBB75B615C42AA757FF3E6CD8D76DBEED1A387B9FBEEBB4BB75FB56A9539E9A4934CF7EEDDADB274E952EBFE3D7BF698FEFDFB9B934F3ED9A4A7A7D76B0057A79E7AAA39FFFCF3CDA449935EA31600F0143F76010000002A535858680E1C3850E9366BD6AC31191919A64F9F3E566BB616BD9E9B9B6BB66CD972D4B6FDFAF5B3BAA2B769D3C69C71C619E685175EB0BAA5BB6877F6DB6EBB8D1D0FA051A2251C00000015D22EE37DFBF635D9D9D9556EFBF3CF3F5BADE09B376FB66EB76AD5CAEA627EDE79E71DB3ADB68EEB78EB83070F9AB7DF7EDBA4A4A4943EB663C70E131616C6CE074008070000806FF9FAEBAFCD1FFEF007AB357CEFDEBD157611D7F0AD2DDF6575EAD4C9EA66EE92979767121212CCD9679F6DDDD6D7F4F7F737AB57AF36FBF7EFB7EED3EEE8DAF2AE5DD601A0B1A13B3A0000002AF4DFFFFED75C77DD7566C48811E6CD37DFAC70BB2BAFBCD21A1BAE973A8E5A8B5ED771D53A195B6C6CACB55DD3A64DAD96719DA84D5BCE75ECF79C3973CCA04183ACF0ADB46BFAECD9B3D9F9001A255AC2010000502E6D8D4E4C4CB402B5D296EA6DDBB699B3CE3AAB741BED46BE61C386A3663DD7B5B595DEA78FE9EBE81267FBF6ED33EDDAB5B31EDBB469931933668C753D2E2EAEF47E171D475EDEB26600D0D0F1AD06000080723DF6D863D6A4692EFFF8C73FCCADB7DE6A752177D165CBB4A55CD7FAD6566FEDBADEB16347ABE8759DA0AD67CF9ED636AEA05D59B0D659D63FFDF453F3DB6FBFF1010068946809070000C0319E79E61973CB2DB758B397BBE878F0A79F7EDA5A3F7BF2E4C9263434D45A864C69177257CBB58EE56ED2A48915D0B535DCB55EB83B5D7F5B674857EE63C635BCEB63CF3EFB2CADE00008E100000068DCB4955B9708BBE79E7B4AC768BBD3B0FDFEFBEF9B1F7EF8C11414141CF5584E4E8EF9F8E38FCD934F3E69BEF8E20BEBBE909090635E4343B98E31D731E3AA6CD8D656730068AC6CEC02000000EFB164C912874E52D6901DEF586E9D815DBBB57B936FBFFDD65C71C5151C3303F018FAF8000000C0B30798C7D98DDCDB02380010C201000000002084030000000000423800000000008470000000000008E1000000000080100E0000000000211C000000000010C201000000002084030000000040080700000000008470000000000008E1000000000080100E0000000000211C0000000000423800000000002084030000000040080700000000008470000000000008E1000000000010C2010000000000211C000000000042380000000000208403000000004008070000C05107677E7E8EE2E26276841790CF21592E0AD9130008E10000008D94DD6EDF7BF0E0417684173870E040825C6C604F00208403000034524D9A3459919595C58EF002696969D97211CF9E00400807000068A4F2F3F35F4C4D4D2D70381CEC8CFA95949191D15B2E3F6657002084030000345283060D5A2501FCC7DDBB77B333EA514242C212F91C765F71C5152BD91B0008E10000008D587E7EFEE8A4A4A4BCECEC6C76463DC8CCCC5C989191716D7171F178F606004FF36717000000789779F3E6A5DF72CB2DABF6EFDF7F7DAB56ADEC414141EC943A0CE09B366DEA65B3D9FE3674E8D015EC110084700000001F3067CE9CEDA3478F5EB367CF9E1B2410E6B66CD932582ED931B527292121212E2929E9320DE043860CF99C5D02A036F04D0E0000E0C5FEF39FFF9CE3E7E7F74A4040C01FDBB56BB7B36DDBB6A7B66AD52A44EE63E79C205D075C9721D359D07512361D03AE5DD0870D1B96C0DE014008070000F0618B172FEE63B3D946C8D5C152FA4AB1B3574E58A12959073C5ECAC74CC20600000000000000000000000000000000000000000000000000000000000000000000000000000000000000000000000000000000000000000000000000000000000000000000000000000000000000000000000000000000000000000000000000000000000000000000000000000000000000000000000000000000000000000000000000000000000000000000000000000000000000000000000000000000000000000000000000000000000000000000000000000000000000000000000000000000000000000000000000000000000000000000000000000000000000000000000000000000000000000000000000000000000000000000000000000000000000000000000000000000000000000000000000000000000000F049FF0F20CBBADE532ACFAA0000000049454E44AE426082, null);
INSERT INTO `act_ge_bytearray` VALUES ('95b13b7d-912f-11e7-a391-005056c00001', '1', 'hist.var-users', null, 0xACED00057372001A6A6176612E7574696C2E4172726179732441727261794C697374D9A43CBECD8806D20200015B0001617400135B4C6A6176612F6C616E672F4F626A6563743B7870757200135B4C6A6176612E6C616E672E537472696E673BADD256E7E91D7B4702000078700000000274002030323661353634626266643834383631616334623635333933363434626565667400203138393034373161363538663466626562626336373936306565613663666161, null);
INSERT INTO `act_ge_bytearray` VALUES ('b15e5489-99e1-11e7-9702-005056c00001', '1', 'source', null, 0x7B227374656E63696C736574223A7B226E616D657370616365223A22687474703A2F2F62336D6E2E6F72672F7374656E63696C7365742F62706D6E322E3023227D7D, null);
INSERT INTO `act_ge_bytearray` VALUES ('e0f374c5-911d-11e7-a391-005056c00001', '1', '1ecc61b2-9119-11e7-b720-005056c00001.bpmn20.xml', 'e0f374c4-911d-11e7-a391-005056c00001', 0x3C3F786D6C2076657273696F6E3D27312E302720656E636F64696E673D275554462D38273F3E0A3C646566696E6974696F6E7320786D6C6E733D22687474703A2F2F7777772E6F6D672E6F72672F737065632F42504D4E2F32303130303532342F4D4F44454C2220786D6C6E733A7873693D22687474703A2F2F7777772E77332E6F72672F323030312F584D4C536368656D612D696E7374616E63652220786D6C6E733A7873643D22687474703A2F2F7777772E77332E6F72672F323030312F584D4C536368656D612220786D6C6E733A61637469766974693D22687474703A2F2F61637469766974692E6F72672F62706D6E2220786D6C6E733A62706D6E64693D22687474703A2F2F7777772E6F6D672E6F72672F737065632F42504D4E2F32303130303532342F44492220786D6C6E733A6F6D6764633D22687474703A2F2F7777772E6F6D672E6F72672F737065632F44442F32303130303532342F44432220786D6C6E733A6F6D6764693D22687474703A2F2F7777772E6F6D672E6F72672F737065632F44442F32303130303532342F44492220747970654C616E67756167653D22687474703A2F2F7777772E77332E6F72672F323030312F584D4C536368656D61222065787072657373696F6E4C616E67756167653D22687474703A2F2F7777772E77332E6F72672F313939392F585061746822207461726765744E616D6573706163653D22687474703A2F2F7777772E61637469766974692E6F72672F70726F63657373646566223E0A20203C70726F636573732069643D226C6561766522206E616D653D22E8AFB7E5818764656D6F2220697345786563757461626C653D2274727565223E0A202020203C73746172744576656E742069643D227369642D32373430463446452D413641382D343036342D413946412D344244394435454335304437222F3E0A202020203C757365725461736B2069643D227369642D44323744373834422D373538442D343744382D394435422D44313046444137433335394522206E616D653D22E68B9FE7A8BF222F3E0A202020203C73657175656E6365466C6F772069643D227369642D33393236304332362D424242432D343335392D383642302D4338373142373832323136442220736F757263655265663D227369642D32373430463446452D413641382D343036342D413946412D34424439443545433530443722207461726765745265663D227369642D44323744373834422D373538442D343744382D394435422D443130464441374333353945222F3E0A202020203C757365725461736B2069643D227369642D38344431323032322D374530382D343134412D423830442D42413934463839434539303622206E616D653D22E4BC9AE7ADBE222061637469766974693A61737369676E65653D22247B757365727D223E0A2020202020203C6D756C7469496E7374616E63654C6F6F7043686172616374657269737469637320697353657175656E7469616C3D2266616C7365222061637469766974693A636F6C6C656374696F6E3D227573657273222061637469766974693A656C656D656E745661726961626C653D2275736572223E0A20202020202020203C636F6D706C6574696F6E436F6E646974696F6E3E247B6E724F66436F6D706C65746564496E7374616E6365733D3D6E724F66496E7374616E6365737D3C2F636F6D706C6574696F6E436F6E646974696F6E3E0A2020202020203C2F6D756C7469496E7374616E63654C6F6F704368617261637465726973746963733E0A202020203C2F757365725461736B3E0A202020203C73657175656E6365466C6F772069643D227369642D44423241454344302D463130372D343842352D423046392D3837383537303131384133462220736F757263655265663D227369642D44323744373834422D373538442D343744382D394435422D44313046444137433335394522207461726765745265663D227369642D38344431323032322D374530382D343134412D423830442D424139344638394345393036222F3E0A202020203C6578636C7573697665476174657761792069643D227369642D37324543433246342D313539302D343934362D384438432D424237333244414539303437222F3E0A202020203C757365725461736B2069643D227369642D42354634464338342D353432302D343045312D394545462D32353543344641353332374222206E616D653D22E79BB4E68EA5E4B88AE7BAA7222F3E0A202020203C757365725461736B2069643D227369642D31313546333034342D314643392D343834332D384430422D30324336343844304542393322206E616D653D22E983A8E997A8E7BB8FE79086222F3E0A202020203C656E644576656E742069643D227369642D45364237324331442D443130382D343736372D413942312D323633463830464144434345222F3E0A202020203C73657175656E6365466C6F772069643D227369642D31323334463634392D343034432D343233322D383546322D3033354541363830393338412220736F757263655265663D227369642D42354634464338342D353432302D343045312D394545462D32353543344641353332374222207461726765745265663D227369642D37324543433246342D313539302D343934362D384438432D424237333244414539303437222F3E0A202020203C73657175656E6365466C6F772069643D227369642D32304645413637322D454537322D343141452D394544312D3730444641334636333141362220736F757263655265663D227369642D31313546333034342D314643392D343834332D384430422D30324336343844304542393322207461726765745265663D227369642D45364237324331442D443130382D343736372D413942312D323633463830464144434345222F3E0A202020203C757365725461736B2069643D227369642D32444436313641352D333441372D344336422D393037442D39313230313635433434393522206E616D653D22E4BABAE4BA8BE983A8222F3E0A202020203C73657175656E6365466C6F772069643D227369642D39303642413946362D323642342D344644452D423241382D4442333331453030344639382220736F757263655265663D227369642D32444436313641352D333441372D344336422D393037442D39313230313635433434393522207461726765745265663D227369642D45364237324331442D443130382D343736372D413942312D323633463830464144434345222F3E0A202020203C73657175656E6365466C6F772069643D227369642D30343637353131322D364631422D344534332D424446432D36433436334641363343324322206E616D653D22E5A4A9E695B03E3D332220736F757263655265663D227369642D37324543433246342D313539302D343934362D384438432D42423733324441453930343722207461726765745265663D227369642D31313546333034342D314643392D343834332D384430422D303243363438443045423933223E0A2020202020203C636F6E646974696F6E45787072657373696F6E207873693A747970653D2274466F726D616C45787072657373696F6E223E3C215B43444154415B247B6461793E3D337D5D5D3E3C2F636F6E646974696F6E45787072657373696F6E3E0A202020203C2F73657175656E6365466C6F773E0A202020203C73657175656E6365466C6F772069643D227369642D44354343323846392D434545442D344137462D384534432D30383244353537453644424122206E616D653D22E5A4A9E695B0266C743B332220736F757263655265663D227369642D37324543433246342D313539302D343934362D384438432D42423733324441453930343722207461726765745265663D227369642D32444436313641352D333441372D344336422D393037442D393132303136354334343935223E0A2020202020203C636F6E646974696F6E45787072657373696F6E207873693A747970653D2274466F726D616C45787072657373696F6E223E3C215B43444154415B247B6461793C337D5D5D3E3C2F636F6E646974696F6E45787072657373696F6E3E0A202020203C2F73657175656E6365466C6F773E0A202020203C73657175656E6365466C6F772069643D227369642D41324541424432412D444530392D344445432D383744342D3036374132374446423739452220736F757263655265663D227369642D38344431323032322D374530382D343134412D423830442D42413934463839434539303622207461726765745265663D227369642D42354634464338342D353432302D343045312D394545462D323535433446413533323742222F3E0A20203C2F70726F636573733E0A20203C62706D6E64693A42504D4E4469616772616D2069643D2242504D4E4469616772616D5F6C65617665223E0A202020203C62706D6E64693A42504D4E506C616E652062706D6E456C656D656E743D226C65617665222069643D2242504D4E506C616E655F6C65617665223E0A2020202020203C62706D6E64693A42504D4E53686170652062706D6E456C656D656E743D227369642D32373430463446452D413641382D343036342D413946412D344244394435454335304437222069643D2242504D4E53686170655F7369642D32373430463446452D413641382D343036342D413946412D344244394435454335304437223E0A20202020202020203C6F6D6764633A426F756E6473206865696768743D2233302E30222077696474683D2233302E302220783D2232302E302220793D223133352E30222F3E0A2020202020203C2F62706D6E64693A42504D4E53686170653E0A2020202020203C62706D6E64693A42504D4E53686170652062706D6E456C656D656E743D227369642D44323744373834422D373538442D343744382D394435422D443130464441374333353945222069643D2242504D4E53686170655F7369642D44323744373834422D373538442D343744382D394435422D443130464441374333353945223E0A20202020202020203C6F6D6764633A426F756E6473206865696768743D2238302E30222077696474683D223130302E302220783D2239352E302220793D223131302E30222F3E0A2020202020203C2F62706D6E64693A42504D4E53686170653E0A2020202020203C62706D6E64693A42504D4E53686170652062706D6E456C656D656E743D227369642D38344431323032322D374530382D343134412D423830442D424139344638394345393036222069643D2242504D4E53686170655F7369642D38344431323032322D374530382D343134412D423830442D424139344638394345393036223E0A20202020202020203C6F6D6764633A426F756E6473206865696768743D2238302E30222077696474683D223130302E302220783D223234302E302220793D223131302E30222F3E0A2020202020203C2F62706D6E64693A42504D4E53686170653E0A2020202020203C62706D6E64693A42504D4E53686170652062706D6E456C656D656E743D227369642D37324543433246342D313539302D343934362D384438432D424237333244414539303437222069643D2242504D4E53686170655F7369642D37324543433246342D313539302D343934362D384438432D424237333244414539303437223E0A20202020202020203C6F6D6764633A426F756E6473206865696768743D2234302E30222077696474683D2234302E302220783D223533302E302220793D223133302E30222F3E0A2020202020203C2F62706D6E64693A42504D4E53686170653E0A2020202020203C62706D6E64693A42504D4E53686170652062706D6E456C656D656E743D227369642D42354634464338342D353432302D343045312D394545462D323535433446413533323742222069643D2242504D4E53686170655F7369642D42354634464338342D353432302D343045312D394545462D323535433446413533323742223E0A20202020202020203C6F6D6764633A426F756E6473206865696768743D2238302E30222077696474683D223130302E302220783D223339302E302220793D223131302E30222F3E0A2020202020203C2F62706D6E64693A42504D4E53686170653E0A2020202020203C62706D6E64693A42504D4E53686170652062706D6E456C656D656E743D227369642D31313546333034342D314643392D343834332D384430422D303243363438443045423933222069643D2242504D4E53686170655F7369642D31313546333034342D314643392D343834332D384430422D303243363438443045423933223E0A20202020202020203C6F6D6764633A426F756E6473206865696768743D2238302E30222077696474683D223130302E302220783D223631352E302220793D2236302E30222F3E0A2020202020203C2F62706D6E64693A42504D4E53686170653E0A2020202020203C62706D6E64693A42504D4E53686170652062706D6E456C656D656E743D227369642D45364237324331442D443130382D343736372D413942312D323633463830464144434345222069643D2242504D4E53686170655F7369642D45364237324331442D443130382D343736372D413942312D323633463830464144434345223E0A20202020202020203C6F6D6764633A426F756E6473206865696768743D2232382E30222077696474683D2232382E302220783D223931352E302220793D223138302E30222F3E0A2020202020203C2F62706D6E64693A42504D4E53686170653E0A2020202020203C62706D6E64693A42504D4E53686170652062706D6E456C656D656E743D227369642D32444436313641352D333441372D344336422D393037442D393132303136354334343935222069643D2242504D4E53686170655F7369642D32444436313641352D333441372D344336422D393037442D393132303136354334343935223E0A20202020202020203C6F6D6764633A426F756E6473206865696768743D2238302E30222077696474683D223130302E302220783D223631352E302220793D223138302E30222F3E0A2020202020203C2F62706D6E64693A42504D4E53686170653E0A2020202020203C62706D6E64693A42504D4E456467652062706D6E456C656D656E743D227369642D33393236304332362D424242432D343335392D383642302D433837314237383232313644222069643D2242504D4E456467655F7369642D33393236304332362D424242432D343335392D383642302D433837314237383232313644223E0A20202020202020203C6F6D6764693A776179706F696E7420783D2235302E302220793D223135302E30222F3E0A20202020202020203C6F6D6764693A776179706F696E7420783D2239352E302220793D223135302E30222F3E0A2020202020203C2F62706D6E64693A42504D4E456467653E0A2020202020203C62706D6E64693A42504D4E456467652062706D6E456C656D656E743D227369642D41324541424432412D444530392D344445432D383744342D303637413237444642373945222069643D2242504D4E456467655F7369642D41324541424432412D444530392D344445432D383744342D303637413237444642373945223E0A20202020202020203C6F6D6764693A776179706F696E7420783D223334302E302220793D223135302E30222F3E0A20202020202020203C6F6D6764693A776179706F696E7420783D223339302E302220793D223135302E30222F3E0A2020202020203C2F62706D6E64693A42504D4E456467653E0A2020202020203C62706D6E64693A42504D4E456467652062706D6E456C656D656E743D227369642D44423241454344302D463130372D343842352D423046392D383738353730313138413346222069643D2242504D4E456467655F7369642D44423241454344302D463130372D343842352D423046392D383738353730313138413346223E0A20202020202020203C6F6D6764693A776179706F696E7420783D223139352E302220793D223135302E30222F3E0A20202020202020203C6F6D6764693A776179706F696E7420783D223234302E302220793D223135302E30222F3E0A2020202020203C2F62706D6E64693A42504D4E456467653E0A2020202020203C62706D6E64693A42504D4E456467652062706D6E456C656D656E743D227369642D31323334463634392D343034432D343233322D383546322D303335454136383039333841222069643D2242504D4E456467655F7369642D31323334463634392D343034432D343233322D383546322D303335454136383039333841223E0A20202020202020203C6F6D6764693A776179706F696E7420783D223439302E302220793D223135302E30222F3E0A20202020202020203C6F6D6764693A776179706F696E7420783D223533302E302220793D223135302E30222F3E0A2020202020203C2F62706D6E64693A42504D4E456467653E0A2020202020203C62706D6E64693A42504D4E456467652062706D6E456C656D656E743D227369642D32304645413637322D454537322D343141452D394544312D373044464133463633314136222069643D2242504D4E456467655F7369642D32304645413637322D454537322D343141452D394544312D373044464133463633314136223E0A20202020202020203C6F6D6764693A776179706F696E7420783D223731352E302220793D223130302E30222F3E0A20202020202020203C6F6D6764693A776179706F696E7420783D223932392E302220793D223130302E30222F3E0A20202020202020203C6F6D6764693A776179706F696E7420783D223932392E302220793D223138302E30222F3E0A2020202020203C2F62706D6E64693A42504D4E456467653E0A2020202020203C62706D6E64693A42504D4E456467652062706D6E456C656D656E743D227369642D44354343323846392D434545442D344137462D384534432D303832443535374536444241222069643D2242504D4E456467655F7369642D44354343323846392D434545442D344137462D384534432D303832443535374536444241223E0A20202020202020203C6F6D6764693A776179706F696E7420783D223536322E343332343332343332343332342220793D223135372E3536373536373536373536373538222F3E0A20202020202020203C6F6D6764693A776179706F696E7420783D223631352E302220793D223138392E3536353231373339313330343334222F3E0A2020202020203C2F62706D6E64693A42504D4E456467653E0A2020202020203C62706D6E64693A42504D4E456467652062706D6E456C656D656E743D227369642D30343637353131322D364631422D344534332D424446432D364334363346413633433243222069643D2242504D4E456467655F7369642D30343637353131322D364631422D344534332D424446432D364334363346413633433243223E0A20202020202020203C6F6D6764693A776179706F696E7420783D223536332E3933393339333933393339342220793D223134332E3933393339333933393339333934222F3E0A20202020202020203C6F6D6764693A776179706F696E7420783D223631352E302220793D223132312E3733393133303433343738323631222F3E0A2020202020203C2F62706D6E64693A42504D4E456467653E0A2020202020203C62706D6E64693A42504D4E456467652062706D6E456C656D656E743D227369642D39303642413946362D323642342D344644452D423241382D444233333145303034463938222069643D2242504D4E456467655F7369642D39303642413946362D323642342D344644452D423241382D444233333145303034463938223E0A20202020202020203C6F6D6764693A776179706F696E7420783D223731352E302220793D223231352E3037353735373537353735373536222F3E0A20202020202020203C6F6D6764693A776179706F696E7420783D223931352E303637343034393138343336322220793D223139352E3337323134393531353630383538222F3E0A2020202020203C2F62706D6E64693A42504D4E456467653E0A202020203C2F62706D6E64693A42504D4E506C616E653E0A20203C2F62706D6E64693A42504D4E4469616772616D3E0A3C2F646566696E6974696F6E733E, '0');
INSERT INTO `act_ge_bytearray` VALUES ('e13c64a6-911d-11e7-a391-005056c00001', '1', '1ecc61b2-9119-11e7-b720-005056c00001.leave.png', 'e0f374c4-911d-11e7-a391-005056c00001', 0x89504E470D0A1A0A0000000D49484452000003B90000010E08060000004CF7D0240000270E4944415478DAEDDD0B905D759D27F05661105906D9C2659812C17930198AA5A61CA6D042AD2CEA02C208943497EE0EA1976189C3284684F5994A4AA40CB184D18C85322C4A260B52D954CC643281A4F3B649561E8B311024921843272131D3C69007063CFBFF9DE9D37B73FBFDCCBDDD9F4FD5AFEEED7B4F3F72F3BBF7FEBFF7FF3FE7D4D501000000000000000000000000000000000000000000000000000000000000000000000000000000000000000000000000000000000000000000000000000000000000000000000000000000000000000000000000000000000000000000000000000000000000000000000000000000000000000000000000000000000000000000000000000000000000000000000000000000000000000000000000000000000000000000000000000000000000000000000000000000000000000000000000000000000000000000000000000000000000000000000000000000000000000C932CCB8EDBB265CBBCF5EBD7BFB17CF9F26CD9B2656A94ABA5A5255BB366CDAF524DD29100000043100177EDDAB5D9EEDDBBB3D75E7B4D1DA3DAB3674FB67AF5EA7D29F05EA32B0100000629667005DCAA09BAAF2D5BB66C93AE04000018A458A22C60564FA5907B44570200000C52EC132A5C5655C8CD74250000C00887DC577FBD33DBF2E4F7B2E75ABE92575C8FDB045321170000A0A642EEFEF6B66CE3E3D3B29F2CBEE3A88ADBE23EE154C8050000A89990BBFDB97FEE12708B7AF9B945C2A9900B0000503B2177D3CABB7B0CB9719F702AE4020000D44CC8DDB86C468F2137EE134E855C000000215709B9000000A31D72E368CA3D85DCB84F3815720100006A26E46E6EFD871E436EDC279C0AB9000000351372F7B66DC8362E9DDE75A972BA2DEE134E855C0000809A09B9515B9F9AD325E4C66D82A9900B0000505B21F7F0E16CF313F7755DAA9C6E8BFB845321170000A02642EEFEF6B6ECC5D6D93DEE931BF7C53602AA900B000050BD21F7F0E16CE7E615D94F1FFB628F01B7A8D826B635AB2BE4020000545DC8ED6BF6D6ACAE900B0000503321B73FB3B7BDCDEA0AAB422E000040D584DCC106DCA2845521170000A06A42AE1272010000845C25E402000008B94AC80500001072855C000000845C2117000040C855422E00008090AB845C0000002157C805000040C81572010000845C25E402000008B94AC8050000107295900B000020E40AB900000008B9422E00008090AB845C000000215709B900000042AE900B000080902BE402000008B94AC80500001072D530D575D75DA7941A81F26A0F0020E48E58A55F9BCD9A35EBA8D9CBC6C6C66CE1C285D9C9279F9C6DDCB8B1F3BE1D3B76E4DBC76D9B376FCE2EBFFCF2BC62DB33CF3C33BBFFFEFB8FFAD94B972ECDB73F70E040B678F1E26CF2E4C9F9B6F13DCDCDCD6672611C1272010084DC11A9D5AB57E781F3CE3BEFCC83E8A38F3E9A4D9C3831AF08B345009E3B776E7EFD85175EC856AE5C995D78E185D9C73FFEF13CB81E3A74A8F3E79D74D249D925975CD22540DF73CF3D5DB68DDBBFF0852F747EBD6BD7AEECE28B2FCEFF9EF87DEF7BDFFBF2D99EF8BA08C673E6CCC94E3CF1442117845C000084DCAEB57FFFFEACB5B5B5F3EB254B967406D098A58DFB8ADBCA67716376B6BB9F571972172C589015FF9EF8BECF7DEE739DD7AFBEFAEA2EDF1F4138EE8B19DF62BB071F7C30BF8CA01BE137668B855C1072010010727B5CAA1C0172EBD6ADF9F56DDBB67586DCB8DCBE7DFB51B3AD715B4F7F6379C8DDB06143BEEDFCF9F38F9AB58DEB119C63D638AEC7CC70E5DF13B3B6C5F558161D970F3FFC7067C82EFF9B845C107201001072F3C01861F2BCF3CECB66CF9E9D07D408A4679D75563661C284FCFEE5CB97E7A1B7F89EBD7BF7F67B26B7BDBD3D0FBAEBD6ADCBDEF39EF7E461F594534EC9BF2EB62F0275CCF8EEDBB72FFF7BE2EB071E7820FF9BE2FABC79F3CCE482900B008090DB7745688D401BC13402E6F1C71FDF6549725DC7CCEB40436E5404DBF8B911609F7AEAA97CF9737C5DD409279C9007DAF2E5D395BFBBF87B622637EE8F19662117845C000084DC2E15E1B3325416CB8C8B834D955F1F68C88D6DA3D6AE5D9B1F742AF6B92D6E8FE5CA3D2D9F2E962BC7EF296677E36F889F1D33BA422E08B9000008B9DD1E782A02E445175DD419268B7D7363E6350E1415D79F7FFEF94185DCA22238C79193CB836C4F21F7D4534FCD9737C7919F238417DBC74CAE530881900B008090DB63C57EB3112063DFDBF2A32AD775CC9C46A8ADDC8FB77CFBF27D6B3BC26076CB2DB71CB5BFEDB9E79E9B07E7F273E4C6ED710AA2E27A04DA975E7A29BF7ECE39E7E4BF274271714AA1BA8E7D728BEBB1EFB0900B422E5528CBB2E3B66CD9326FFDFAF56FC49B45BC88AAD1AD9696966CCD9A35BF4A35490FA9F1D843FA4A5F31BE436E6F475C2E4EE3535E719EDCB82F0269E57D31F35BD771CA9FEE7E66F939727B9B591EC8F6422E08B954991844C63E2ABB77EFAE8A17F1F15A7BF6EC894F90F7A541E5357A488DB71ED257FA0A215709B920E4326C6296C420B26A0693AFA537B14D7A488DB71ED257FA0A215709B920E4326C2AF76751C7FC4DEC881E52E3AD87F495BE42C855422E08B97813F326A687D4981E08E92B7D85E7A0F21C042197117D137BF5D73BB32D4F7E2F7BAEE52B79C5F5B8CD1B8F37313DA487F495BE42C8559E8320E452536F62FBDBDBB28D8F4FCB7EB2F88EA32A6E8BFBBCF908B97A480FE92B7D8590AB3C0741C8A566DEC4B63FF7CF5D069145BDFCDC226F3E42AE1ED243FA4A5F21E42ACF411072A99D37B14D2BEFEE712019F779F31172F5901ED257FA0A2157790E82904BCDBC896D5C36A3C78164DCE7CD47C8D5437A485FE92B845CE53908422E06924AC8D5437A485FE92B845CE53908422EA3FD2616472CED692019F779F31172F5901ED257FA8AEA3671E2C4E3D280EEBE5477A69AD1D0D07053BA6CBEF6DA6B3F9C2E27A6AFDF9F2ECF8E8A6D855CCF41107219D303C9CDADFFD0E34032EEF3E623E4EA213DA4AFF4153531A0FB5E0CEAFA511B855CCF41107219D303C9BD6D1BB28D4BA7775D0E986E8BFBBCF908B97A480FE92B7D45F56B6C6CFC8B34A83BD247C03D9C6ABA90EB3908422E637A2019B5F5A9395D0692719B371E6F627A480FE92B7D45ED68686858D64BC0FD657D7DFD1F0CE439A83C0741C8A5360792870F679B9FB8AFEB72C0745BDCE7CD47C8D5437A485FE92B6A26E45ED55DC02D954AEDE9BE0903FDA049790E82904BCD0D24F7B7B7652FB6CEEE71BFB7B82FB6F10624E4EA213DA4AFF415D56BC68C196F4E21F6AF532D4F03BB372A42EEFE54170CF88326E53908422E3535903C7C38DBB97945F6D3C7BED8E320B2A8D826B6357322E4EA213DA4AFF415D5A5A9A9E9F753B09D9A06733F4FF57F4AA55253BAFC6679C84DF74F1AE8074DCA7310845C6A6A20D9D70C8999136F627A480FE92B7D45754B61F69C34809B9D6A6FAA87D3D7EF2D1BD89D5D7600AA1903FAA049790E82904B2D0E24FB3343D2DBCC89372321570FE9217DA5AF6ADCDB6BF4EF7E534343C3A569E0F6AFA976759C13F70FBBDB306DF748BAEF9FE29CB842AEE72008B98CF9903BD8416451DE8C845C3DA487F495BEAA6197A6CA3A2E6B427D7DFD7F4883B5BF4BC1F58574F94CAAE6CB2EBBEC843EBEE74F9A9B9BDF3A90E7A0F21C0421979A1D482A6F627A480FE92B354E07D81F4ED59EEADE8ECB2BAAF98F6D6C6CFCA33448BB27D5AF52CD4BF501CF41CF4140C81572BD897913D3437A485F2903ECF2805B04DB98C9DD538D41B7A1A1E1E234385B986A77AA99A9CEF41CF41C04845CBC897913D3437A485F2903EC9E026E5FB78FBAFAFAFA13D380ECE6543FEDA8FF1EB7790E7A0E02422EDEC4BC89E9213DA4AF940176B94BFB08B2C5FDC7641FDD1464DF552A95EE4E83B13DA97E18B3B89E839E838090DBAD2CCBDEBA61C386290F3DF4D0EA993367EEBBF5D65B8F343737E7E78B9B3469D2EFFEF66FFFF6B52F7DE94B5BEEBEFBEEB9A9FE4CC855DEC4F4901ED257FA6ACC06DCBE02ECA8CFE8C6FEB529DCFEEFD8DF3605DB6FA4B0FB6ECF41CF4140C8ED31DCCE9F3F7FCE9D77DE7964EAD4A9D977BFFBDD6CFDFAF5595B5B5B76E8D0A12CC4E5EEDDBBB3A79F7E3A4B2138FBF4A73FFDBBCF7CE633BFB8F9E69B6F12729537313DA487F495BE1A133E5C37B019DA816E3F607144E4146CFF5BAAFF9B065F9B52B8BDE5FAEBAF3FC9735009B920E4F62885D91BBFFAD5AF1EBEE38E3BF200FBFAEBAF67FDF5ECB3CF669FFFFCE75F9F3265CAA638ECBE90ABBC89E9213DA4AFF455CD07DC2B06F17DFB873BE8C6B96C53A0FD6ABA7C2505DCC58D8D8D97A49BDF742C1FA0E5CB97EBFDEAA943E9397844240121F72829A31EB770E1C2159FF8C427B2458B160D28DC567AECB1C7B21B6FBCF1E05899D535903490D4437A485FA971167287BAF478D8962EA740FBDE146E1F4903ADBDE9FAB752B8FDD36A7990D6AC59B33356B5E9FF635F6D6D6D3F48CFC14D220908B94705DC55AB56FDF8539FFA54F6E28B2F66C3E117BFF8459602F3C19B6EBAE9EF0C249590AB87F490BED25735A3AF834C8DF8CFA9AFAFFFBD146C27A5C1D58F536D4EE1F6D34D4D4DBF5F6D0FD48A152BAE4CE3A75FBFF2CA2B073D078EDD0C6E04DC9696966DA9AE114940C8ED1433B81170E3D3C8E1143FEFE69B6FDE1F6F5406924AC8F57FA787F495BEAA99803B5C4B8D0734A39BC60BA7A701D5F4543B522D4DE1F68A193366BCB99A1FB014ACAE48FFF74FC652D9E80135EA158FFB26011784DCA3C43EB8B14479B86670BB9BD19D3C79727B7AE39A6020A9845CA587F495BEAA5A95078D8AFD5D6FA81BF87EAF95DFD7E7C1A81A1B1BFF320DA4E6A4FAB754F7D5D7D79F6B680920E40E4A1C45F92B5FF9CA6BB10FEE485ABC78F1C1A6A6A67506924AC8557A485FE9ABAA0EB8579405D5FF1943858ECBFE06DD9EBEAF4BD09D3871E27169F0544AD59A6A6BAADB9B9B9BDF6E480920E40EC982050BFE571C45F9B7BFFD6D36D26EB9E5965DB5BA6CD940D240520FE9217DA5C6705F75B7A4F8868EA09A0D20E89607DCA22697DD9F2F853EEDB4D31AD3A0E98BA9B6A75A99EAEAFAFAFAB7184A0208B94316B3B8711EDC384DD068F8C94F7EF25AADCEE61A481A48EA213DA4AFD418EDAB9E0E0ED55D60ED2DE876B7FD0395DBBFED6D6FFBE855575DF5C6473FFAD1A50D0D0DE71B3E0208B9C36AC3860D53E26053433955D040DD78E38DBBD2037576B53C06E90D7659AAF71B481A48EA213D544DF495BE1A897EE925E05E3A80E0DA5DD0ED57C02D0FBA75C37B702B0084DC7FF7D0430FAD7EE08107B2D174EFBDF73E1BFBDC54D37F5A540C10E23C7C069206927A480FE92B556B7DD5DF7EA9D0E7C1A0FA19740714702B7EFF9EBA61388F2E00426EA7993367EE5BBF7EFDA886DC279E78E217E9815A546D03C9B25AD2DDA7E1069206927A480FE92B55ED21B7AF7EE926E0F63760F61474DF3CC8805B18AEF3F10220E4FEBB5B6FBDF5C8CE9D3B4735E4EEDAB56B771C68A28A07929D9F86970F100C240D24F5901ED257AA86426EB7FD32C880DB5BD0FDD91002EE50FF1E0084DCAE9A9B9BB343870E8D6AC88DDF971EA843D53E902CFF343C967E19481A48EA213DA4AF54AD85DCCA7EA91BFACC697741772801B732E8DA471740C81DFA1F7C2CF4E3CDB8EA6A2C0F24F7EFDF5F737FB31E52E3B187F495BE1A8E4A6FFFF70E71F8F0E66E66707FD671FB50DCDBF1B39C271740C81DBC1B6EB8E177A33D937BF0E0C15D353293FB64A954BA224E541FDBD5C240F2CC33CFCC2EBBECB2CEAFDBDBDB3BAFC7C0E1FBDFFF7E7EFDC08103D9E2C58BB359B36665EF78C73BB29B6EBAA9F3F6D86EE9D2A5664BC6690F95F7CB17BEF0855EB759B97265BE5DBC86947FDF5D77DD65C66D1CF5D5C2850BF3D791BEFA69FAF4E99D5F6FDBB62DBFEDA5975EEA572F4E9B36ADD76DD6AD5B976FB77DFBF62C3D2E794D9E3C39FFDBE2F6AD5BB78EE799DCA3FAA5AEEFA3290F6526B73FE7D135930B20E48EAC4F7DEA53AF8DF63EB93B76ECF85995EF935B3920A8AB958072D2492765575F7D75E7C0B00821BB76EDCA2FFFFEEFFF3EBFAF0825C520330686975C7249E780F0CA2BAFECBC5E1E940594B1DF43456889FFFB6BAFBDB6CFF011E1A6D83EFA282E2FBAE8A2CEDBFA1362F4506DF55504CAE88DA8F87F3EFDF4D3F38AEB45E09D346952975ED9B06143B677EFDEEC831FFC60677F3CFCF0C3D9A38F3E9A9D7AEAA9BDF659F1DAD5DB36B367CFEE5C9952F45EFCBEB81EBF631C86DC6EFBA52C50EEAF1B997D72071374ED930B20E40E9F69D3A66D1EEDA32B3FFEF8E3FF5AA547575ED7D0D070550F0382AA0E28314B1183C608B913264CC866CE9C990F36F6ECD9935F3EFBECB3470D02376FDEDC39C89C33674E7E1903C3F9F3E7770E54E3B67DFBF60928E3A4878A8A60500484E8ABB8BE7AF5EA2EDBC56D315B162B078A7F57F4D2CB2FBF9CAF1238FFFCF3CDE48ED1BE8A0FC9E2B521FEBF8BD78ACB2FBF3CBF7EC20927648B162DEADC363EF828B6B9FFFEFBB3D34E3BADF343B722804E9932A5CF00DB5BC85DBB766DDE73C5B64F3DF554E7EC6D5CDE7EFBEDE36D9FDC5EFBA59B60D9DF99D39E4E13D4DDD1950712741D5D1940C81D5E5FFFFAD71F18EDF3E44E9F3E7D71959D27B7B74FBB6B22A01433B3A79C724A3E0B5B0CF6CA672FE2EB071F7CB07359727C4FDCF6CD6F7E33BFAD187096CFB23CF3CC3302CA38E9A1F225A4450F44450089DBDEF39EF7E4F797F74ACCF2C70729DFFEF6B7BB84959EC2B11E1A1B7D55F97A51FEE158777F4F5DC74CEEF2E5CB3BB79B3B776E7E191FAE15E1B4A7901B1FDEC5F715DF53BC3615AB072270C70CF26DB7DDD665254BF4E7BBDFFDEEF11072FBD52F3D04DDBE02665FE7C1EDEB3CBA3DB9A0CE79720184DCE1F6E52F7FF98F3FF9C94FBEF1FAEBAF8FDAC1951B1B1B5F4A0FD4D9B5F69F5B0BB370116263A0F7E31FFF381F64B4B6B61E35508C0162F175319B12153321C592C1A953A7E683C918147EE0031F1050C6490F4568881E880F40BABBFF3BDFF94EDE2B4B962CC9836D650839E79C73F27DB9AB3DD8D67A0F555BC8ADFCDD95AF33E5B7C70A9398E92F96C4C7AC6F7FF70FEF6D26F7F9E79FCF5FEB62BBE243BFB81E813A42F059679D957DE4231FD1573DEB6B26B5AF805B37C8A05B2C99BECAF01140C81D76B7DD76DBCF9F7EFAE9D15AAA3C373D486B0D2487B72274C48C6C0C2AE2B450E5332731C82BBE8EFDDF8AEFB9E79E7BF2FDE88AC1612C3D8D257F31F88C19E1188CC6ED11980594B1DD43F181472C318D03F57457D113B1CCB4725969B11C3EAA7C262F6ADEBC7955BB3FB7903BF48AFFDBF87F8E0FC2CAFBA432F8466FC501EFEACA9634572E712EBE8E503A98905B2CB18FBF69C78E1DF9EB5E5DC7BEE1BD056F7DD52570761774FB1B70071A748BDF27E00208B923E36FFEE66FEA3FFBD9CF1E1985D9DCF6C6C6C6671A1A1A2619480EFF32D3082931A88B99D86260F7577FF557F9C0B1D8476DE3C68D9D4BFC62462EC26CCCC844B88D59E0BAB28354C5EC485DC7923F0165ECF750F911928BE5C79533B645C5FE980B162CC8676FE34392F8DE580D50DC1F1F9014FB85C752542177ECF5557170A778CDE92DE4BEF0C20BF96B4D5DD912E3B8BF089D71FBC73FFEF141CFE41647842F3E5889907BFCF1C7772E558EDBA217F555BFC48C6EE5D2E11BEA067E1EDCEE82EEE4E2CEB7BDED6D57D6D9071740C81D0D53A64CD910216924C5FEBF318B3BC0FD8504940154E53EB9E79E7BEE5183C43830553103577E74E5F8B71521370685C5ED75154B9E0594B1DF43C5871B71D09EE2E042111C2A97AA960790E27BBEF4A52F75CEF0C541862C571EFB2137026C7F972B17C70838F9E493F37D6C8BFD6B23080F65B972F121CD79E79D9707E9D83E3EF82BAE1707DCD357FD0EBAE507A32A0FACFD09B875BD7D5F0AB897A7F7A8373EF4A10F7DBFBEBEFEF70C1B0184DC91FEC3CFBEF1C61B0FBEF8E28B231270376CD8B030FD8E9D0D0D0D130C244766C01941E3C4134FCC6EB9E596CED9B4082931C848FFB79D83C5E27A79C88D81EAFBDEF7BECE83B6C412E562BF3633B9E327E416CB3C23C446EFC46511607BDAA731EE8BDE89A5F0F14149048DE248B742EED8EBABE268C9C5C1A22A97B5C76D7130C3B88CD9FEF27D64E303B4E2E714AB4B6EBDF5D6FC324E4B54FCFC389D5954F9CFBCF8E28B3BBF2E3E888BD05C7C1817AF7DC581D3223C1707A42A964A1707DDD357FD52B9743902EAE4BA819F16A8F2FBF200FDAE77BD6B72A9545A90C6043F4B97FFD5D01140C81D5193264D6A9A3265CA81DDBB770F6BC04D61EB478D8D8DDB6A759972AD059418DCC512BE08AE679C71C651E7292D66E7CA034ACCA2C4BFADFC2053B16439664EEA3A4E2D24A08C8F1E9A366D5AFE7F7EE18517E641215677C412F7223C942F498EA5F0113822E0C6117663C6B798998BDB8B70E13CB9FAAAE371CE779D880F40E248DDE5FB771741B5F840AD7CE97C7F4F7B15977120ABF850267E5FF46765A0EEE9E8CDFAAA5F4177A8BA2C854EE3828FA641D3CF53CD6B6A6A7AA7212480903B62D21BCD8D37DF7CF3FEE19AD18D19DC08B8A552E9F306924AC81D3B3D34D020A287F495D7A6711B747BFC39CDCDCD6F4D03A7E9A9F6343434FC8F34FE38DE501240C81D1129905E3769D2A47D3FFCE10F5F1DC2C1A8DABFF18D6F7C2F9628A76A36905406927A480FE92B7D55732AF7D11D91EF6F6C6CFCA33456F89754CF5F7BEDB5FFC5701240C81DA97FC8D9E94D67F9942953763DF3CC330707721EDCA54B973E9242F2937190A95ADE07D740D240520FE9217DA5C679C82D0FAA039DD1FDF0400372A954BA328D1DB6A67A388D23CE30AC04107247EA1F744D84DDE6E6E6DD3367CE7CEE473FFAD1B6B6B6B69DB154311C3C7870D78E1D3B7ED6D2D2F22F3366CC58D2D4D4B425C26DCCDED6EA51940D240D24F5901ED2574AC8ED36B05E3142DB77AAAFAF3FB1A1A1E1ABB18439D567C6DA580240C8AD22715088F4A633350E10D1F129EBA1F8C7765C6E4FB528D5ED31033C56FF730D240D24F5901ED2576A9C86DC8104D70B52ED4F75D5507E596363E39FA631C5E3A5526943BAFC80212680908B81A481A41E5242AED257C3EDD28E007B692FF7EF196AC0AD18585D93EA970D0D0D0FA53ADD680440C8C540D240520F292157E9ABE1D4D38CEE709F76A8D3F5D75F7F52A954BA3B0DB276A7CB4FD6D7D7BFC5A80440C8C540D240520F292157E9AB910ABA231670CBA580FBE70D0D0D2BD260EB9974FDBD462600422E069206927A4809B94A5F0D77D0BD7734026EB914741BD280EBE5540FA4ABA719A10008B918481A48EA2125E42A7D351C621FDCAC6EF0E7D11DB48F7DEC6327A741D73DA95E494177CA8C1933DE6CA402302C817651C701867BAB273D5242AE3290D4437A485FE9ABB1EAEDC7F297373535FDE734D85A93EAC7A92E305A011872C8BD20D591DE426EA954BAC22325E42A03493DA487F495BE62640765D7A7DA91065EDFA9AFAFFF8F1E118021BDA62EE925E4AE730E7321571948EA213DA4AFF415A32085DB53D2E06B76AA5DA96E4C37BDC9A30230A8907B414F21B7A1A1E12A8F9090AB0C246BB2875E7DF5D56CE3C68DF9E5506ED743FACA6B13A3ADB1B1F12FD240EC89A8B8EE11011854D0ED6EDFDC27CDE20AB9CA40B2667B28026BFA93F3CBA1DCAE87F495D7268E9137C56C6EC7ACEEEC98E5F590000C28E476D937D7BEB842AE32901472F590BEF2DAC431D6D8D8786A1A98DDD7B1BFEE648F0840FFA5D7CD056671855C652029E40AB9FACA6B93905BBD33127104E6357144668F0840BF42EE7BCBF6C5BDD42322E42A034921570FE92BAF4D549138976E9C5337CEAD1BE7D88D73ED7A5400FAFC9030DF37D72CAE90AB0C24855C3DA4AFBC3651A552D03D2D0DD81E48F572BADEE01101F8FF9A9A9ADE592A953E995E23E7A5DA9CEA40C76CEEA1545B3B9630DF1EDB79B40C249581A490AB87BC36796DA28A742CC37B26E5DC15E9FA9FF7B66D7D7DFD1F4438EEEEBE2CCB8EDBB265CBBCF5EBD7BFB17CF9F2BC07D4E8564B4B4BB666CD9A5FA59AA4B361D01F005E956A59AAD77A39476E65AD4CDB7BDE19482A2157C8D5435E9BBC36512D52787D4BC78CC5EE7479F7F5D75F7F5277DB751CBCEA7BDDDD170177EDDAB5D9EEDDBB3D078E61EDD9B3275BBD7AF5BE1478AFD1D9D07FE9B5EDEC14541F1B40B0EDAED6A6D7D33FF1681A482A2157C8D5435E9BBC36512552B8FD4F6990F7501AA8FD32D55121A9E3BCBB477A3AF04ACCE00AB85513745F4BCFC14D3A1AFAA7542A5D975EE3FEAD3CB0363535655FFBDAD7B2152B5664BFFCE52FB3DFFCE637593870E040D6D6D696B5B6B666F7DE7B6F965E372B83EE7EB3BA06924AC81572F590D726AF4D54DF8CC607D2A06F43BA7C3C5D9E13B7C5F2BDB241DCD6CA83AFC41265BD5F55CFC1233A19FA1570AF48AF6FAF9787DBB973E7E6AB52FAA3BDBD3DDF3EBEAF3CECA69F799347D7405209B942AE1EF2DAE4B5892A1221360DD43E936A4FAAF995CBF2D200EE6B9E839E8350E301F7BAF2807BDB6DB7E5B3B68311DF77C71D7754BE4E9AD135905442AE90AB87BC36796DA2DA4C9A34E9CFD240ED37DDEC7B762496300FF439F8EAAF77665B9EFC5EF65CCB57F28AEB719BE78DE7208CA6D807B77C89F2F4E9D33B97240F562C65BEEBAEBB2A972E4FF0681B482A2157C8D5435E9BBC36515D331DF7F672909575C5B2E5FE3C07F7B7B7651B1F9F96FD64F11D4755DC16F779EE780EC2684901B7A57C0677A801B73CE856CCE8AEF568D700FBDC54551DAAC57D6E6AA987C641C83D3456F6DBF2DAA4AF1891807B5E71B0A99EAAA1A1616A7F43EEF6E7FEB94BC02DEAE5E71679EE08B9302AE23441E5FBE00E7689726F4B97CBF7D1B56CB906AC59B366A7A3275647B5B5B5FDA0168F9E584B3DF4EAABAFE681352E8772BB1ED2575E9BA8456970B6A81FA7CC3818E7CFED4FC8DDB4F2EE1E436EDCE7F923E4C22885DCCE03E9C541A346C2238F3C6236B796AC58B1E2CA55AB56FDFA95575E39E84DE4D8CD92C420B2A5A5655B2D9E074F0FE9217DA5AFA899901BE78D7C7F9C4E28D52752CD28954AFF18E7CA4DB524D5CF52FD36D58EFE84DC8DCB66F41872E33ECF212117465A5353D33B8B834DC56CEBDEBD7B4724E4C651972B4E2F74B647BFCAA5C1CB15E9C5F3C9588E162FA26AD42B1EF74DB53C88D4437A485FE92BC686FAFAFADF4B83B72F0AB9422ED48252A9F4C92278CE9A352B1B49711EDDB2907BBB471F00A086F427E4C6D1947B0AB9719F702AE4C260C57EAF2948FE53AA89BD6D97EE9F5704CF55AB568D68C86D6D6D2D0FB98BFC2F01008CB190BBB9F51F7A0CB9719F702AE4C21042EE5565817273AA2FC7D2E46E42EEE662BBE13EE054A5B6B6B6F290BBDDFF1200C0180BB97BDB36641B974EEFBA5439DD16F709A7422E0C56A9547A6F0F07C75B12B3BCCDCDCD6FED08B9FB8BFB86EBB441BD9D4EA8ECEF38E47F0900608C85DCA8AD4FCDE91272E336C154C885A18859DB3E8E04BF27D57DE5B78D86F2DFE77F090060AC85DCC387B3CD4FDCD775A972BA2DEE134E855C188A7E9CF22CCEFBFD3B33B900000C39E4EE6F6FCB5E6C9DDDE33EB9715F6C23A00AB950A9BEBEFE2D2924FE61AA0B1A1A1AFE3AD59438A559AAFB53FD4BAAA753EDEC23E0FE6B5353D387D2E556FBE4020030F8907BF870B673F38AECA78F7DB1C7805B546C13DB9AD51572115E2BC26B7E3EEE8EAF17A5FA6EC77637C7F7353636FEE5A44993CE28954ACF76136E375D7BEDB51F2E7EA7A32B030030E890DBD7ECAD595D2117E1B53FE1357E5E7F7E6F1C64AA6269F28CE2805305E7C9050060D021B73FB3B7BDCDEA0AAB422EC2EB40A400FB8F1D817265BA7E5E77DB741CA02A027096AE677BF7EE1D9180DBDEDE9EA57FE3EFCA42EED93A0800A0C643EE60036E51C2AA908BF03A10E96F981A33B513274E3CAE8FED9615E173EEDCB92312721F79E491F259DCB5BA0C00600C845C25E422BC56A3F46FBAAA08A0319B3BDC07A08A9F971EB3CE59DC384FAF6E0400107295908BF03A6262497311426FBBEDB6613B9D509C36E8B39FFDECEBE5B3B87DCD2C030020E42A215778155E871A72CF4EB5A708A3D3A74F1F72D08D807BD75D7795EF87BB3FFD7F4CF068030008B94AC8155E85D711572A95AE2B0E4255CCE80E76E9727C5FC50CAE65CA000042AE127285578FEAE84AFF07CDE54137F6D18D8351C5D191FB7B14E538C854F93EB85129407FDEA30B0020E42A21577865D4C58C6EAAF6F2901A6137CEA3BB6AD5AA7C96B658CA1C4B92DBDADAB2D6D6D6EC5BDFFA5676C30D37BC51FE7DB1443982B347150040C85542AEF0CA3113FBE8969F5A6890B5D63EB8000042AE12728557AA29EC5ED311768F0C24DCC6ECADA328030008B94AC8155EA94A4D4D4DEF4CBD3335F5D0BC545B531DEA08B471B9BDA3CF6E8F19608F16008090ABC679C8155E0100002157557DC8155E0100002157557DC8155E0100002157557DC8155E01000084DCAAAFA54B9766C22B000080905BF375E8D0A1ACA9A929135E010000845CFBE402000008B942AE900B000020E42A2117000040C855422E000080902BE4020000508B2137FD6959636363BFB75FB8706176CE39E7F4EBE7CE9A35EBA85019BF27BEFFE4934FCE366EDC28E402000008B9C31F722FBEF8E21E4FB573E18517E63579F2E43CA09E71C61979C5F5A8071F7C30FF192FBFFC72FE3DAB57AFCE6FBFF3CE3BF3DB1F7DF4D16CE2C48979EDD8B1A3F377CE9D3B57C80500001072873FE4BEE31DEFE8F1FE03070E649B376FCE2EB9E4922E2177DEBC79D98409138EDA7EFFFEFD596B6B6BE7D74B962CE9FC3DF173E2BEE2362117000040C81DB68A99DA089F279C7042AFDB45988D25C69521F7B4D34ECBAEBEFAEA6E8373CCFC6EDDBA35BFBE6DDBB6CE901B97DBB76F177201000084DCE1AD75EBD6E5A1F3D4534FCD036F4FDB9D79E699795586DCF3CF3FFFA8901BCB91E3F6F3CE3B2F9B3D7B7676D2492765F3E7CFCFCE3AEBAC7CC637EE5FBE7C791E7A855C000000217744F6C75DB972657EBDB725CBC5F508B651C541A8E2FBCA03F2DEBD7BF3405B2C6F3EFEF8E3F3701BDB2D5DBAB4F3F71EEB25CB422E0000C0180AB9C552E5387054113C67CE9C79D436B1DCF8B2CB2ECBABBB034F4D9B362D9B3A756AFEBDC5D192F7EDDBD725D06ED8B0E1A8834DD539F014000080903BDCB3B8115C8BAF9F7DF6D9FCB63973E61C1584A3162F5EDC6DC8ED6E9FDC38F054FC9C8B2EBAA873A6B7D837F7A9A79ECA3EF7B9CFE5D79F7FFE792117000040C81D9E80DBDD01A3627635EE8BD3FD942F512EC26E5C8F5302C581A8E27ACCDE5686D5F6F6F6FC67C4BEB7E54755AEEB98BD8DE5CCD5F01808B9000000351E72E3A8C6A79F7E7AB660C1821EB7897D65239056FEBDB10C396679E3BE59B3660D2A58C78C70B5047D21170000A0C643AE1272010000845C21170000002157C8050000107295900B000020E42A2117000040C815720100001072855C000000215709B900000042AE1272010000845C25E402000008B9422E00000042AE900B000020E42A2117000040C855422E000080902BE402000020E40AB900000042AE1272010000845C25E402000008B94AC80500001072855C000000845C2117000040C855422E00008090AB845C0000002157C805000040C81572010000845C25E4020000D4BAE5CB970B97D5538752C83DA22B0100000669CD9A353B77EFDE2D605641B5B5B5FD2085DC4DBA120000609056AC5871E5AA55AB7EFDCA2BAF1C14348FDD0C6E04DC9696966DA9AED195000000439082D515CB962D7B3296CAC63EA16AD42B1EF74D022E00000000000000000000000000000000000000000000000000000000000000000050B3FE1FDD18220BC2024E2C0000000049454E44AE426082, '1');
INSERT INTO `act_ge_bytearray` VALUES ('f58b759d-912e-11e7-a391-005056c00001', '1', 'hist.var-users', null, 0xACED00057372001A6A6176612E7574696C2E4172726179732441727261794C697374D9A43CBECD8806D20200015B0001617400135B4C6A6176612F6C616E672F4F626A6563743B7870757200135B4C6A6176612E6C616E672E537472696E673BADD256E7E91D7B4702000078700000000274002031383930343731613635386634666265626263363739363065656136636661617400203434623636363631643539353466333661323634363564393665383337636637, null);

-- ----------------------------
-- Table structure for act_ge_property
-- ----------------------------
DROP TABLE IF EXISTS `act_ge_property`;
CREATE TABLE `act_ge_property` (
  `NAME_` varchar(64) COLLATE utf8_bin NOT NULL,
  `VALUE_` varchar(300) COLLATE utf8_bin DEFAULT NULL,
  `REV_` int(11) DEFAULT NULL,
  PRIMARY KEY (`NAME_`)
) ENGINE=InnoDB DEFAULT CHARSET=utf8 COLLATE=utf8_bin;

-- ----------------------------
-- Records of act_ge_property
-- ----------------------------
INSERT INTO `act_ge_property` VALUES ('next.dbid', '85001', '35');
INSERT INTO `act_ge_property` VALUES ('schema.history', 'create(5.22.0.0)', '1');
INSERT INTO `act_ge_property` VALUES ('schema.version', '5.22.0.0', '1');

-- ----------------------------
-- Table structure for act_hi_actinst
-- ----------------------------
DROP TABLE IF EXISTS `act_hi_actinst`;
CREATE TABLE `act_hi_actinst` (
  `ID_` varchar(64) COLLATE utf8_bin NOT NULL,
  `PROC_DEF_ID_` varchar(64) COLLATE utf8_bin NOT NULL,
  `PROC_INST_ID_` varchar(64) COLLATE utf8_bin NOT NULL,
  `EXECUTION_ID_` varchar(64) COLLATE utf8_bin NOT NULL,
  `ACT_ID_` varchar(255) COLLATE utf8_bin NOT NULL,
  `TASK_ID_` varchar(64) COLLATE utf8_bin DEFAULT NULL,
  `CALL_PROC_INST_ID_` varchar(64) COLLATE utf8_bin DEFAULT NULL,
  `ACT_NAME_` varchar(255) COLLATE utf8_bin DEFAULT NULL,
  `ACT_TYPE_` varchar(255) COLLATE utf8_bin NOT NULL,
  `ASSIGNEE_` varchar(255) COLLATE utf8_bin DEFAULT NULL,
  `START_TIME_` datetime(3) NOT NULL,
  `END_TIME_` datetime(3) DEFAULT NULL,
  `DURATION_` bigint(20) DEFAULT NULL,
  `TENANT_ID_` varchar(255) COLLATE utf8_bin DEFAULT '',
  PRIMARY KEY (`ID_`),
  KEY `ACT_IDX_HI_ACT_INST_START` (`START_TIME_`),
  KEY `ACT_IDX_HI_ACT_INST_END` (`END_TIME_`),
  KEY `ACT_IDX_HI_ACT_INST_PROCINST` (`PROC_INST_ID_`,`ACT_ID_`),
  KEY `ACT_IDX_HI_ACT_INST_EXEC` (`EXECUTION_ID_`,`ACT_ID_`)
) ENGINE=InnoDB DEFAULT CHARSET=utf8 COLLATE=utf8_bin;

-- ----------------------------
-- Records of act_hi_actinst
-- ----------------------------
INSERT INTO `act_hi_actinst` VALUES ('333b3aab-9120-11e7-a391-005056c00001', 'leave:20:4f8ad68c-911c-11e7-b720-005056c00001', 'b32fe90e-911d-11e7-a391-005056c00001', 'b32fe90e-911d-11e7-a391-005056c00001', 'sid-E6B72C1D-D108-4767-A9B1-263F80FADCCE', null, null, null, 'endEvent', null, '2017-09-04 11:21:54.259', '2017-09-04 11:21:54.259', '0', '');
INSERT INTO `act_hi_actinst` VALUES ('4a6eb67d-9120-11e7-a391-005056c00001', 'leave:21:e13e6077-911d-11e7-a391-005056c00001', '4a6eb67c-9120-11e7-a391-005056c00001', '4a6eb67c-9120-11e7-a391-005056c00001', 'sid-2740F4FE-A6A8-4064-A9FA-4BD9D5EC50D7', null, null, null, 'startEvent', null, '2017-09-04 11:22:33.184', '2017-09-04 11:22:33.200', '16', '');
INSERT INTO `act_hi_actinst` VALUES ('4a71277e-9120-11e7-a391-005056c00001', 'leave:21:e13e6077-911d-11e7-a391-005056c00001', '4a6eb67c-9120-11e7-a391-005056c00001', '4a6eb67c-9120-11e7-a391-005056c00001', 'sid-D27D784B-758D-47D8-9D5B-D10FDA7C359E', '4a71277f-9120-11e7-a391-005056c00001', null, '', 'userTask', '1890471a658f4fbebbc67960eea6cfaa', '2017-09-04 11:22:33.200', '2017-09-04 11:32:49.052', '615852', '');
INSERT INTO `act_hi_actinst` VALUES ('657bc564-912f-11e7-a391-005056c00001', 'leave:21:e13e6077-911d-11e7-a391-005056c00001', 'c31aef84-9121-11e7-a391-005056c00001', 'c31aef84-9121-11e7-a391-005056c00001', 'sid-E6B72C1D-D108-4767-A9B1-263F80FADCCE', null, null, null, 'endEvent', null, '2017-09-04 13:10:41.019', '2017-09-04 13:10:41.019', '0', '');
INSERT INTO `act_hi_actinst` VALUES ('6ce5cfd6-912f-11e7-a391-005056c00001', 'leave:21:e13e6077-911d-11e7-a391-005056c00001', '6ce5cfd5-912f-11e7-a391-005056c00001', '6ce5cfd5-912f-11e7-a391-005056c00001', 'sid-2740F4FE-A6A8-4064-A9FA-4BD9D5EC50D7', null, null, null, 'startEvent', null, '2017-09-04 13:10:53.458', '2017-09-04 13:10:53.460', '2', '');
INSERT INTO `act_hi_actinst` VALUES ('6ce61df7-912f-11e7-a391-005056c00001', 'leave:21:e13e6077-911d-11e7-a391-005056c00001', '6ce5cfd5-912f-11e7-a391-005056c00001', '6ce5cfd5-912f-11e7-a391-005056c00001', 'sid-D27D784B-758D-47D8-9D5B-D10FDA7C359E', '6ce61df8-912f-11e7-a391-005056c00001', null, '', 'userTask', '026a564bbfd84861ac4b65393644beef', '2017-09-04 13:10:53.460', '2017-09-04 13:12:02.015', '68555', '');
INSERT INTO `act_hi_actinst` VALUES ('95c4755f-912f-11e7-a391-005056c00001', 'leave:21:e13e6077-911d-11e7-a391-005056c00001', '6ce5cfd5-912f-11e7-a391-005056c00001', '95c2eebe-912f-11e7-a391-005056c00001', 'sid-84D12022-7E08-414A-B80D-BA94F89CE906', '95c6e667-912f-11e7-a391-005056c00001', null, '', 'userTask', '026a564bbfd84861ac4b65393644beef', '2017-09-04 13:12:02.026', '2017-09-04 13:12:55.276', '53250', '');
INSERT INTO `act_hi_actinst` VALUES ('95cfe71a-912f-11e7-a391-005056c00001', 'leave:21:e13e6077-911d-11e7-a391-005056c00001', '6ce5cfd5-912f-11e7-a391-005056c00001', '95c511a4-912f-11e7-a391-005056c00001', 'sid-84D12022-7E08-414A-B80D-BA94F89CE906', '95d00e2b-912f-11e7-a391-005056c00001', null, '', 'userTask', '1890471a658f4fbebbc67960eea6cfaa', '2017-09-04 13:12:02.101', '2017-09-04 13:12:30.774', '28673', '');
INSERT INTO `act_hi_actinst` VALUES ('b3320bef-911d-11e7-a391-005056c00001', 'leave:20:4f8ad68c-911c-11e7-b720-005056c00001', 'b32fe90e-911d-11e7-a391-005056c00001', 'b32fe90e-911d-11e7-a391-005056c00001', 'sid-2740F4FE-A6A8-4064-A9FA-4BD9D5EC50D7', null, null, null, 'startEvent', null, '2017-09-04 11:04:00.457', '2017-09-04 11:04:00.494', '37', '');
INSERT INTO `act_hi_actinst` VALUES ('b337b140-911d-11e7-a391-005056c00001', 'leave:20:4f8ad68c-911c-11e7-b720-005056c00001', 'b32fe90e-911d-11e7-a391-005056c00001', 'b32fe90e-911d-11e7-a391-005056c00001', 'sid-D27D784B-758D-47D8-9D5B-D10FDA7C359E', 'b337b141-911d-11e7-a391-005056c00001', null, '', 'userTask', '1890471a658f4fbebbc67960eea6cfaa', '2017-09-04 11:04:00.494', '2017-09-04 11:21:54.259', '1073765', '');
INSERT INTO `act_hi_actinst` VALUES ('b5825fcf-912f-11e7-a391-005056c00001', 'leave:21:e13e6077-911d-11e7-a391-005056c00001', '6ce5cfd5-912f-11e7-a391-005056c00001', '6ce5cfd5-912f-11e7-a391-005056c00001', 'sid-B5F4FC84-5420-40E1-9EEF-255C4FA5327B', 'b58286e0-912f-11e7-a391-005056c00001', null, '', 'userTask', '1890471a658f4fbebbc67960eea6cfaa', '2017-09-04 13:12:55.280', '2017-09-04 13:13:17.292', '22012', '');
INSERT INTO `act_hi_actinst` VALUES ('b984dd53-9121-11e7-a391-005056c00001', 'leave:21:e13e6077-911d-11e7-a391-005056c00001', '4a6eb67c-9120-11e7-a391-005056c00001', '4a6eb67c-9120-11e7-a391-005056c00001', 'sid-E6B72C1D-D108-4767-A9B1-263F80FADCCE', null, null, null, 'endEvent', null, '2017-09-04 11:32:49.053', '2017-09-04 11:32:49.053', '0', '');
INSERT INTO `act_hi_actinst` VALUES ('c2a12394-912f-11e7-a391-005056c00001', 'leave:21:e13e6077-911d-11e7-a391-005056c00001', '6ce5cfd5-912f-11e7-a391-005056c00001', '6ce5cfd5-912f-11e7-a391-005056c00001', 'sid-72ECC2F4-1590-4946-8D8C-BB732DAE9047', null, null, null, 'exclusiveGateway', null, '2017-09-04 13:13:17.292', '2017-09-04 13:13:17.292', '0', '');
INSERT INTO `act_hi_actinst` VALUES ('c2a12395-912f-11e7-a391-005056c00001', 'leave:21:e13e6077-911d-11e7-a391-005056c00001', '6ce5cfd5-912f-11e7-a391-005056c00001', '6ce5cfd5-912f-11e7-a391-005056c00001', 'sid-115F3044-1FC9-4843-8D0B-02C648D0EB93', 'c2a12396-912f-11e7-a391-005056c00001', null, '', 'userTask', '026a564bbfd84861ac4b65393644beef', '2017-09-04 13:13:17.292', '2017-09-04 13:13:51.986', '34694', '');
INSERT INTO `act_hi_actinst` VALUES ('c3041379-99af-11e7-a548-005056c00001', 'leave:21:e13e6077-911d-11e7-a391-005056c00001', 'c303c558-99af-11e7-a548-005056c00001', 'c303c558-99af-11e7-a548-005056c00001', 'sid-2740F4FE-A6A8-4064-A9FA-4BD9D5EC50D7', null, null, null, 'startEvent', null, '2017-09-15 08:49:42.824', '2017-09-15 08:49:42.857', '33', '');
INSERT INTO `act_hi_actinst` VALUES ('c3091c8a-99af-11e7-a548-005056c00001', 'leave:21:e13e6077-911d-11e7-a391-005056c00001', 'c303c558-99af-11e7-a548-005056c00001', 'c303c558-99af-11e7-a548-005056c00001', 'sid-D27D784B-758D-47D8-9D5B-D10FDA7C359E', 'c3091c8b-99af-11e7-a548-005056c00001', null, '', 'userTask', '1890471a658f4fbebbc67960eea6cfaa', '2017-09-15 08:49:42.857', null, null, '');
INSERT INTO `act_hi_actinst` VALUES ('c31b3da5-9121-11e7-a391-005056c00001', 'leave:21:e13e6077-911d-11e7-a391-005056c00001', 'c31aef84-9121-11e7-a391-005056c00001', 'c31aef84-9121-11e7-a391-005056c00001', 'sid-2740F4FE-A6A8-4064-A9FA-4BD9D5EC50D7', null, null, null, 'startEvent', null, '2017-09-04 11:33:05.138', '2017-09-04 11:33:05.152', '14', '');
INSERT INTO `act_hi_actinst` VALUES ('c31d6086-9121-11e7-a391-005056c00001', 'leave:21:e13e6077-911d-11e7-a391-005056c00001', 'c31aef84-9121-11e7-a391-005056c00001', 'c31aef84-9121-11e7-a391-005056c00001', 'sid-D27D784B-758D-47D8-9D5B-D10FDA7C359E', 'c31d6087-9121-11e7-a391-005056c00001', null, '', 'userTask', '026a564bbfd84861ac4b65393644beef', '2017-09-04 11:33:05.152', '2017-09-04 13:07:33.482', '5668330', '');
INSERT INTO `act_hi_actinst` VALUES ('d74f05f9-912f-11e7-a391-005056c00001', 'leave:21:e13e6077-911d-11e7-a391-005056c00001', '6ce5cfd5-912f-11e7-a391-005056c00001', '6ce5cfd5-912f-11e7-a391-005056c00001', 'sid-E6B72C1D-D108-4767-A9B1-263F80FADCCE', null, null, null, 'endEvent', null, '2017-09-04 13:13:51.986', '2017-09-04 13:13:51.986', '0', '');
INSERT INTO `act_hi_actinst` VALUES ('f5b45a5f-912e-11e7-a391-005056c00001', 'leave:21:e13e6077-911d-11e7-a391-005056c00001', 'c31aef84-9121-11e7-a391-005056c00001', 'f5b40c3e-912e-11e7-a391-005056c00001', 'sid-84D12022-7E08-414A-B80D-BA94F89CE906', 'f5c2b247-912e-11e7-a391-005056c00001', null, '', 'userTask', '1890471a658f4fbebbc67960eea6cfaa', '2017-09-04 13:07:33.486', '2017-09-04 13:10:41.013', '187527', '');
INSERT INTO `act_hi_actinst` VALUES ('f5c411db-912e-11e7-a391-005056c00001', 'leave:21:e13e6077-911d-11e7-a391-005056c00001', 'c31aef84-9121-11e7-a391-005056c00001', 'f5b98a84-912e-11e7-a391-005056c00001', 'sid-84D12022-7E08-414A-B80D-BA94F89CE906', 'f5c411dc-912e-11e7-a391-005056c00001', null, '', 'userTask', '44b66661d5954f36a26465d96e837cf7', '2017-09-04 13:07:33.588', '2017-09-04 13:10:40.765', '187177', '');

-- ----------------------------
-- Table structure for act_hi_attachment
-- ----------------------------
DROP TABLE IF EXISTS `act_hi_attachment`;
CREATE TABLE `act_hi_attachment` (
  `ID_` varchar(64) COLLATE utf8_bin NOT NULL,
  `REV_` int(11) DEFAULT NULL,
  `USER_ID_` varchar(255) COLLATE utf8_bin DEFAULT NULL,
  `NAME_` varchar(255) COLLATE utf8_bin DEFAULT NULL,
  `DESCRIPTION_` varchar(4000) COLLATE utf8_bin DEFAULT NULL,
  `TYPE_` varchar(255) COLLATE utf8_bin DEFAULT NULL,
  `TASK_ID_` varchar(64) COLLATE utf8_bin DEFAULT NULL,
  `PROC_INST_ID_` varchar(64) COLLATE utf8_bin DEFAULT NULL,
  `URL_` varchar(4000) COLLATE utf8_bin DEFAULT NULL,
  `CONTENT_ID_` varchar(64) COLLATE utf8_bin DEFAULT NULL,
  `TIME_` datetime(3) DEFAULT NULL,
  PRIMARY KEY (`ID_`)
) ENGINE=InnoDB DEFAULT CHARSET=utf8 COLLATE=utf8_bin;

-- ----------------------------
-- Records of act_hi_attachment
-- ----------------------------

-- ----------------------------
-- Table structure for act_hi_comment
-- ----------------------------
DROP TABLE IF EXISTS `act_hi_comment`;
CREATE TABLE `act_hi_comment` (
  `ID_` varchar(64) COLLATE utf8_bin NOT NULL,
  `TYPE_` varchar(255) COLLATE utf8_bin DEFAULT NULL,
  `TIME_` datetime(3) NOT NULL,
  `USER_ID_` varchar(255) COLLATE utf8_bin DEFAULT NULL,
  `TASK_ID_` varchar(64) COLLATE utf8_bin DEFAULT NULL,
  `PROC_INST_ID_` varchar(64) COLLATE utf8_bin DEFAULT NULL,
  `ACTION_` varchar(255) COLLATE utf8_bin DEFAULT NULL,
  `MESSAGE_` varchar(4000) COLLATE utf8_bin DEFAULT NULL,
  `FULL_MSG_` longblob,
  PRIMARY KEY (`ID_`)
) ENGINE=InnoDB DEFAULT CHARSET=utf8 COLLATE=utf8_bin;

-- ----------------------------
-- Records of act_hi_comment
-- ----------------------------
INSERT INTO `act_hi_comment` VALUES ('3324303a-9120-11e7-a391-005056c00001', 'comment', '2017-09-04 11:21:54.108', null, 'b337b141-911d-11e7-a391-005056c00001', 'b32fe90e-911d-11e7-a391-005056c00001', 'AddComment', '', 0xC1F7B3CCCDBCC9E8BCC6B4EDCEF3A3ACD6D8D0C2B7A2C6F0);
INSERT INTO `act_hi_comment` VALUES ('4a8bdb71-9120-11e7-a391-005056c00001', 'event', '2017-09-04 11:22:33.375', null, '4a71277f-9120-11e7-a391-005056c00001', null, 'AddUserLink', '1890471a658f4fbebbc67960eea6cfaa_|_assignee', null);
INSERT INTO `act_hi_comment` VALUES ('653ebc62-912f-11e7-a391-005056c00001', 'comment', '2017-09-04 13:10:40.619', null, 'f5c411dc-912e-11e7-a391-005056c00001', 'c31aef84-9121-11e7-a391-005056c00001', 'AddComment', '', '');
INSERT INTO `act_hi_comment` VALUES ('656900b3-912f-11e7-a391-005056c00001', 'comment', '2017-09-04 13:10:40.896', null, 'f5c2b247-912e-11e7-a391-005056c00001', 'c31aef84-9121-11e7-a391-005056c00001', 'AddComment', '', '');
INSERT INTO `act_hi_comment` VALUES ('6ced49ea-912f-11e7-a391-005056c00001', 'event', '2017-09-04 13:10:53.506', null, '6ce61df8-912f-11e7-a391-005056c00001', null, 'AddUserLink', '026a564bbfd84861ac4b65393644beef_|_assignee', null);
INSERT INTO `act_hi_comment` VALUES ('a6e0a58d-912f-11e7-a391-005056c00001', 'comment', '2017-09-04 13:12:30.732', null, '95d00e2b-912f-11e7-a391-005056c00001', '6ce5cfd5-912f-11e7-a391-005056c00001', 'AddComment', '', 0xCDACD2E2);
INSERT INTO `act_hi_comment` VALUES ('b364dbc3-911d-11e7-a391-005056c00001', 'event', '2017-09-04 11:04:00.790', null, 'b337b141-911d-11e7-a391-005056c00001', null, 'AddUserLink', '1890471a658f4fbebbc67960eea6cfaa_|_assignee', null);
INSERT INTO `act_hi_comment` VALUES ('b5758e8e-912f-11e7-a391-005056c00001', 'comment', '2017-09-04 13:12:55.196', null, '95c6e667-912f-11e7-a391-005056c00001', '6ce5cfd5-912f-11e7-a391-005056c00001', 'AddComment', '', 0xCDACD2E2A3ACBBE1C7A9D7EEBAF3D2BBCEBBB4A6C0EDA3ACD1A1D4F1B5C4B4A6C0EDC8CBC9FAD0A7);
INSERT INTO `act_hi_comment` VALUES ('b5a02101-912f-11e7-a391-005056c00001', 'event', '2017-09-04 13:12:55.475', null, 'b58286e0-912f-11e7-a391-005056c00001', null, 'AddUserLink', '1890471a658f4fbebbc67960eea6cfaa_|_assignee', null);
INSERT INTO `act_hi_comment` VALUES ('b9551ac2-9121-11e7-a391-005056c00001', 'comment', '2017-09-04 11:32:48.740', null, '4a71277f-9120-11e7-a391-005056c00001', '4a6eb67c-9120-11e7-a391-005056c00001', 'AddComment', '', '');
INSERT INTO `act_hi_comment` VALUES ('c29ae202-912f-11e7-a391-005056c00001', 'comment', '2017-09-04 13:13:17.251', null, 'b58286e0-912f-11e7-a391-005056c00001', '6ce5cfd5-912f-11e7-a391-005056c00001', 'AddComment', '', 0xCDACD2E2);
INSERT INTO `act_hi_comment` VALUES ('c2a409c7-912f-11e7-a391-005056c00001', 'event', '2017-09-04 13:13:17.311', null, 'c2a12396-912f-11e7-a391-005056c00001', null, 'AddUserLink', '026a564bbfd84861ac4b65393644beef_|_assignee', null);
INSERT INTO `act_hi_comment` VALUES ('c323343d-99af-11e7-a548-005056c00001', 'event', '2017-09-15 08:49:43.027', null, 'c3091c8b-99af-11e7-a548-005056c00001', null, 'AddUserLink', '1890471a658f4fbebbc67960eea6cfaa_|_assignee', null);
INSERT INTO `act_hi_comment` VALUES ('c3383b89-9121-11e7-a391-005056c00001', 'event', '2017-09-04 11:33:05.328', null, 'c31d6087-9121-11e7-a391-005056c00001', null, 'AddUserLink', '026a564bbfd84861ac4b65393644beef_|_assignee', null);
INSERT INTO `act_hi_comment` VALUES ('d74a9928-912f-11e7-a391-005056c00001', 'comment', '2017-09-04 13:13:51.957', null, 'c2a12396-912f-11e7-a391-005056c00001', '6ce5cfd5-912f-11e7-a391-005056c00001', 'AddComment', ',', 0xCDACD2E22CD2D1CAD5B5BD);
INSERT INTO `act_hi_comment` VALUES ('f57d44ca-912e-11e7-a391-005056c00001', 'comment', '2017-09-04 13:07:33.123', null, 'c31d6087-9121-11e7-a391-005056c00001', 'c31aef84-9121-11e7-a391-005056c00001', 'AddComment', '', 0xCDACD2E2);

-- ----------------------------
-- Table structure for act_hi_detail
-- ----------------------------
DROP TABLE IF EXISTS `act_hi_detail`;
CREATE TABLE `act_hi_detail` (
  `ID_` varchar(64) COLLATE utf8_bin NOT NULL,
  `TYPE_` varchar(255) COLLATE utf8_bin NOT NULL,
  `PROC_INST_ID_` varchar(64) COLLATE utf8_bin DEFAULT NULL,
  `EXECUTION_ID_` varchar(64) COLLATE utf8_bin DEFAULT NULL,
  `TASK_ID_` varchar(64) COLLATE utf8_bin DEFAULT NULL,
  `ACT_INST_ID_` varchar(64) COLLATE utf8_bin DEFAULT NULL,
  `NAME_` varchar(255) COLLATE utf8_bin NOT NULL,
  `VAR_TYPE_` varchar(255) COLLATE utf8_bin DEFAULT NULL,
  `REV_` int(11) DEFAULT NULL,
  `TIME_` datetime(3) NOT NULL,
  `BYTEARRAY_ID_` varchar(64) COLLATE utf8_bin DEFAULT NULL,
  `DOUBLE_` double DEFAULT NULL,
  `LONG_` bigint(20) DEFAULT NULL,
  `TEXT_` varchar(4000) COLLATE utf8_bin DEFAULT NULL,
  `TEXT2_` varchar(4000) COLLATE utf8_bin DEFAULT NULL,
  PRIMARY KEY (`ID_`),
  KEY `ACT_IDX_HI_DETAIL_PROC_INST` (`PROC_INST_ID_`),
  KEY `ACT_IDX_HI_DETAIL_ACT_INST` (`ACT_INST_ID_`),
  KEY `ACT_IDX_HI_DETAIL_TIME` (`TIME_`),
  KEY `ACT_IDX_HI_DETAIL_NAME` (`NAME_`),
  KEY `ACT_IDX_HI_DETAIL_TASK_ID` (`TASK_ID_`)
) ENGINE=InnoDB DEFAULT CHARSET=utf8 COLLATE=utf8_bin;

-- ----------------------------
-- Records of act_hi_detail
-- ----------------------------

-- ----------------------------
-- Table structure for act_hi_identitylink
-- ----------------------------
DROP TABLE IF EXISTS `act_hi_identitylink`;
CREATE TABLE `act_hi_identitylink` (
  `ID_` varchar(64) COLLATE utf8_bin NOT NULL,
  `GROUP_ID_` varchar(255) COLLATE utf8_bin DEFAULT NULL,
  `TYPE_` varchar(255) COLLATE utf8_bin DEFAULT NULL,
  `USER_ID_` varchar(255) COLLATE utf8_bin DEFAULT NULL,
  `TASK_ID_` varchar(64) COLLATE utf8_bin DEFAULT NULL,
  `PROC_INST_ID_` varchar(64) COLLATE utf8_bin DEFAULT NULL,
  PRIMARY KEY (`ID_`),
  KEY `ACT_IDX_HI_IDENT_LNK_USER` (`USER_ID_`),
  KEY `ACT_IDX_HI_IDENT_LNK_TASK` (`TASK_ID_`),
  KEY `ACT_IDX_HI_IDENT_LNK_PROCINST` (`PROC_INST_ID_`)
) ENGINE=InnoDB DEFAULT CHARSET=utf8 COLLATE=utf8_bin;

-- ----------------------------
-- Records of act_hi_identitylink
-- ----------------------------
INSERT INTO `act_hi_identitylink` VALUES ('4a8aca00-9120-11e7-a391-005056c00001', null, 'participant', '1890471a658f4fbebbc67960eea6cfaa', null, '4a6eb67c-9120-11e7-a391-005056c00001');
INSERT INTO `act_hi_identitylink` VALUES ('6cecfbc9-912f-11e7-a391-005056c00001', null, 'participant', '026a564bbfd84861ac4b65393644beef', null, '6ce5cfd5-912f-11e7-a391-005056c00001');
INSERT INTO `act_hi_identitylink` VALUES ('95d194cc-912f-11e7-a391-005056c00001', null, 'participant', '1890471a658f4fbebbc67960eea6cfaa', null, '6ce5cfd5-912f-11e7-a391-005056c00001');
INSERT INTO `act_hi_identitylink` VALUES ('b3630702-911d-11e7-a391-005056c00001', null, 'participant', '1890471a658f4fbebbc67960eea6cfaa', null, 'b32fe90e-911d-11e7-a391-005056c00001');
INSERT INTO `act_hi_identitylink` VALUES ('c32270ec-99af-11e7-a548-005056c00001', null, 'participant', '1890471a658f4fbebbc67960eea6cfaa', null, 'c303c558-99af-11e7-a548-005056c00001');
INSERT INTO `act_hi_identitylink` VALUES ('c3379f48-9121-11e7-a391-005056c00001', null, 'participant', '026a564bbfd84861ac4b65393644beef', null, 'c31aef84-9121-11e7-a391-005056c00001');
INSERT INTO `act_hi_identitylink` VALUES ('f5c37598-912e-11e7-a391-005056c00001', null, 'participant', '1890471a658f4fbebbc67960eea6cfaa', null, 'c31aef84-9121-11e7-a391-005056c00001');
INSERT INTO `act_hi_identitylink` VALUES ('f5c45ffd-912e-11e7-a391-005056c00001', null, 'participant', '44b66661d5954f36a26465d96e837cf7', null, 'c31aef84-9121-11e7-a391-005056c00001');

-- ----------------------------
-- Table structure for act_hi_procinst
-- ----------------------------
DROP TABLE IF EXISTS `act_hi_procinst`;
CREATE TABLE `act_hi_procinst` (
  `ID_` varchar(64) COLLATE utf8_bin NOT NULL,
  `PROC_INST_ID_` varchar(64) COLLATE utf8_bin NOT NULL,
  `BUSINESS_KEY_` varchar(255) COLLATE utf8_bin DEFAULT NULL,
  `PROC_DEF_ID_` varchar(64) COLLATE utf8_bin NOT NULL,
  `START_TIME_` datetime(3) NOT NULL,
  `END_TIME_` datetime(3) DEFAULT NULL,
  `DURATION_` bigint(20) DEFAULT NULL,
  `START_USER_ID_` varchar(255) COLLATE utf8_bin DEFAULT NULL,
  `START_ACT_ID_` varchar(255) COLLATE utf8_bin DEFAULT NULL,
  `END_ACT_ID_` varchar(255) COLLATE utf8_bin DEFAULT NULL,
  `SUPER_PROCESS_INSTANCE_ID_` varchar(64) COLLATE utf8_bin DEFAULT NULL,
  `DELETE_REASON_` varchar(4000) COLLATE utf8_bin DEFAULT NULL,
  `TENANT_ID_` varchar(255) COLLATE utf8_bin DEFAULT '',
  `NAME_` varchar(255) COLLATE utf8_bin DEFAULT NULL,
  PRIMARY KEY (`ID_`),
  UNIQUE KEY `PROC_INST_ID_` (`PROC_INST_ID_`),
  KEY `ACT_IDX_HI_PRO_INST_END` (`END_TIME_`),
  KEY `ACT_IDX_HI_PRO_I_BUSKEY` (`BUSINESS_KEY_`)
) ENGINE=InnoDB DEFAULT CHARSET=utf8 COLLATE=utf8_bin;

-- ----------------------------
-- Records of act_hi_procinst
-- ----------------------------
INSERT INTO `act_hi_procinst` VALUES ('4a6eb67c-9120-11e7-a391-005056c00001', '4a6eb67c-9120-11e7-a391-005056c00001', 'b183f379213d4199aa562399e931b55d', 'leave:21:e13e6077-911d-11e7-a391-005056c00001', '2017-09-04 11:22:33.184', '2017-09-04 11:32:49.057', '615873', null, 'sid-2740F4FE-A6A8-4064-A9FA-4BD9D5EC50D7', 'sid-E6B72C1D-D108-4767-A9B1-263F80FADCCE', null, null, '', null);
INSERT INTO `act_hi_procinst` VALUES ('6ce5cfd5-912f-11e7-a391-005056c00001', '6ce5cfd5-912f-11e7-a391-005056c00001', 'b183f379213d4199aa562399e931b55d', 'leave:21:e13e6077-911d-11e7-a391-005056c00001', '2017-09-04 13:10:53.458', '2017-09-04 13:13:51.987', '178529', null, 'sid-2740F4FE-A6A8-4064-A9FA-4BD9D5EC50D7', 'sid-E6B72C1D-D108-4767-A9B1-263F80FADCCE', null, null, '', null);
INSERT INTO `act_hi_procinst` VALUES ('b32fe90e-911d-11e7-a391-005056c00001', 'b32fe90e-911d-11e7-a391-005056c00001', 'b183f379213d4199aa562399e931b55d', 'leave:20:4f8ad68c-911c-11e7-b720-005056c00001', '2017-09-04 11:04:00.457', '2017-09-04 11:21:54.274', '1073817', null, 'sid-2740F4FE-A6A8-4064-A9FA-4BD9D5EC50D7', 'sid-E6B72C1D-D108-4767-A9B1-263F80FADCCE', null, null, '', null);
INSERT INTO `act_hi_procinst` VALUES ('c303c558-99af-11e7-a548-005056c00001', 'c303c558-99af-11e7-a548-005056c00001', 'f868d8fff2344fa2aa3d211aa8dd2cff', 'leave:21:e13e6077-911d-11e7-a391-005056c00001', '2017-09-15 08:49:42.823', null, null, null, 'sid-2740F4FE-A6A8-4064-A9FA-4BD9D5EC50D7', null, null, null, '', null);
INSERT INTO `act_hi_procinst` VALUES ('c31aef84-9121-11e7-a391-005056c00001', 'c31aef84-9121-11e7-a391-005056c00001', 'b183f379213d4199aa562399e931b55d', 'leave:21:e13e6077-911d-11e7-a391-005056c00001', '2017-09-04 11:33:05.138', '2017-09-04 13:10:41.020', '5855882', null, 'sid-2740F4FE-A6A8-4064-A9FA-4BD9D5EC50D7', 'sid-E6B72C1D-D108-4767-A9B1-263F80FADCCE', null, null, '', null);

-- ----------------------------
-- Table structure for act_hi_taskinst
-- ----------------------------
DROP TABLE IF EXISTS `act_hi_taskinst`;
CREATE TABLE `act_hi_taskinst` (
  `ID_` varchar(64) COLLATE utf8_bin NOT NULL,
  `PROC_DEF_ID_` varchar(64) COLLATE utf8_bin DEFAULT NULL,
  `TASK_DEF_KEY_` varchar(255) COLLATE utf8_bin DEFAULT NULL,
  `PROC_INST_ID_` varchar(64) COLLATE utf8_bin DEFAULT NULL,
  `EXECUTION_ID_` varchar(64) COLLATE utf8_bin DEFAULT NULL,
  `NAME_` varchar(255) COLLATE utf8_bin DEFAULT NULL,
  `PARENT_TASK_ID_` varchar(64) COLLATE utf8_bin DEFAULT NULL,
  `DESCRIPTION_` varchar(4000) COLLATE utf8_bin DEFAULT NULL,
  `OWNER_` varchar(255) COLLATE utf8_bin DEFAULT NULL,
  `ASSIGNEE_` varchar(255) COLLATE utf8_bin DEFAULT NULL,
  `START_TIME_` datetime(3) NOT NULL,
  `CLAIM_TIME_` datetime(3) DEFAULT NULL,
  `END_TIME_` datetime(3) DEFAULT NULL,
  `DURATION_` bigint(20) DEFAULT NULL,
  `DELETE_REASON_` varchar(4000) COLLATE utf8_bin DEFAULT NULL,
  `PRIORITY_` int(11) DEFAULT NULL,
  `DUE_DATE_` datetime(3) DEFAULT NULL,
  `FORM_KEY_` varchar(255) COLLATE utf8_bin DEFAULT NULL,
  `CATEGORY_` varchar(255) COLLATE utf8_bin DEFAULT NULL,
  `TENANT_ID_` varchar(255) COLLATE utf8_bin DEFAULT '',
  PRIMARY KEY (`ID_`),
  KEY `ACT_IDX_HI_TASK_INST_PROCINST` (`PROC_INST_ID_`)
) ENGINE=InnoDB DEFAULT CHARSET=utf8 COLLATE=utf8_bin;

-- ----------------------------
-- Records of act_hi_taskinst
-- ----------------------------
INSERT INTO `act_hi_taskinst` VALUES ('4a71277f-9120-11e7-a391-005056c00001', 'leave:21:e13e6077-911d-11e7-a391-005056c00001', 'sid-D27D784B-758D-47D8-9D5B-D10FDA7C359E', '4a6eb67c-9120-11e7-a391-005056c00001', '4a6eb67c-9120-11e7-a391-005056c00001', '', null, 'callback', null, '1890471a658f4fbebbc67960eea6cfaa', '2017-09-04 11:22:33.201', null, '2017-09-04 11:32:49.013', '615812', 'completed', '50', null, null, null, '');
INSERT INTO `act_hi_taskinst` VALUES ('6ce61df8-912f-11e7-a391-005056c00001', 'leave:21:e13e6077-911d-11e7-a391-005056c00001', 'sid-D27D784B-758D-47D8-9D5B-D10FDA7C359E', '6ce5cfd5-912f-11e7-a391-005056c00001', '6ce5cfd5-912f-11e7-a391-005056c00001', '', null, null, null, '026a564bbfd84861ac4b65393644beef', '2017-09-04 13:10:53.461', null, '2017-09-04 13:12:01.957', '68496', 'completed', '50', null, null, null, '');
INSERT INTO `act_hi_taskinst` VALUES ('95c6e667-912f-11e7-a391-005056c00001', 'leave:21:e13e6077-911d-11e7-a391-005056c00001', 'sid-84D12022-7E08-414A-B80D-BA94F89CE906', '6ce5cfd5-912f-11e7-a391-005056c00001', '95c4ea93-912f-11e7-a391-005056c00001', '', null, null, null, '026a564bbfd84861ac4b65393644beef', '2017-09-04 13:12:02.052', null, '2017-09-04 13:12:55.224', '53172', 'completed', '50', null, null, null, '');
INSERT INTO `act_hi_taskinst` VALUES ('95d00e2b-912f-11e7-a391-005056c00001', 'leave:21:e13e6077-911d-11e7-a391-005056c00001', 'sid-84D12022-7E08-414A-B80D-BA94F89CE906', '6ce5cfd5-912f-11e7-a391-005056c00001', '95c511a4-912f-11e7-a391-005056c00001', '', null, null, null, '1890471a658f4fbebbc67960eea6cfaa', '2017-09-04 13:12:02.111', null, '2017-09-04 13:12:30.771', '28660', 'completed', '50', null, null, null, '');
INSERT INTO `act_hi_taskinst` VALUES ('b337b141-911d-11e7-a391-005056c00001', 'leave:20:4f8ad68c-911c-11e7-b720-005056c00001', 'sid-D27D784B-758D-47D8-9D5B-D10FDA7C359E', 'b32fe90e-911d-11e7-a391-005056c00001', 'b32fe90e-911d-11e7-a391-005056c00001', '', null, 'callback', null, '1890471a658f4fbebbc67960eea6cfaa', '2017-09-04 11:04:00.500', null, '2017-09-04 11:21:54.245', '1073745', 'completed', '50', null, null, null, '');
INSERT INTO `act_hi_taskinst` VALUES ('b58286e0-912f-11e7-a391-005056c00001', 'leave:21:e13e6077-911d-11e7-a391-005056c00001', 'sid-B5F4FC84-5420-40E1-9EEF-255C4FA5327B', '6ce5cfd5-912f-11e7-a391-005056c00001', '6ce5cfd5-912f-11e7-a391-005056c00001', '', null, null, null, '1890471a658f4fbebbc67960eea6cfaa', '2017-09-04 13:12:55.281', null, '2017-09-04 13:13:17.290', '22009', 'completed', '50', null, null, null, '');
INSERT INTO `act_hi_taskinst` VALUES ('c2a12396-912f-11e7-a391-005056c00001', 'leave:21:e13e6077-911d-11e7-a391-005056c00001', 'sid-115F3044-1FC9-4843-8D0B-02C648D0EB93', '6ce5cfd5-912f-11e7-a391-005056c00001', '6ce5cfd5-912f-11e7-a391-005056c00001', '', null, null, null, '026a564bbfd84861ac4b65393644beef', '2017-09-04 13:13:17.292', null, '2017-09-04 13:13:51.984', '34692', 'completed', '50', null, null, null, '');
INSERT INTO `act_hi_taskinst` VALUES ('c3091c8b-99af-11e7-a548-005056c00001', 'leave:21:e13e6077-911d-11e7-a391-005056c00001', 'sid-D27D784B-758D-47D8-9D5B-D10FDA7C359E', 'c303c558-99af-11e7-a548-005056c00001', 'c303c558-99af-11e7-a548-005056c00001', '', null, null, null, '1890471a658f4fbebbc67960eea6cfaa', '2017-09-15 08:49:42.866', null, null, null, null, '50', null, null, null, '');
INSERT INTO `act_hi_taskinst` VALUES ('c31d6087-9121-11e7-a391-005056c00001', 'leave:21:e13e6077-911d-11e7-a391-005056c00001', 'sid-D27D784B-758D-47D8-9D5B-D10FDA7C359E', 'c31aef84-9121-11e7-a391-005056c00001', 'c31aef84-9121-11e7-a391-005056c00001', '', null, null, null, '026a564bbfd84861ac4b65393644beef', '2017-09-04 11:33:05.153', null, '2017-09-04 13:07:33.455', '5668302', 'completed', '50', null, null, null, '');
INSERT INTO `act_hi_taskinst` VALUES ('f5c2b247-912e-11e7-a391-005056c00001', 'leave:21:e13e6077-911d-11e7-a391-005056c00001', 'sid-84D12022-7E08-414A-B80D-BA94F89CE906', 'c31aef84-9121-11e7-a391-005056c00001', 'f5b4a883-912e-11e7-a391-005056c00001', '', null, 'callback', null, '1890471a658f4fbebbc67960eea6cfaa', '2017-09-04 13:07:33.580', null, '2017-09-04 13:10:40.923', '187343', 'completed', '50', null, null, null, '');
INSERT INTO `act_hi_taskinst` VALUES ('f5c411dc-912e-11e7-a391-005056c00001', 'leave:21:e13e6077-911d-11e7-a391-005056c00001', 'sid-84D12022-7E08-414A-B80D-BA94F89CE906', 'c31aef84-9121-11e7-a391-005056c00001', 'f5b98a84-912e-11e7-a391-005056c00001', '', null, 'callback', null, '44b66661d5954f36a26465d96e837cf7', '2017-09-04 13:07:33.590', null, '2017-09-04 13:10:40.761', '187171', 'completed', '50', null, null, null, '');

-- ----------------------------
-- Table structure for act_hi_varinst
-- ----------------------------
DROP TABLE IF EXISTS `act_hi_varinst`;
CREATE TABLE `act_hi_varinst` (
  `ID_` varchar(64) COLLATE utf8_bin NOT NULL,
  `PROC_INST_ID_` varchar(64) COLLATE utf8_bin DEFAULT NULL,
  `EXECUTION_ID_` varchar(64) COLLATE utf8_bin DEFAULT NULL,
  `TASK_ID_` varchar(64) COLLATE utf8_bin DEFAULT NULL,
  `NAME_` varchar(255) COLLATE utf8_bin NOT NULL,
  `VAR_TYPE_` varchar(100) COLLATE utf8_bin DEFAULT NULL,
  `REV_` int(11) DEFAULT NULL,
  `BYTEARRAY_ID_` varchar(64) COLLATE utf8_bin DEFAULT NULL,
  `DOUBLE_` double DEFAULT NULL,
  `LONG_` bigint(20) DEFAULT NULL,
  `TEXT_` varchar(4000) COLLATE utf8_bin DEFAULT NULL,
  `TEXT2_` varchar(4000) COLLATE utf8_bin DEFAULT NULL,
  `CREATE_TIME_` datetime(3) DEFAULT NULL,
  `LAST_UPDATED_TIME_` datetime(3) DEFAULT NULL,
  PRIMARY KEY (`ID_`),
  KEY `ACT_IDX_HI_PROCVAR_PROC_INST` (`PROC_INST_ID_`),
  KEY `ACT_IDX_HI_PROCVAR_NAME_TYPE` (`NAME_`,`VAR_TYPE_`),
  KEY `ACT_IDX_HI_PROCVAR_TASK_ID` (`TASK_ID_`)
) ENGINE=InnoDB DEFAULT CHARSET=utf8 COLLATE=utf8_bin;

-- ----------------------------
-- Records of act_hi_varinst
-- ----------------------------
INSERT INTO `act_hi_varinst` VALUES ('95b13b7c-912f-11e7-a391-005056c00001', '6ce5cfd5-912f-11e7-a391-005056c00001', '6ce5cfd5-912f-11e7-a391-005056c00001', null, 'users', 'serializable', '1', '95b13b7d-912f-11e7-a391-005056c00001', null, null, null, null, '2017-09-04 13:12:01.900', '2017-09-04 13:13:51.992');
INSERT INTO `act_hi_varinst` VALUES ('95c49c70-912f-11e7-a391-005056c00001', '6ce5cfd5-912f-11e7-a391-005056c00001', '95c2eebe-912f-11e7-a391-005056c00001', null, 'nrOfInstances', 'integer', '1', null, null, '2', '2', null, '2017-09-04 13:12:02.027', '2017-09-04 13:12:55.278');
INSERT INTO `act_hi_varinst` VALUES ('95c4c381-912f-11e7-a391-005056c00001', '6ce5cfd5-912f-11e7-a391-005056c00001', '95c2eebe-912f-11e7-a391-005056c00001', null, 'nrOfCompletedInstances', 'integer', '2', null, null, '2', '2', null, '2017-09-04 13:12:02.028', '2017-09-04 13:12:55.278');
INSERT INTO `act_hi_varinst` VALUES ('95c4ea92-912f-11e7-a391-005056c00001', '6ce5cfd5-912f-11e7-a391-005056c00001', '95c2eebe-912f-11e7-a391-005056c00001', null, 'nrOfActiveInstances', 'integer', '2', null, null, '0', '0', null, '2017-09-04 13:12:02.029', '2017-09-04 13:12:55.278');
INSERT INTO `act_hi_varinst` VALUES ('95c69845-912f-11e7-a391-005056c00001', '6ce5cfd5-912f-11e7-a391-005056c00001', '95c4ea93-912f-11e7-a391-005056c00001', null, 'loopCounter', 'integer', '1', null, null, '0', '0', null, '2017-09-04 13:12:02.041', '2017-09-04 13:12:55.238');
INSERT INTO `act_hi_varinst` VALUES ('95c6bf56-912f-11e7-a391-005056c00001', '6ce5cfd5-912f-11e7-a391-005056c00001', '95c4ea93-912f-11e7-a391-005056c00001', null, 'user', 'string', '1', null, null, null, '026a564bbfd84861ac4b65393644beef', null, '2017-09-04 13:12:02.041', '2017-09-04 13:12:55.237');
INSERT INTO `act_hi_varinst` VALUES ('95cf98f8-912f-11e7-a391-005056c00001', '6ce5cfd5-912f-11e7-a391-005056c00001', '95c511a4-912f-11e7-a391-005056c00001', null, 'loopCounter', 'integer', '1', null, null, '1', '1', null, '2017-09-04 13:12:02.100', '2017-09-04 13:12:55.274');
INSERT INTO `act_hi_varinst` VALUES ('95cfc009-912f-11e7-a391-005056c00001', '6ce5cfd5-912f-11e7-a391-005056c00001', '95c511a4-912f-11e7-a391-005056c00001', null, 'user', 'string', '1', null, null, null, '1890471a658f4fbebbc67960eea6cfaa', null, '2017-09-04 13:12:02.100', '2017-09-04 13:12:55.272');
INSERT INTO `act_hi_varinst` VALUES ('c2a06043-912f-11e7-a391-005056c00001', '6ce5cfd5-912f-11e7-a391-005056c00001', '6ce5cfd5-912f-11e7-a391-005056c00001', null, 'day', 'string', '1', null, null, null, '3', null, '2017-09-04 13:13:17.287', '2017-09-04 13:13:51.992');
INSERT INTO `act_hi_varinst` VALUES ('f58b759c-912e-11e7-a391-005056c00001', 'c31aef84-9121-11e7-a391-005056c00001', 'c31aef84-9121-11e7-a391-005056c00001', null, 'users', 'serializable', '1', 'f58b759d-912e-11e7-a391-005056c00001', null, null, null, null, '2017-09-04 13:07:33.217', '2017-09-04 13:10:41.026');
INSERT INTO `act_hi_varinst` VALUES ('f5b48170-912e-11e7-a391-005056c00001', 'c31aef84-9121-11e7-a391-005056c00001', 'f5b40c3e-912e-11e7-a391-005056c00001', null, 'nrOfInstances', 'integer', '1', null, null, '2', '2', null, '2017-09-04 13:07:33.486', '2017-09-04 13:10:41.016');
INSERT INTO `act_hi_varinst` VALUES ('f5b4a881-912e-11e7-a391-005056c00001', 'c31aef84-9121-11e7-a391-005056c00001', 'f5b40c3e-912e-11e7-a391-005056c00001', null, 'nrOfCompletedInstances', 'integer', '2', null, null, '2', '2', null, '2017-09-04 13:07:33.487', '2017-09-04 13:10:41.016');
INSERT INTO `act_hi_varinst` VALUES ('f5b4a882-912e-11e7-a391-005056c00001', 'c31aef84-9121-11e7-a391-005056c00001', 'f5b40c3e-912e-11e7-a391-005056c00001', null, 'nrOfActiveInstances', 'integer', '2', null, null, '0', '0', null, '2017-09-04 13:07:33.487', '2017-09-04 13:10:41.016');
INSERT INTO `act_hi_varinst` VALUES ('f5b9ffb5-912e-11e7-a391-005056c00001', 'c31aef84-9121-11e7-a391-005056c00001', 'f5b4a883-912e-11e7-a391-005056c00001', null, 'loopCounter', 'integer', '1', null, null, '0', '0', null, '2017-09-04 13:07:33.522', '2017-09-04 13:10:40.949');
INSERT INTO `act_hi_varinst` VALUES ('f5ba26c6-912e-11e7-a391-005056c00001', 'c31aef84-9121-11e7-a391-005056c00001', 'f5b4a883-912e-11e7-a391-005056c00001', null, 'user', 'string', '1', null, null, null, '1890471a658f4fbebbc67960eea6cfaa', null, '2017-09-04 13:07:33.523', '2017-09-04 13:10:40.947');
INSERT INTO `act_hi_varinst` VALUES ('f5c411d9-912e-11e7-a391-005056c00001', 'c31aef84-9121-11e7-a391-005056c00001', 'f5b98a84-912e-11e7-a391-005056c00001', null, 'loopCounter', 'integer', '1', null, null, '1', '1', null, '2017-09-04 13:07:33.588', '2017-09-04 13:10:41.009');
INSERT INTO `act_hi_varinst` VALUES ('f5c411da-912e-11e7-a391-005056c00001', 'c31aef84-9121-11e7-a391-005056c00001', 'f5b98a84-912e-11e7-a391-005056c00001', null, 'user', 'string', '1', null, null, null, '44b66661d5954f36a26465d96e837cf7', null, '2017-09-04 13:07:33.588', '2017-09-04 13:10:41.008');

-- ----------------------------
-- Table structure for act_id_group
-- ----------------------------
DROP TABLE IF EXISTS `act_id_group`;
CREATE TABLE `act_id_group` (
  `ID_` varchar(64) COLLATE utf8_bin NOT NULL,
  `REV_` int(11) DEFAULT NULL,
  `NAME_` varchar(255) COLLATE utf8_bin DEFAULT NULL,
  `TYPE_` varchar(255) COLLATE utf8_bin DEFAULT NULL,
  PRIMARY KEY (`ID_`)
) ENGINE=InnoDB DEFAULT CHARSET=utf8 COLLATE=utf8_bin;

-- ----------------------------
-- Records of act_id_group
-- ----------------------------

-- ----------------------------
-- Table structure for act_id_info
-- ----------------------------
DROP TABLE IF EXISTS `act_id_info`;
CREATE TABLE `act_id_info` (
  `ID_` varchar(64) COLLATE utf8_bin NOT NULL,
  `REV_` int(11) DEFAULT NULL,
  `USER_ID_` varchar(64) COLLATE utf8_bin DEFAULT NULL,
  `TYPE_` varchar(64) COLLATE utf8_bin DEFAULT NULL,
  `KEY_` varchar(255) COLLATE utf8_bin DEFAULT NULL,
  `VALUE_` varchar(255) COLLATE utf8_bin DEFAULT NULL,
  `PASSWORD_` longblob,
  `PARENT_ID_` varchar(255) COLLATE utf8_bin DEFAULT NULL,
  PRIMARY KEY (`ID_`)
) ENGINE=InnoDB DEFAULT CHARSET=utf8 COLLATE=utf8_bin;

-- ----------------------------
-- Records of act_id_info
-- ----------------------------

-- ----------------------------
-- Table structure for act_id_membership
-- ----------------------------
DROP TABLE IF EXISTS `act_id_membership`;
CREATE TABLE `act_id_membership` (
  `USER_ID_` varchar(64) COLLATE utf8_bin NOT NULL,
  `GROUP_ID_` varchar(64) COLLATE utf8_bin NOT NULL,
  PRIMARY KEY (`USER_ID_`,`GROUP_ID_`),
  KEY `ACT_FK_MEMB_GROUP` (`GROUP_ID_`),
  CONSTRAINT `ACT_FK_MEMB_GROUP` FOREIGN KEY (`GROUP_ID_`) REFERENCES `act_id_group` (`ID_`),
  CONSTRAINT `ACT_FK_MEMB_USER` FOREIGN KEY (`USER_ID_`) REFERENCES `act_id_user` (`ID_`)
) ENGINE=InnoDB DEFAULT CHARSET=utf8 COLLATE=utf8_bin;

-- ----------------------------
-- Records of act_id_membership
-- ----------------------------

-- ----------------------------
-- Table structure for act_id_user
-- ----------------------------
DROP TABLE IF EXISTS `act_id_user`;
CREATE TABLE `act_id_user` (
  `ID_` varchar(64) COLLATE utf8_bin NOT NULL,
  `REV_` int(11) DEFAULT NULL,
  `FIRST_` varchar(255) COLLATE utf8_bin DEFAULT NULL,
  `LAST_` varchar(255) COLLATE utf8_bin DEFAULT NULL,
  `EMAIL_` varchar(255) COLLATE utf8_bin DEFAULT NULL,
  `PWD_` varchar(255) COLLATE utf8_bin DEFAULT NULL,
  `PICTURE_ID_` varchar(64) COLLATE utf8_bin DEFAULT NULL,
  PRIMARY KEY (`ID_`)
) ENGINE=InnoDB DEFAULT CHARSET=utf8 COLLATE=utf8_bin;

-- ----------------------------
-- Records of act_id_user
-- ----------------------------

-- ----------------------------
-- Table structure for act_procdef_info
-- ----------------------------
DROP TABLE IF EXISTS `act_procdef_info`;
CREATE TABLE `act_procdef_info` (
  `ID_` varchar(64) COLLATE utf8_bin NOT NULL,
  `PROC_DEF_ID_` varchar(64) COLLATE utf8_bin NOT NULL,
  `REV_` int(11) DEFAULT NULL,
  `INFO_JSON_ID_` varchar(64) COLLATE utf8_bin DEFAULT NULL,
  PRIMARY KEY (`ID_`),
  UNIQUE KEY `ACT_UNIQ_INFO_PROCDEF` (`PROC_DEF_ID_`),
  KEY `ACT_IDX_INFO_PROCDEF` (`PROC_DEF_ID_`),
  KEY `ACT_FK_INFO_JSON_BA` (`INFO_JSON_ID_`),
  CONSTRAINT `ACT_FK_INFO_JSON_BA` FOREIGN KEY (`INFO_JSON_ID_`) REFERENCES `act_ge_bytearray` (`ID_`),
  CONSTRAINT `ACT_FK_INFO_PROCDEF` FOREIGN KEY (`PROC_DEF_ID_`) REFERENCES `act_re_procdef` (`ID_`)
) ENGINE=InnoDB DEFAULT CHARSET=utf8 COLLATE=utf8_bin;

-- ----------------------------
-- Records of act_procdef_info
-- ----------------------------

-- ----------------------------
-- Table structure for act_re_deployment
-- ----------------------------
DROP TABLE IF EXISTS `act_re_deployment`;
CREATE TABLE `act_re_deployment` (
  `ID_` varchar(64) COLLATE utf8_bin NOT NULL,
  `NAME_` varchar(255) COLLATE utf8_bin DEFAULT NULL,
  `CATEGORY_` varchar(255) COLLATE utf8_bin DEFAULT NULL,
  `TENANT_ID_` varchar(255) COLLATE utf8_bin DEFAULT '',
  `DEPLOY_TIME_` timestamp(3) NULL DEFAULT NULL,
  PRIMARY KEY (`ID_`)
) ENGINE=InnoDB DEFAULT CHARSET=utf8 COLLATE=utf8_bin;

-- ----------------------------
-- Records of act_re_deployment
-- ----------------------------
INSERT INTO `act_re_deployment` VALUES ('4f64d7f9-911c-11e7-b720-005056c00001', 'demo', null, '', '2017-09-04 10:54:03.520');
INSERT INTO `act_re_deployment` VALUES ('6109dc95-911b-11e7-b720-005056c00001', 'demo', null, '', '2017-09-04 10:47:23.626');
INSERT INTO `act_re_deployment` VALUES ('e0f374c4-911d-11e7-a391-005056c00001', 'demo', null, '', '2017-09-04 11:05:17.222');

-- ----------------------------
-- Table structure for act_re_model
-- ----------------------------
DROP TABLE IF EXISTS `act_re_model`;
CREATE TABLE `act_re_model` (
  `ID_` varchar(64) COLLATE utf8_bin NOT NULL,
  `REV_` int(11) DEFAULT NULL,
  `NAME_` varchar(255) COLLATE utf8_bin DEFAULT NULL,
  `KEY_` varchar(255) COLLATE utf8_bin DEFAULT NULL,
  `CATEGORY_` varchar(255) COLLATE utf8_bin DEFAULT NULL,
  `CREATE_TIME_` timestamp(3) NULL DEFAULT NULL,
  `LAST_UPDATE_TIME_` timestamp(3) NULL DEFAULT NULL,
  `VERSION_` int(11) DEFAULT NULL,
  `META_INFO_` varchar(4000) COLLATE utf8_bin DEFAULT NULL,
  `DEPLOYMENT_ID_` varchar(64) COLLATE utf8_bin DEFAULT NULL,
  `EDITOR_SOURCE_VALUE_ID_` varchar(64) COLLATE utf8_bin DEFAULT NULL,
  `EDITOR_SOURCE_EXTRA_VALUE_ID_` varchar(64) COLLATE utf8_bin DEFAULT NULL,
  `TENANT_ID_` varchar(255) COLLATE utf8_bin DEFAULT '',
  PRIMARY KEY (`ID_`),
  KEY `ACT_FK_MODEL_SOURCE` (`EDITOR_SOURCE_VALUE_ID_`),
  KEY `ACT_FK_MODEL_SOURCE_EXTRA` (`EDITOR_SOURCE_EXTRA_VALUE_ID_`),
  KEY `ACT_FK_MODEL_DEPLOYMENT` (`DEPLOYMENT_ID_`),
  CONSTRAINT `ACT_FK_MODEL_DEPLOYMENT` FOREIGN KEY (`DEPLOYMENT_ID_`) REFERENCES `act_re_deployment` (`ID_`),
  CONSTRAINT `ACT_FK_MODEL_SOURCE` FOREIGN KEY (`EDITOR_SOURCE_VALUE_ID_`) REFERENCES `act_ge_bytearray` (`ID_`),
  CONSTRAINT `ACT_FK_MODEL_SOURCE_EXTRA` FOREIGN KEY (`EDITOR_SOURCE_EXTRA_VALUE_ID_`) REFERENCES `act_ge_bytearray` (`ID_`)
) ENGINE=InnoDB DEFAULT CHARSET=utf8 COLLATE=utf8_bin;

-- ----------------------------
-- Records of act_re_model
-- ----------------------------
INSERT INTO `act_re_model` VALUES ('0d5ab866-99e1-11e7-9702-005056c00001', '2', '', null, null, '2017-09-15 14:42:32.883', '2017-09-15 14:42:33.007', '1', '{\"name\":\"\",\"revision\":1,\"description\":null}', null, '0d6da427-99e1-11e7-9702-005056c00001', null, '');
INSERT INTO `act_re_model` VALUES ('1ecc61b2-9119-11e7-b720-005056c00001', '9', 'demo', 'leave', null, '2017-09-04 10:31:13.500', '2017-09-04 11:05:17.773', '1', '{\"name\":\"demo\",\"revision\":1,\"description\":\"\"}', 'e0f374c4-911d-11e7-a391-005056c00001', '1ed2f163-9119-11e7-b720-005056c00001', '93bf1524-911a-11e7-b720-005056c00001', '');
INSERT INTO `act_re_model` VALUES ('6981008a-99e2-11e7-9702-005056c00001', '2', '', null, null, '2017-09-15 14:52:16.980', '2017-09-15 14:52:17.018', '1', '{\"name\":\"\",\"revision\":1,\"description\":null}', null, '6986a5db-99e2-11e7-9702-005056c00001', null, '');
INSERT INTO `act_re_model` VALUES ('b13d5f08-99e1-11e7-9702-005056c00001', '2', 'a', null, null, '2017-09-15 14:47:07.837', '2017-09-15 14:47:08.053', '1', '{\"name\":\"a\",\"revision\":1,\"description\":null}', null, 'b15e5489-99e1-11e7-9702-005056c00001', null, '');

-- ----------------------------
-- Table structure for act_re_procdef
-- ----------------------------
DROP TABLE IF EXISTS `act_re_procdef`;
CREATE TABLE `act_re_procdef` (
  `ID_` varchar(64) COLLATE utf8_bin NOT NULL,
  `REV_` int(11) DEFAULT NULL,
  `CATEGORY_` varchar(255) COLLATE utf8_bin DEFAULT NULL,
  `NAME_` varchar(255) COLLATE utf8_bin DEFAULT NULL,
  `KEY_` varchar(255) COLLATE utf8_bin NOT NULL,
  `VERSION_` int(11) NOT NULL,
  `DEPLOYMENT_ID_` varchar(64) COLLATE utf8_bin DEFAULT NULL,
  `RESOURCE_NAME_` varchar(4000) COLLATE utf8_bin DEFAULT NULL,
  `DGRM_RESOURCE_NAME_` varchar(4000) COLLATE utf8_bin DEFAULT NULL,
  `DESCRIPTION_` varchar(4000) COLLATE utf8_bin DEFAULT NULL,
  `HAS_START_FORM_KEY_` tinyint(4) DEFAULT NULL,
  `HAS_GRAPHICAL_NOTATION_` tinyint(4) DEFAULT NULL,
  `SUSPENSION_STATE_` int(11) DEFAULT NULL,
  `TENANT_ID_` varchar(255) COLLATE utf8_bin DEFAULT '',
  PRIMARY KEY (`ID_`),
  UNIQUE KEY `ACT_UNIQ_PROCDEF` (`KEY_`,`VERSION_`,`TENANT_ID_`)
) ENGINE=InnoDB DEFAULT CHARSET=utf8 COLLATE=utf8_bin;

-- ----------------------------
-- Records of act_re_procdef
-- ----------------------------
INSERT INTO `act_re_procdef` VALUES ('leave:10:45069', '1', 'http://www.activiti.org/processdef', '', 'leave', '10', '45066', '45059.bpmn20.xml', '45059.leave.png', null, '0', '1', '1', '');
INSERT INTO `act_re_procdef` VALUES ('leave:11:45079', '1', 'http://www.activiti.org/processdef', '', 'leave', '11', '45076', '45059.bpmn20.xml', '45059.leave.png', null, '0', '1', '1', '');
INSERT INTO `act_re_procdef` VALUES ('leave:12:45083', '1', 'http://www.activiti.org/processdef', '', 'leave', '12', '45080', '45059.bpmn20.xml', '45059.leave.png', null, '0', '1', '1', '');
INSERT INTO `act_re_procdef` VALUES ('leave:13:45087', '1', 'http://www.activiti.org/processdef', '', 'leave', '13', '45084', '45059.bpmn20.xml', '45059.leave.png', null, '0', '1', '1', '');
INSERT INTO `act_re_procdef` VALUES ('leave:14:70005', '1', 'http://www.activiti.org/processdef', '', 'leave', '14', '70002', '67501.bpmn20.xml', '67501.leave.png', null, '0', '1', '1', '');
INSERT INTO `act_re_procdef` VALUES ('leave:15:18f469eb-8cc0-11e7-92ce-005056c00001', '1', 'http://www.activiti.org/processdef', '2341', 'leave', '15', '186633a8-8cc0-11e7-92ce-005056c00001', '80007.bpmn20.xml', '80007.leave.png', null, '0', '1', '1', '');
INSERT INTO `act_re_procdef` VALUES ('leave:16:eac61dd3-8d28-11e7-92ce-005056c00001', '1', 'http://www.activiti.org/processdef', '2341', 'leave', '16', 'eaa109a0-8d28-11e7-92ce-005056c00001', '80007.bpmn20.xml', '80007.leave.png', null, '0', '1', '1', '');
INSERT INTO `act_re_procdef` VALUES ('leave:17:a9c4c0c4-8e24-11e7-85a6-005056c00001', '1', 'http://www.activiti.org/processdef', '', 'leave', '17', 'a999b921-8e24-11e7-85a6-005056c00001', '60aa4e4e-8e24-11e7-85a6-005056c00001.bpmn20.xml', '60aa4e4e-8e24-11e7-85a6-005056c00001.leave.png', null, '0', '1', '1', '');
INSERT INTO `act_re_procdef` VALUES ('leave:18:fc81c888-8e24-11e7-85a6-005056c00001', '1', 'http://www.activiti.org/processdef', '', 'leave', '18', 'fc6c92d5-8e24-11e7-85a6-005056c00001', '60aa4e4e-8e24-11e7-85a6-005056c00001.bpmn20.xml', '60aa4e4e-8e24-11e7-85a6-005056c00001.leave.png', null, '0', '1', '1', '');
INSERT INTO `act_re_procdef` VALUES ('leave:19:6185c358-911b-11e7-b720-005056c00001', '1', 'http://www.activiti.org/processdef', 'demo', 'leave', '19', '6109dc95-911b-11e7-b720-005056c00001', '1ecc61b2-9119-11e7-b720-005056c00001.bpmn20.xml', '1ecc61b2-9119-11e7-b720-005056c00001.leave.png', null, '0', '1', '1', '');
INSERT INTO `act_re_procdef` VALUES ('leave:1:11', '1', 'http://www.activiti.org/processdef', '2', 'leave', '1', '8', '5.bpmn20.xml', '5.leave.png', null, '0', '1', '1', '');
INSERT INTO `act_re_procdef` VALUES ('leave:20:4f8ad68c-911c-11e7-b720-005056c00001', '1', 'http://www.activiti.org/processdef', 'demo', 'leave', '20', '4f64d7f9-911c-11e7-b720-005056c00001', '1ecc61b2-9119-11e7-b720-005056c00001.bpmn20.xml', '1ecc61b2-9119-11e7-b720-005056c00001.leave.png', null, '0', '1', '1', '');
INSERT INTO `act_re_procdef` VALUES ('leave:21:e13e6077-911d-11e7-a391-005056c00001', '1', 'http://www.activiti.org/processdef', 'demo', 'leave', '21', 'e0f374c4-911d-11e7-a391-005056c00001', '1ecc61b2-9119-11e7-b720-005056c00001.bpmn20.xml', '1ecc61b2-9119-11e7-b720-005056c00001.leave.png', null, '0', '1', '1', '');
INSERT INTO `act_re_procdef` VALUES ('leave:2:16', '1', 'http://www.activiti.org/processdef', '1', 'leave', '2', '13', '3.bpmn20.xml', '3.leave.png', null, '0', '1', '1', '');
INSERT INTO `act_re_procdef` VALUES ('leave:3:20', '1', 'http://www.activiti.org/processdef', '1', 'leave', '3', '17', '3.bpmn20.xml', '3.leave.png', null, '0', '1', '1', '');
INSERT INTO `act_re_procdef` VALUES ('leave:4:32519', '1', 'http://www.activiti.org/processdef', '', 'leave', '4', '32516', '3.bpmn20.xml', '3.leave.png', null, '0', '1', '1', '');
INSERT INTO `act_re_procdef` VALUES ('leave:5:32523', '1', 'http://www.activiti.org/processdef', '', 'leave', '5', '32520', '3.bpmn20.xml', '3.leave.png', null, '0', '1', '1', '');
INSERT INTO `act_re_procdef` VALUES ('leave:6:32533', '1', 'http://www.activiti.org/processdef', '', 'leave', '6', '32530', '3.bpmn20.xml', '3.leave.png', null, '0', '1', '1', '');
INSERT INTO `act_re_procdef` VALUES ('leave:7:37598', '1', 'http://www.activiti.org/processdef', '', 'leave', '7', '37595', '5.bpmn20.xml', '5.leave.png', null, '0', '1', '1', '');
INSERT INTO `act_re_procdef` VALUES ('leave:8:45030', '1', 'http://www.activiti.org/processdef', '', 'leave', '8', '45027', '5.bpmn20.xml', '5.leave.png', null, '0', '1', '1', '');
INSERT INTO `act_re_procdef` VALUES ('leave:9:45065', '1', 'http://www.activiti.org/processdef', '', 'leave', '9', '45062', '45059.bpmn20.xml', '45059.leave.png', null, '0', '1', '1', '');

-- ----------------------------
-- Table structure for act_ru_event_subscr
-- ----------------------------
DROP TABLE IF EXISTS `act_ru_event_subscr`;
CREATE TABLE `act_ru_event_subscr` (
  `ID_` varchar(64) COLLATE utf8_bin NOT NULL,
  `REV_` int(11) DEFAULT NULL,
  `EVENT_TYPE_` varchar(255) COLLATE utf8_bin NOT NULL,
  `EVENT_NAME_` varchar(255) COLLATE utf8_bin DEFAULT NULL,
  `EXECUTION_ID_` varchar(64) COLLATE utf8_bin DEFAULT NULL,
  `PROC_INST_ID_` varchar(64) COLLATE utf8_bin DEFAULT NULL,
  `ACTIVITY_ID_` varchar(64) COLLATE utf8_bin DEFAULT NULL,
  `CONFIGURATION_` varchar(255) COLLATE utf8_bin DEFAULT NULL,
  `CREATED_` timestamp(3) NOT NULL DEFAULT CURRENT_TIMESTAMP(3),
  `PROC_DEF_ID_` varchar(64) COLLATE utf8_bin DEFAULT NULL,
  `TENANT_ID_` varchar(255) COLLATE utf8_bin DEFAULT '',
  PRIMARY KEY (`ID_`),
  KEY `ACT_IDX_EVENT_SUBSCR_CONFIG_` (`CONFIGURATION_`),
  KEY `ACT_FK_EVENT_EXEC` (`EXECUTION_ID_`),
  CONSTRAINT `ACT_FK_EVENT_EXEC` FOREIGN KEY (`EXECUTION_ID_`) REFERENCES `act_ru_execution` (`ID_`)
) ENGINE=InnoDB DEFAULT CHARSET=utf8 COLLATE=utf8_bin;

-- ----------------------------
-- Records of act_ru_event_subscr
-- ----------------------------

-- ----------------------------
-- Table structure for act_ru_execution
-- ----------------------------
DROP TABLE IF EXISTS `act_ru_execution`;
CREATE TABLE `act_ru_execution` (
  `ID_` varchar(64) COLLATE utf8_bin NOT NULL,
  `REV_` int(11) DEFAULT NULL,
  `PROC_INST_ID_` varchar(64) COLLATE utf8_bin DEFAULT NULL,
  `BUSINESS_KEY_` varchar(255) COLLATE utf8_bin DEFAULT NULL,
  `PARENT_ID_` varchar(64) COLLATE utf8_bin DEFAULT NULL,
  `PROC_DEF_ID_` varchar(64) COLLATE utf8_bin DEFAULT NULL,
  `SUPER_EXEC_` varchar(64) COLLATE utf8_bin DEFAULT NULL,
  `ACT_ID_` varchar(255) COLLATE utf8_bin DEFAULT NULL,
  `IS_ACTIVE_` tinyint(4) DEFAULT NULL,
  `IS_CONCURRENT_` tinyint(4) DEFAULT NULL,
  `IS_SCOPE_` tinyint(4) DEFAULT NULL,
  `IS_EVENT_SCOPE_` tinyint(4) DEFAULT NULL,
  `SUSPENSION_STATE_` int(11) DEFAULT NULL,
  `CACHED_ENT_STATE_` int(11) DEFAULT NULL,
  `TENANT_ID_` varchar(255) COLLATE utf8_bin DEFAULT '',
  `NAME_` varchar(255) COLLATE utf8_bin DEFAULT NULL,
  `LOCK_TIME_` timestamp(3) NULL DEFAULT NULL,
  PRIMARY KEY (`ID_`),
  KEY `ACT_IDX_EXEC_BUSKEY` (`BUSINESS_KEY_`),
  KEY `ACT_FK_EXE_PROCINST` (`PROC_INST_ID_`),
  KEY `ACT_FK_EXE_PARENT` (`PARENT_ID_`),
  KEY `ACT_FK_EXE_SUPER` (`SUPER_EXEC_`),
  KEY `ACT_FK_EXE_PROCDEF` (`PROC_DEF_ID_`),
  CONSTRAINT `ACT_FK_EXE_PARENT` FOREIGN KEY (`PARENT_ID_`) REFERENCES `act_ru_execution` (`ID_`),
  CONSTRAINT `ACT_FK_EXE_PROCDEF` FOREIGN KEY (`PROC_DEF_ID_`) REFERENCES `act_re_procdef` (`ID_`),
  CONSTRAINT `ACT_FK_EXE_PROCINST` FOREIGN KEY (`PROC_INST_ID_`) REFERENCES `act_ru_execution` (`ID_`) ON DELETE CASCADE ON UPDATE CASCADE,
  CONSTRAINT `ACT_FK_EXE_SUPER` FOREIGN KEY (`SUPER_EXEC_`) REFERENCES `act_ru_execution` (`ID_`)
) ENGINE=InnoDB DEFAULT CHARSET=utf8 COLLATE=utf8_bin;

-- ----------------------------
-- Records of act_ru_execution
-- ----------------------------
INSERT INTO `act_ru_execution` VALUES ('c303c558-99af-11e7-a548-005056c00001', '1', 'c303c558-99af-11e7-a548-005056c00001', 'f868d8fff2344fa2aa3d211aa8dd2cff', null, 'leave:21:e13e6077-911d-11e7-a391-005056c00001', null, 'sid-D27D784B-758D-47D8-9D5B-D10FDA7C359E', '1', '0', '1', '0', '1', '2', '', null, null);

-- ----------------------------
-- Table structure for act_ru_identitylink
-- ----------------------------
DROP TABLE IF EXISTS `act_ru_identitylink`;
CREATE TABLE `act_ru_identitylink` (
  `ID_` varchar(64) COLLATE utf8_bin NOT NULL,
  `REV_` int(11) DEFAULT NULL,
  `GROUP_ID_` varchar(255) COLLATE utf8_bin DEFAULT NULL,
  `TYPE_` varchar(255) COLLATE utf8_bin DEFAULT NULL,
  `USER_ID_` varchar(255) COLLATE utf8_bin DEFAULT NULL,
  `TASK_ID_` varchar(64) COLLATE utf8_bin DEFAULT NULL,
  `PROC_INST_ID_` varchar(64) COLLATE utf8_bin DEFAULT NULL,
  `PROC_DEF_ID_` varchar(64) COLLATE utf8_bin DEFAULT NULL,
  PRIMARY KEY (`ID_`),
  KEY `ACT_IDX_IDENT_LNK_USER` (`USER_ID_`),
  KEY `ACT_IDX_IDENT_LNK_GROUP` (`GROUP_ID_`),
  KEY `ACT_IDX_ATHRZ_PROCEDEF` (`PROC_DEF_ID_`),
  KEY `ACT_FK_TSKASS_TASK` (`TASK_ID_`),
  KEY `ACT_FK_IDL_PROCINST` (`PROC_INST_ID_`),
  CONSTRAINT `ACT_FK_ATHRZ_PROCEDEF` FOREIGN KEY (`PROC_DEF_ID_`) REFERENCES `act_re_procdef` (`ID_`),
  CONSTRAINT `ACT_FK_IDL_PROCINST` FOREIGN KEY (`PROC_INST_ID_`) REFERENCES `act_ru_execution` (`ID_`),
  CONSTRAINT `ACT_FK_TSKASS_TASK` FOREIGN KEY (`TASK_ID_`) REFERENCES `act_ru_task` (`ID_`)
) ENGINE=InnoDB DEFAULT CHARSET=utf8 COLLATE=utf8_bin;

-- ----------------------------
-- Records of act_ru_identitylink
-- ----------------------------
INSERT INTO `act_ru_identitylink` VALUES ('c32270ec-99af-11e7-a548-005056c00001', '1', null, 'participant', '1890471a658f4fbebbc67960eea6cfaa', null, 'c303c558-99af-11e7-a548-005056c00001', null);

-- ----------------------------
-- Table structure for act_ru_job
-- ----------------------------
DROP TABLE IF EXISTS `act_ru_job`;
CREATE TABLE `act_ru_job` (
  `ID_` varchar(64) COLLATE utf8_bin NOT NULL,
  `REV_` int(11) DEFAULT NULL,
  `TYPE_` varchar(255) COLLATE utf8_bin NOT NULL,
  `LOCK_EXP_TIME_` timestamp(3) NULL DEFAULT NULL,
  `LOCK_OWNER_` varchar(255) COLLATE utf8_bin DEFAULT NULL,
  `EXCLUSIVE_` tinyint(1) DEFAULT NULL,
  `EXECUTION_ID_` varchar(64) COLLATE utf8_bin DEFAULT NULL,
  `PROCESS_INSTANCE_ID_` varchar(64) COLLATE utf8_bin DEFAULT NULL,
  `PROC_DEF_ID_` varchar(64) COLLATE utf8_bin DEFAULT NULL,
  `RETRIES_` int(11) DEFAULT NULL,
  `EXCEPTION_STACK_ID_` varchar(64) COLLATE utf8_bin DEFAULT NULL,
  `EXCEPTION_MSG_` varchar(4000) COLLATE utf8_bin DEFAULT NULL,
  `DUEDATE_` timestamp(3) NULL DEFAULT NULL,
  `REPEAT_` varchar(255) COLLATE utf8_bin DEFAULT NULL,
  `HANDLER_TYPE_` varchar(255) COLLATE utf8_bin DEFAULT NULL,
  `HANDLER_CFG_` varchar(4000) COLLATE utf8_bin DEFAULT NULL,
  `TENANT_ID_` varchar(255) COLLATE utf8_bin DEFAULT '',
  PRIMARY KEY (`ID_`),
  KEY `ACT_FK_JOB_EXCEPTION` (`EXCEPTION_STACK_ID_`),
  CONSTRAINT `ACT_FK_JOB_EXCEPTION` FOREIGN KEY (`EXCEPTION_STACK_ID_`) REFERENCES `act_ge_bytearray` (`ID_`)
) ENGINE=InnoDB DEFAULT CHARSET=utf8 COLLATE=utf8_bin;

-- ----------------------------
-- Records of act_ru_job
-- ----------------------------

-- ----------------------------
-- Table structure for act_ru_task
-- ----------------------------
DROP TABLE IF EXISTS `act_ru_task`;
CREATE TABLE `act_ru_task` (
  `ID_` varchar(64) COLLATE utf8_bin NOT NULL,
  `REV_` int(11) DEFAULT NULL,
  `EXECUTION_ID_` varchar(64) COLLATE utf8_bin DEFAULT NULL,
  `PROC_INST_ID_` varchar(64) COLLATE utf8_bin DEFAULT NULL,
  `PROC_DEF_ID_` varchar(64) COLLATE utf8_bin DEFAULT NULL,
  `NAME_` varchar(255) COLLATE utf8_bin DEFAULT NULL,
  `PARENT_TASK_ID_` varchar(64) COLLATE utf8_bin DEFAULT NULL,
  `DESCRIPTION_` varchar(4000) COLLATE utf8_bin DEFAULT NULL,
  `TASK_DEF_KEY_` varchar(255) COLLATE utf8_bin DEFAULT NULL,
  `OWNER_` varchar(255) COLLATE utf8_bin DEFAULT NULL,
  `ASSIGNEE_` varchar(255) COLLATE utf8_bin DEFAULT NULL,
  `DELEGATION_` varchar(64) COLLATE utf8_bin DEFAULT NULL,
  `PRIORITY_` int(11) DEFAULT NULL,
  `CREATE_TIME_` timestamp(3) NULL DEFAULT NULL,
  `DUE_DATE_` datetime(3) DEFAULT NULL,
  `CATEGORY_` varchar(255) COLLATE utf8_bin DEFAULT NULL,
  `SUSPENSION_STATE_` int(11) DEFAULT NULL,
  `TENANT_ID_` varchar(255) COLLATE utf8_bin DEFAULT '',
  `FORM_KEY_` varchar(255) COLLATE utf8_bin DEFAULT NULL,
  PRIMARY KEY (`ID_`),
  KEY `ACT_IDX_TASK_CREATE` (`CREATE_TIME_`),
  KEY `ACT_FK_TASK_EXE` (`EXECUTION_ID_`),
  KEY `ACT_FK_TASK_PROCINST` (`PROC_INST_ID_`),
  KEY `ACT_FK_TASK_PROCDEF` (`PROC_DEF_ID_`),
  CONSTRAINT `ACT_FK_TASK_EXE` FOREIGN KEY (`EXECUTION_ID_`) REFERENCES `act_ru_execution` (`ID_`),
  CONSTRAINT `ACT_FK_TASK_PROCDEF` FOREIGN KEY (`PROC_DEF_ID_`) REFERENCES `act_re_procdef` (`ID_`),
  CONSTRAINT `ACT_FK_TASK_PROCINST` FOREIGN KEY (`PROC_INST_ID_`) REFERENCES `act_ru_execution` (`ID_`)
) ENGINE=InnoDB DEFAULT CHARSET=utf8 COLLATE=utf8_bin;

-- ----------------------------
-- Records of act_ru_task
-- ----------------------------
INSERT INTO `act_ru_task` VALUES ('c3091c8b-99af-11e7-a548-005056c00001', '2', 'c303c558-99af-11e7-a548-005056c00001', 'c303c558-99af-11e7-a548-005056c00001', 'leave:21:e13e6077-911d-11e7-a391-005056c00001', '', null, null, 'sid-D27D784B-758D-47D8-9D5B-D10FDA7C359E', null, '1890471a658f4fbebbc67960eea6cfaa', null, '50', '2017-09-15 08:49:42.857', null, null, '1', '', null);

-- ----------------------------
-- Table structure for act_ru_variable
-- ----------------------------
DROP TABLE IF EXISTS `act_ru_variable`;
CREATE TABLE `act_ru_variable` (
  `ID_` varchar(64) COLLATE utf8_bin NOT NULL,
  `REV_` int(11) DEFAULT NULL,
  `TYPE_` varchar(255) COLLATE utf8_bin NOT NULL,
  `NAME_` varchar(255) COLLATE utf8_bin NOT NULL,
  `EXECUTION_ID_` varchar(64) COLLATE utf8_bin DEFAULT NULL,
  `PROC_INST_ID_` varchar(64) COLLATE utf8_bin DEFAULT NULL,
  `TASK_ID_` varchar(64) COLLATE utf8_bin DEFAULT NULL,
  `BYTEARRAY_ID_` varchar(64) COLLATE utf8_bin DEFAULT NULL,
  `DOUBLE_` double DEFAULT NULL,
  `LONG_` bigint(20) DEFAULT NULL,
  `TEXT_` varchar(4000) COLLATE utf8_bin DEFAULT NULL,
  `TEXT2_` varchar(4000) COLLATE utf8_bin DEFAULT NULL,
  PRIMARY KEY (`ID_`),
  KEY `ACT_IDX_VARIABLE_TASK_ID` (`TASK_ID_`),
  KEY `ACT_FK_VAR_EXE` (`EXECUTION_ID_`),
  KEY `ACT_FK_VAR_PROCINST` (`PROC_INST_ID_`),
  KEY `ACT_FK_VAR_BYTEARRAY` (`BYTEARRAY_ID_`),
  CONSTRAINT `ACT_FK_VAR_BYTEARRAY` FOREIGN KEY (`BYTEARRAY_ID_`) REFERENCES `act_ge_bytearray` (`ID_`),
  CONSTRAINT `ACT_FK_VAR_EXE` FOREIGN KEY (`EXECUTION_ID_`) REFERENCES `act_ru_execution` (`ID_`),
  CONSTRAINT `ACT_FK_VAR_PROCINST` FOREIGN KEY (`PROC_INST_ID_`) REFERENCES `act_ru_execution` (`ID_`)
) ENGINE=InnoDB DEFAULT CHARSET=utf8 COLLATE=utf8_bin;

-- ----------------------------
-- Records of act_ru_variable
-- ----------------------------

-- ----------------------------
-- Table structure for extend_act_business
-- ----------------------------
DROP TABLE IF EXISTS `extend_act_business`;
CREATE TABLE `extend_act_business` (
  `id` varchar(32) NOT NULL,
  `name` varchar(100) DEFAULT NULL COMMENT '',
  `act_key` varchar(50) DEFAULT NULL COMMENT 'key ',
  `classurl` varchar(150) DEFAULT NULL COMMENT '',
  `type` varchar(1) DEFAULT NULL COMMENT '0= 1= 2= 3=',
  `parent_id` varchar(32) DEFAULT NULL COMMENT 'id',
  `sort` varchar(4) DEFAULT NULL COMMENT '',
  `open` varchar(5) DEFAULT NULL COMMENT '',
  `remark` varchar(255) DEFAULT NULL COMMENT '',
  `create_id` varchar(32) DEFAULT NULL COMMENT 'Id',
  `create_time` datetime DEFAULT NULL,
  `update_id` varchar(255) DEFAULT NULL,
  `update_time` datetime DEFAULT NULL,
  `baid` varchar(32) DEFAULT NULL,
  `bapid` varchar(32) DEFAULT NULL,
  PRIMARY KEY (`id`)
) ENGINE=InnoDB DEFAULT CHARSET=utf8 COMMENT='   ';

-- ----------------------------
-- Records of extend_act_business
-- ----------------------------
INSERT INTO `extend_act_business` VALUES ('2dd79ea6652244b789cfeffbece4fec9', '', 'leave', 'com.hxy.demo.entity.LeaveEntity', '3', 'dc2c625a139e4b05bd8ee33e1fe38a40', '1', 'true', '', '026a564bbfd84861ac4b65393644beef', '2017-07-26 15:07:27', '026a564bbfd84861ac4b65393644beef', '2017-07-27 16:24:08', '772a287903f14e01bc4077e5082823cf', '6804cf9cd7eb46148183f16f99d5e6c6');
INSERT INTO `extend_act_business` VALUES ('79cc0fe7bac741d0a6d7f8d72bbee313', '', 'root', '111', '1', '79cc0fe7bac741d0a6d7f8d72bbee313', '1', 'true', '', '026a564bbfd84861ac4b65393644beef', '2017-07-25 21:43:52', '026a564bbfd84861ac4b65393644beef', '2017-07-26 15:14:43', '772a287903f14e01bc4077e5082823cf', '6804cf9cd7eb46148183f16f99d5e6c6');
INSERT INTO `extend_act_business` VALUES ('9146ff7b2d3248df8f89bef6fa5dfbd3', '', 'leave_1', 'com.hxy.demo.callBack.ActCallBack.leaveBack', '4', '2dd79ea6652244b789cfeffbece4fec9', '1', 'false', '', '026a564bbfd84861ac4b65393644beef', '2017-07-27 16:30:27', null, null, null, null);
INSERT INTO `extend_act_business` VALUES ('dc2c625a139e4b05bd8ee33e1fe38a40', '', 'renshi', '', '2', '79cc0fe7bac741d0a6d7f8d72bbee313', '1', 'true', '', '026a564bbfd84861ac4b65393644beef', '2017-07-27 11:22:58', '026a564bbfd84861ac4b65393644beef', '2017-09-04 09:58:06', '772a287903f14e01bc4077e5082823cf', '6804cf9cd7eb46148183f16f99d5e6c6');

-- ----------------------------
-- Table structure for extend_act_flowbus
-- ----------------------------
DROP TABLE IF EXISTS `extend_act_flowbus`;
CREATE TABLE `extend_act_flowbus` (
  `id` varchar(32) DEFAULT NULL,
  `bus_id` varchar(32) DEFAULT NULL COMMENT 'ID',
  `status` varchar(6) DEFAULT NULL COMMENT '  1= 2= 3=',
  `start_time` datetime DEFAULT NULL COMMENT '',
  `instance_id` varchar(64) DEFAULT NULL COMMENT 'id',
  `defid` varchar(64) DEFAULT NULL COMMENT 'id',
  `start_user_Id` varchar(32) DEFAULT NULL COMMENT '',
  `code` varchar(128) DEFAULT NULL COMMENT '',
  `act_key` varchar(128) DEFAULT NULL COMMENT 'key',
  `table_name` varchar(255) DEFAULT NULL COMMENT ''
) ENGINE=InnoDB DEFAULT CHARSET=utf8 COMMENT='activitiBaseEntity';

-- ----------------------------
-- Records of extend_act_flowbus
-- ----------------------------
INSERT INTO `extend_act_flowbus` VALUES ('87586ed1c91149dea7790ed64d055f5b', 'b183f379213d4199aa562399e931b55d', '3', '2017-09-04 11:04:01', 'b32fe90e-911d-11e7-a391-005056c00001', 'leave:20:4f8ad68c-911c-11e7-b720-005056c00001', '026a564bbfd84861ac4b65393644beef', '20170904104824', 'leave', 'leaveaply');
INSERT INTO `extend_act_flowbus` VALUES ('6879826b4c364e91852649890767c66a', 'b183f379213d4199aa562399e931b55d', '3', '2017-09-04 11:22:33', '4a6eb67c-9120-11e7-a391-005056c00001', 'leave:21:e13e6077-911d-11e7-a391-005056c00001', '026a564bbfd84861ac4b65393644beef', '20170904104824', 'leave', 'leaveaply');
INSERT INTO `extend_act_flowbus` VALUES ('85705107192548bf9ad253df7e12f3c9', 'b183f379213d4199aa562399e931b55d', '3', '2017-09-04 11:33:05', 'c31aef84-9121-11e7-a391-005056c00001', 'leave:21:e13e6077-911d-11e7-a391-005056c00001', '026a564bbfd84861ac4b65393644beef', '20170904104824', 'leave', 'leaveaply');
INSERT INTO `extend_act_flowbus` VALUES ('4f1a66f289c54952a9addde8490e74f0', 'b183f379213d4199aa562399e931b55d', '3', '2017-09-04 13:10:53', '6ce5cfd5-912f-11e7-a391-005056c00001', 'leave:21:e13e6077-911d-11e7-a391-005056c00001', '026a564bbfd84861ac4b65393644beef', '20170904104824', 'leave', 'leaveaply');
INSERT INTO `extend_act_flowbus` VALUES ('2d1a6c36024843c291f50596fcc31a31', 'f868d8fff2344fa2aa3d211aa8dd2cff', '2', '2017-09-15 08:49:43', 'c303c558-99af-11e7-a548-005056c00001', 'leave:21:e13e6077-911d-11e7-a391-005056c00001', '026a564bbfd84861ac4b65393644beef', '20170904132310', 'leave', 'leaveaply');

-- ----------------------------
-- Table structure for extend_act_model
-- ----------------------------
DROP TABLE IF EXISTS `extend_act_model`;
CREATE TABLE `extend_act_model` (
  `id` varchar(32) COLLATE utf8mb4_unicode_ci NOT NULL DEFAULT '' COMMENT 'ID',
  `act_version` int(11) DEFAULT NULL COMMENT '',
  `extend_act_business_id` varchar(64) COLLATE utf8mb4_unicode_ci DEFAULT NULL COMMENT '  ID',
  `deployment_id` varchar(64) COLLATE utf8mb4_unicode_ci DEFAULT NULL COMMENT 'activitiid',
  `description` varchar(200) COLLATE utf8mb4_unicode_ci DEFAULT NULL COMMENT '',
  `model_id` varchar(64) COLLATE utf8mb4_unicode_ci DEFAULT NULL COMMENT 'activitiid',
  `name` varchar(200) COLLATE utf8mb4_unicode_ci DEFAULT NULL COMMENT '',
  `status` varchar(1) COLLATE utf8mb4_unicode_ci DEFAULT NULL COMMENT ' 1: 2',
  `baid` varchar(32) COLLATE utf8mb4_unicode_ci DEFAULT NULL COMMENT '()IDFK,ID',
  `bapid` varchar(32) COLLATE utf8mb4_unicode_ci DEFAULT NULL COMMENT 'IDFK()',
  `code` varchar(64) COLLATE utf8mb4_unicode_ci DEFAULT NULL COMMENT '',
  `defid` varchar(64) COLLATE utf8mb4_unicode_ci DEFAULT NULL COMMENT 'id',
  `instance_id` varchar(64) COLLATE utf8mb4_unicode_ci DEFAULT NULL COMMENT 'id',
  `start_time` datetime DEFAULT NULL COMMENT '',
  `remark` varchar(250) COLLATE utf8mb4_unicode_ci DEFAULT NULL,
  `update_id` varchar(32) COLLATE utf8mb4_unicode_ci DEFAULT NULL COMMENT 'id',
  `update_time` datetime DEFAULT NULL COMMENT '',
  `create_time` datetime DEFAULT NULL COMMENT '',
  `create_id` varchar(32) COLLATE utf8mb4_unicode_ci DEFAULT NULL COMMENT 'id',
  PRIMARY KEY (`id`)
) ENGINE=InnoDB DEFAULT CHARSET=utf8mb4 COLLATE=utf8mb4_unicode_ci COMMENT='';

-- ----------------------------
-- Records of extend_act_model
-- ----------------------------
INSERT INTO `extend_act_model` VALUES ('18033323053b4aebbebc6471fa9d0244', '1', '2dd79ea6652244b789cfeffbece4fec9', null, '', '6981008a-99e2-11e7-9702-005056c00001', '', '1', '0eec919538bd4cd7bf3b1aebd54808f5', '7180f5a0c3624f4bb6fb758ab2c3bda6', null, null, null, null, null, null, null, '2017-09-15 14:52:17', 'f68afc12a1924deaa2051154fe0efecc');
INSERT INTO `extend_act_model` VALUES ('4915e6e4fd4a44f6b574f3760c5dcf69', '1', '2dd79ea6652244b789cfeffbece4fec9', null, 'demo', '1ecc61b2-9119-11e7-b720-005056c00001', 'demo', '0', '4ec329625a1047ea87a8dfe8dd0750d1', 'a694d140b8e44eb2baa5f26435c6a7f8', null, null, null, null, null, '026a564bbfd84861ac4b65393644beef', '2017-09-04 10:39:22', '2017-09-04 10:31:13', '026a564bbfd84861ac4b65393644beef');
INSERT INTO `extend_act_model` VALUES ('5947b681892c418998c749ae9f98ed25', '1', '2dd79ea6652244b789cfeffbece4fec9', null, '', '0d5ab866-99e1-11e7-9702-005056c00001', '', '1', '4ec329625a1047ea87a8dfe8dd0750d1', 'a694d140b8e44eb2baa5f26435c6a7f8', null, null, null, null, null, null, null, '2017-09-15 14:42:33', '026a564bbfd84861ac4b65393644beef');
INSERT INTO `extend_act_model` VALUES ('7de12ab9ddd047dda454d85f78e9c6e5', '1', '2dd79ea6652244b789cfeffbece4fec9', null, 'a', 'b13d5f08-99e1-11e7-9702-005056c00001', 'a', '1', '4ec329625a1047ea87a8dfe8dd0750d1', 'a694d140b8e44eb2baa5f26435c6a7f8', null, null, null, null, null, null, null, '2017-09-15 14:47:08', 'f68afc12a1924deaa2051154fe0efecc');

-- ----------------------------
-- Table structure for extend_act_nodefield
-- ----------------------------
DROP TABLE IF EXISTS `extend_act_nodefield`;
CREATE TABLE `extend_act_nodefield` (
  `id` varchar(32) NOT NULL,
  `node_id` varchar(64) DEFAULT NULL COMMENT 'id',
  `field_name` varchar(64) DEFAULT NULL COMMENT '',
  `field_type` varchar(2) DEFAULT NULL COMMENT '  1=() 2=',
  `rule` varchar(10) DEFAULT NULL COMMENT ' "==",">=","<=",">","<"',
  `field_val` varchar(64) DEFAULT NULL COMMENT '',
  `el_operator` varchar(4) DEFAULT NULL COMMENT 'el  &&=||=',
  `sort` varchar(6) DEFAULT NULL COMMENT '',
  PRIMARY KEY (`id`)
) ENGINE=InnoDB DEFAULT CHARSET=utf8 COMMENT='';

-- ----------------------------
-- Records of extend_act_nodefield
-- ----------------------------
INSERT INTO `extend_act_nodefield` VALUES ('57f1248cb38e49d49a7a0f84be01bbb1', 'sid-D5CC28F9-CEED-4A7F-8E4C-082D557E6DBA', 'day', null, '<', '3', null, '0');
INSERT INTO `extend_act_nodefield` VALUES ('a64072e0724446d6b56305d51a2dc43c', 'sid-04675112-6F1B-4E43-BDFC-6C463FA63C2C', 'day', null, '>=', '3', null, '0');

-- ----------------------------
-- Table structure for extend_act_nodeset
-- ----------------------------
DROP TABLE IF EXISTS `extend_act_nodeset`;
CREATE TABLE `extend_act_nodeset` (
  `id` varchar(32) NOT NULL,
  `model_id` varchar(64) DEFAULT NULL COMMENT 'id',
  `defid` varchar(64) DEFAULT NULL COMMENT 'id',
  `node_id` varchar(64) DEFAULT NULL COMMENT ' id',
  `node_type` varchar(5) DEFAULT NULL COMMENT ' = 2= 3= 4= 5=',
  `node_action` varchar(5) DEFAULT NULL COMMENT ' 2  ,1= 2=',
  `change_files` varchar(1024) DEFAULT NULL COMMENT '',
  `call_back` varchar(255) DEFAULT NULL COMMENT '',
  PRIMARY KEY (`id`)
) ENGINE=InnoDB DEFAULT CHARSET=utf8 COMMENT='';

-- ----------------------------
-- Records of extend_act_nodeset
-- ----------------------------
INSERT INTO `extend_act_nodeset` VALUES ('2710ccae039c468eb1d56a59f63b4064', '1ecc61b2-9119-11e7-b720-005056c00001', null, 'sid-B5F4FC84-5420-40E1-9EEF-255C4FA5327B', '2', '1', null, '');
INSERT INTO `extend_act_nodeset` VALUES ('34141a4ea65a4a26823fa96fa44b2829', '1ecc61b2-9119-11e7-b720-005056c00001', null, 'sid-2DD616A5-34A7-4C6B-907D-9120165C4495', '2', '1', 'day', '');
INSERT INTO `extend_act_nodeset` VALUES ('5852987df56e4d86a9f0ecfc5ba9212d', '1ecc61b2-9119-11e7-b720-005056c00001', null, 'sid-84D12022-7E08-414A-B80D-BA94F89CE906', '2', '2', 'day', '');
INSERT INTO `extend_act_nodeset` VALUES ('7ad4caf4d7094754a8c87befbf8d974c', '1ecc61b2-9119-11e7-b720-005056c00001', null, 'sid-D27D784B-758D-47D8-9D5B-D10FDA7C359E', '2', '1', 'day,title', '');
INSERT INTO `extend_act_nodeset` VALUES ('a6ba0100f58c4a8293fd4a8d397605a3', '1ecc61b2-9119-11e7-b720-005056c00001', null, 'sid-E6B72C1D-D108-4767-A9B1-263F80FADCCE', '5', '1', null, 'com.hxy.demo.callBack.ActCallBack.leaveBack');
INSERT INTO `extend_act_nodeset` VALUES ('a8ee928e218c419ab5e7ff765dc7fe41', '1ecc61b2-9119-11e7-b720-005056c00001', null, 'sid-115F3044-1FC9-4843-8D0B-02C648D0EB93', '2', '1', 'day,title', '');
INSERT INTO `extend_act_nodeset` VALUES ('c617bf200c3542f498412a5fcbc09408', '1ecc61b2-9119-11e7-b720-005056c00001', null, 'sid-04675112-6F1B-4E43-BDFC-6C463FA63C2C', '4', '1', null, '');
INSERT INTO `extend_act_nodeset` VALUES ('cd2fa253c06741fd9fe6e9d87a0093e8', '1ecc61b2-9119-11e7-b720-005056c00001', null, 'sid-D5CC28F9-CEED-4A7F-8E4C-082D557E6DBA', '4', '1', null, '');

-- ----------------------------
-- Table structure for extend_act_nodeuser
-- ----------------------------
DROP TABLE IF EXISTS `extend_act_nodeuser`;
CREATE TABLE `extend_act_nodeuser` (
  `id` varchar(32) NOT NULL,
  `node_id` varchar(64) NOT NULL COMMENT 'id',
  `user_type` varchar(2) DEFAULT NULL COMMENT ' 1= 2= 3=',
  PRIMARY KEY (`id`,`node_id`)
) ENGINE=InnoDB DEFAULT CHARSET=utf8 COMMENT='';

-- ----------------------------
-- Records of extend_act_nodeuser
-- ----------------------------
INSERT INTO `extend_act_nodeuser` VALUES ('026a564bbfd84861ac4b65393644beef', 'sid-115F3044-1FC9-4843-8D0B-02C648D0EB93', '1');
INSERT INTO `extend_act_nodeuser` VALUES ('026a564bbfd84861ac4b65393644beef', 'sid-2DD616A5-34A7-4C6B-907D-9120165C4495', '1');
INSERT INTO `extend_act_nodeuser` VALUES ('026a564bbfd84861ac4b65393644beef', 'sid-84D12022-7E08-414A-B80D-BA94F89CE906', '1');
INSERT INTO `extend_act_nodeuser` VALUES ('026a564bbfd84861ac4b65393644beef', 'sid-B5F4FC84-5420-40E1-9EEF-255C4FA5327B', '1');
INSERT INTO `extend_act_nodeuser` VALUES ('026a564bbfd84861ac4b65393644beef', 'sid-D27D784B-758D-47D8-9D5B-D10FDA7C359E', '1');
INSERT INTO `extend_act_nodeuser` VALUES ('1890471a658f4fbebbc67960eea6cfaa', 'sid-115F3044-1FC9-4843-8D0B-02C648D0EB93', '1');
INSERT INTO `extend_act_nodeuser` VALUES ('1890471a658f4fbebbc67960eea6cfaa', 'sid-2DD616A5-34A7-4C6B-907D-9120165C4495', '1');
INSERT INTO `extend_act_nodeuser` VALUES ('1890471a658f4fbebbc67960eea6cfaa', 'sid-84D12022-7E08-414A-B80D-BA94F89CE906', '1');
INSERT INTO `extend_act_nodeuser` VALUES ('1890471a658f4fbebbc67960eea6cfaa', 'sid-B5F4FC84-5420-40E1-9EEF-255C4FA5327B', '1');
INSERT INTO `extend_act_nodeuser` VALUES ('1890471a658f4fbebbc67960eea6cfaa', 'sid-D27D784B-758D-47D8-9D5B-D10FDA7C359E', '1');
INSERT INTO `extend_act_nodeuser` VALUES ('44b66661d5954f36a26465d96e837cf7', 'sid-84D12022-7E08-414A-B80D-BA94F89CE906', '1');
INSERT INTO `extend_act_nodeuser` VALUES ('44b66661d5954f36a26465d96e837cf7', 'sid-B5F4FC84-5420-40E1-9EEF-255C4FA5327B', '1');

-- ----------------------------
-- Table structure for extend_act_tasklog
-- ----------------------------
DROP TABLE IF EXISTS `extend_act_tasklog`;
CREATE TABLE `extend_act_tasklog` (
  `id` varchar(32) NOT NULL,
  `bus_id` varchar(255) DEFAULT NULL COMMENT 'id',
  `def_id` varchar(255) DEFAULT NULL COMMENT 'id',
  `instance_id` varchar(255) DEFAULT NULL COMMENT 'Id',
  `task_id` varchar(255) DEFAULT NULL COMMENT '',
  `task_Name` varchar(128) DEFAULT NULL COMMENT '',
  `advance_id` varchar(32) DEFAULT NULL COMMENT '',
  `deal_id` varchar(32) DEFAULT NULL COMMENT '',
  `deal_time` datetime DEFAULT NULL COMMENT '',
  `agen_id` varchar(32) DEFAULT NULL COMMENT '',
  `app_opinion` varchar(255) DEFAULT NULL COMMENT '',
  `app_action` varchar(6) DEFAULT NULL COMMENT '  ',
  `is_sign` varchar(6) DEFAULT NULL COMMENT '',
  `columns` varchar(2000) DEFAULT NULL COMMENT '',
  `create_time` datetime DEFAULT NULL COMMENT '',
  PRIMARY KEY (`id`)
) ENGINE=InnoDB DEFAULT CHARSET=utf8;

-- ----------------------------
-- Records of extend_act_tasklog
-- ----------------------------
INSERT INTO `extend_act_tasklog` VALUES ('01cc6b2a3f5c49edbc272bef90c07c62', 'b183f379213d4199aa562399e931b55d', 'leave:21:e13e6077-911d-11e7-a391-005056c00001', '6ce5cfd5-912f-11e7-a391-005056c00001', null, '', null, '026a564bbfd84861ac4b65393644beef', '2017-09-04 13:10:53', null, null, '1', null, null, null);
INSERT INTO `extend_act_tasklog` VALUES ('105c4b1bf8cb4e6fa6fc9fadedce7ca7', 'b183f379213d4199aa562399e931b55d', 'leave:21:e13e6077-911d-11e7-a391-005056c00001', '6ce5cfd5-912f-11e7-a391-005056c00001', '95d00e2b-912f-11e7-a391-005056c00001', '', '1890471a658f4fbebbc67960eea6cfaa', '026a564bbfd84861ac4b65393644beef', '2017-09-04 13:12:31', null, '', '1', null, '', '2017-09-04 13:10:53');
INSERT INTO `extend_act_tasklog` VALUES ('1858545f26174961b900f239f58e89a5', 'b183f379213d4199aa562399e931b55d', 'leave:21:e13e6077-911d-11e7-a391-005056c00001', '6ce5cfd5-912f-11e7-a391-005056c00001', 'c2a12396-912f-11e7-a391-005056c00001', '', '026a564bbfd84861ac4b65393644beef', '026a564bbfd84861ac4b65393644beef', '2017-09-04 13:13:52', null, ',', '1', null, '', '2017-09-04 13:12:55');
INSERT INTO `extend_act_tasklog` VALUES ('1f7ca61d9f8443098ec24bf26510cd9e', 'b183f379213d4199aa562399e931b55d', 'leave:21:e13e6077-911d-11e7-a391-005056c00001', '6ce5cfd5-912f-11e7-a391-005056c00001', '6ce61df8-912f-11e7-a391-005056c00001', '', '026a564bbfd84861ac4b65393644beef', '026a564bbfd84861ac4b65393644beef', '2017-09-04 13:12:08', null, '', '1', null, '', '2017-09-04 13:10:53');
INSERT INTO `extend_act_tasklog` VALUES ('2697108349b9407a92f8bbf083027264', 'f868d8fff2344fa2aa3d211aa8dd2cff', 'leave:21:e13e6077-911d-11e7-a391-005056c00001', 'c303c558-99af-11e7-a548-005056c00001', 'c3091c8b-99af-11e7-a548-005056c00001', '', '1890471a658f4fbebbc67960eea6cfaa', null, null, null, null, null, null, null, '2017-09-15 08:49:43');
INSERT INTO `extend_act_tasklog` VALUES ('2e1825c1844c402ab3878f6b120c4c6f', 'b183f379213d4199aa562399e931b55d', 'leave:21:e13e6077-911d-11e7-a391-005056c00001', '4a6eb67c-9120-11e7-a391-005056c00001', '4a71277f-9120-11e7-a391-005056c00001', '', '1890471a658f4fbebbc67960eea6cfaa', '026a564bbfd84861ac4b65393644beef', '2017-09-04 11:32:49', null, '', '4', null, null, '2017-09-04 11:22:33');
INSERT INTO `extend_act_tasklog` VALUES ('5a26349bd749498ebec7e47d46555397', 'b183f379213d4199aa562399e931b55d', 'leave:21:e13e6077-911d-11e7-a391-005056c00001', '4a6eb67c-9120-11e7-a391-005056c00001', null, '', null, '026a564bbfd84861ac4b65393644beef', '2017-09-04 11:22:33', null, null, '1', null, null, null);
INSERT INTO `extend_act_tasklog` VALUES ('5f0946af718a4125826bb0362655a4e3', 'b183f379213d4199aa562399e931b55d', 'leave:20:4f8ad68c-911c-11e7-b720-005056c00001', 'b32fe90e-911d-11e7-a391-005056c00001', 'b337b141-911d-11e7-a391-005056c00001', '', '1890471a658f4fbebbc67960eea6cfaa', '026a564bbfd84861ac4b65393644beef', '2017-09-04 11:21:55', null, '', '4', null, null, '2017-09-04 11:04:00');
INSERT INTO `extend_act_tasklog` VALUES ('85b00c90fa434ebab083532618cbc4f9', 'b183f379213d4199aa562399e931b55d', 'leave:20:4f8ad68c-911c-11e7-b720-005056c00001', 'b32fe90e-911d-11e7-a391-005056c00001', null, '', null, '026a564bbfd84861ac4b65393644beef', '2017-09-04 11:04:01', null, null, '1', null, null, null);
INSERT INTO `extend_act_tasklog` VALUES ('95a0f4359cdd470784ac1eef9a805488', 'b183f379213d4199aa562399e931b55d', 'leave:21:e13e6077-911d-11e7-a391-005056c00001', 'c31aef84-9121-11e7-a391-005056c00001', null, '', null, '026a564bbfd84861ac4b65393644beef', '2017-09-04 11:33:05', null, null, '1', null, null, null);
INSERT INTO `extend_act_tasklog` VALUES ('ae04bcf81117449f9482efebeb8d460d', 'b183f379213d4199aa562399e931b55d', 'leave:21:e13e6077-911d-11e7-a391-005056c00001', '6ce5cfd5-912f-11e7-a391-005056c00001', '95c6e667-912f-11e7-a391-005056c00001', '', '026a564bbfd84861ac4b65393644beef', '026a564bbfd84861ac4b65393644beef', '2017-09-04 13:12:56', null, '', '1', null, '', '2017-09-04 13:10:53');
INSERT INTO `extend_act_tasklog` VALUES ('c20d8259a951414e962da3d955392fc1', 'b183f379213d4199aa562399e931b55d', 'leave:21:e13e6077-911d-11e7-a391-005056c00001', 'c31aef84-9121-11e7-a391-005056c00001', 'c31d6087-9121-11e7-a391-005056c00001', '', '026a564bbfd84861ac4b65393644beef', '026a564bbfd84861ac4b65393644beef', '2017-09-04 13:07:34', null, '', '1', null, '', '2017-09-04 11:33:05');
INSERT INTO `extend_act_tasklog` VALUES ('c9e098ff365c453fb04a43b5ae7a9b84', 'b183f379213d4199aa562399e931b55d', 'leave:21:e13e6077-911d-11e7-a391-005056c00001', 'c31aef84-9121-11e7-a391-005056c00001', 'f5c2b247-912e-11e7-a391-005056c00001', '', '1890471a658f4fbebbc67960eea6cfaa', null, null, null, null, null, null, null, '2017-09-04 11:33:05');
INSERT INTO `extend_act_tasklog` VALUES ('d3d36f371c0040b082c90150c58eb6c3', 'b183f379213d4199aa562399e931b55d', 'leave:21:e13e6077-911d-11e7-a391-005056c00001', 'c31aef84-9121-11e7-a391-005056c00001', 'f5c411dc-912e-11e7-a391-005056c00001', '', '44b66661d5954f36a26465d96e837cf7', '026a564bbfd84861ac4b65393644beef', '2017-09-04 13:10:41', null, '', '4', null, null, '2017-09-04 11:33:05');
INSERT INTO `extend_act_tasklog` VALUES ('da280c1cfef747fea065b0fb7cb0ef22', 'b183f379213d4199aa562399e931b55d', 'leave:21:e13e6077-911d-11e7-a391-005056c00001', '6ce5cfd5-912f-11e7-a391-005056c00001', 'b58286e0-912f-11e7-a391-005056c00001', '', '1890471a658f4fbebbc67960eea6cfaa', '1890471a658f4fbebbc67960eea6cfaa', '2017-09-04 13:13:17', null, '', '1', null, '', '2017-09-04 13:12:02');
INSERT INTO `extend_act_tasklog` VALUES ('f3a102d0c17b4fd5ad6a1d9da4a06e75', 'f868d8fff2344fa2aa3d211aa8dd2cff', 'leave:21:e13e6077-911d-11e7-a391-005056c00001', 'c303c558-99af-11e7-a548-005056c00001', null, '', null, '026a564bbfd84861ac4b65393644beef', '2017-09-15 08:49:43', null, null, '1', null, null, null);

-- ----------------------------
-- Table structure for leaveaply
-- ----------------------------
DROP TABLE IF EXISTS `leaveaply`;
CREATE TABLE `leaveaply` (
  `id` varchar(32) DEFAULT NULL,
  `user_id` varchar(32) DEFAULT NULL COMMENT '',
  `title` varchar(255) DEFAULT NULL COMMENT '',
  `day` int(11) DEFAULT NULL COMMENT '',
  `leavewhy` varchar(255) DEFAULT NULL COMMENT '',
  `status` varchar(6) DEFAULT NULL COMMENT '  1= 2= 3=',
  `start_time` timestamp NULL DEFAULT NULL ON UPDATE CURRENT_TIMESTAMP COMMENT '',
  `instance_id` varchar(64) DEFAULT NULL COMMENT 'id',
  `defid` varchar(64) DEFAULT '' COMMENT 'id',
  `start_user_id` varchar(32) DEFAULT NULL COMMENT '',
  `code` varchar(50) DEFAULT NULL COMMENT '',
  `create_time` timestamp NULL DEFAULT NULL ON UPDATE CURRENT_TIMESTAMP COMMENT '',
  `create_id` varchar(32) DEFAULT NULL,
  `update_id` varchar(32) DEFAULT NULL,
  `update_time` datetime DEFAULT NULL,
  `remark` varchar(255) DEFAULT NULL,
  `act_result` varchar(4) DEFAULT NULL COMMENT ' 1,2,3'
) ENGINE=InnoDB DEFAULT CHARSET=utf8 COMMENT='';

-- ----------------------------
-- Records of leaveaply
-- ----------------------------
INSERT INTO `leaveaply` VALUES ('b183f379213d4199aa562399e931b55d', '026a564bbfd84861ac4b65393644beef', '+3', '3', '', '3', '2017-09-04 13:13:52', '6ce5cfd5-912f-11e7-a391-005056c00001', 'leave:21:e13e6077-911d-11e7-a391-005056c00001', '026a564bbfd84861ac4b65393644beef', '20170904104824', '2017-09-04 13:13:52', '026a564bbfd84861ac4b65393644beef', null, null, null, '1');
INSERT INTO `leaveaply` VALUES ('f868d8fff2344fa2aa3d211aa8dd2cff', '026a564bbfd84861ac4b65393644beef', '-', '1', '1', '2', '2017-09-15 08:49:43', 'c303c558-99af-11e7-a548-005056c00001', 'leave:21:e13e6077-911d-11e7-a391-005056c00001', '026a564bbfd84861ac4b65393644beef', '20170904132310', '2017-09-15 08:49:43', '026a564bbfd84861ac4b65393644beef', '026a564bbfd84861ac4b65393644beef', '2017-09-14 20:24:19', null, '3');

-- ----------------------------
-- Table structure for qrtz_blob_triggers
-- ----------------------------
DROP TABLE IF EXISTS `qrtz_blob_triggers`;
CREATE TABLE `qrtz_blob_triggers` (
  `SCHED_NAME` varchar(120) NOT NULL,
  `TRIGGER_NAME` varchar(200) NOT NULL,
  `TRIGGER_GROUP` varchar(200) NOT NULL,
  `BLOB_DATA` blob,
  PRIMARY KEY (`SCHED_NAME`,`TRIGGER_NAME`,`TRIGGER_GROUP`),
  KEY `SCHED_NAME` (`SCHED_NAME`,`TRIGGER_NAME`,`TRIGGER_GROUP`),
  CONSTRAINT `qrtz_blob_triggers_ibfk_1` FOREIGN KEY (`SCHED_NAME`, `TRIGGER_NAME`, `TRIGGER_GROUP`) REFERENCES `qrtz_triggers` (`SCHED_NAME`, `TRIGGER_NAME`, `TRIGGER_GROUP`)
) ENGINE=InnoDB DEFAULT CHARSET=utf8;

-- ----------------------------
-- Records of qrtz_blob_triggers
-- ----------------------------

-- ----------------------------
-- Table structure for qrtz_calendars
-- ----------------------------
DROP TABLE IF EXISTS `qrtz_calendars`;
CREATE TABLE `qrtz_calendars` (
  `SCHED_NAME` varchar(120) NOT NULL,
  `CALENDAR_NAME` varchar(200) NOT NULL,
  `CALENDAR` blob NOT NULL,
  PRIMARY KEY (`SCHED_NAME`,`CALENDAR_NAME`)
) ENGINE=InnoDB DEFAULT CHARSET=utf8;

-- ----------------------------
-- Records of qrtz_calendars
-- ----------------------------

-- ----------------------------
-- Table structure for qrtz_cron_triggers
-- ----------------------------
DROP TABLE IF EXISTS `qrtz_cron_triggers`;
CREATE TABLE `qrtz_cron_triggers` (
  `SCHED_NAME` varchar(120) NOT NULL,
  `TRIGGER_NAME` varchar(200) NOT NULL,
  `TRIGGER_GROUP` varchar(200) NOT NULL,
  `CRON_EXPRESSION` varchar(120) NOT NULL,
  `TIME_ZONE_ID` varchar(80) DEFAULT NULL,
  PRIMARY KEY (`SCHED_NAME`,`TRIGGER_NAME`,`TRIGGER_GROUP`),
  CONSTRAINT `qrtz_cron_triggers_ibfk_1` FOREIGN KEY (`SCHED_NAME`, `TRIGGER_NAME`, `TRIGGER_GROUP`) REFERENCES `qrtz_triggers` (`SCHED_NAME`, `TRIGGER_NAME`, `TRIGGER_GROUP`)
) ENGINE=InnoDB DEFAULT CHARSET=utf8;

-- ----------------------------
-- Records of qrtz_cron_triggers
-- ----------------------------
INSERT INTO `qrtz_cron_triggers` VALUES ('HxyScheduler', 'TASK_14', 'DEFAULT', '0 0/30 * * * ?', 'Asia/Shanghai');

-- ----------------------------
-- Table structure for qrtz_fired_triggers
-- ----------------------------
DROP TABLE IF EXISTS `qrtz_fired_triggers`;
CREATE TABLE `qrtz_fired_triggers` (
  `SCHED_NAME` varchar(120) NOT NULL,
  `ENTRY_ID` varchar(95) NOT NULL,
  `TRIGGER_NAME` varchar(200) NOT NULL,
  `TRIGGER_GROUP` varchar(200) NOT NULL,
  `INSTANCE_NAME` varchar(200) NOT NULL,
  `FIRED_TIME` bigint(13) NOT NULL,
  `SCHED_TIME` bigint(13) NOT NULL,
  `PRIORITY` int(11) NOT NULL,
  `STATE` varchar(16) NOT NULL,
  `JOB_NAME` varchar(200) DEFAULT NULL,
  `JOB_GROUP` varchar(200) DEFAULT NULL,
  `IS_NONCONCURRENT` varchar(1) DEFAULT NULL,
  `REQUESTS_RECOVERY` varchar(1) DEFAULT NULL,
  PRIMARY KEY (`SCHED_NAME`,`ENTRY_ID`),
  KEY `IDX_QRTZ_FT_TRIG_INST_NAME` (`SCHED_NAME`,`INSTANCE_NAME`),
  KEY `IDX_QRTZ_FT_INST_JOB_REQ_RCVRY` (`SCHED_NAME`,`INSTANCE_NAME`,`REQUESTS_RECOVERY`),
  KEY `IDX_QRTZ_FT_J_G` (`SCHED_NAME`,`JOB_NAME`,`JOB_GROUP`),
  KEY `IDX_QRTZ_FT_JG` (`SCHED_NAME`,`JOB_GROUP`),
  KEY `IDX_QRTZ_FT_T_G` (`SCHED_NAME`,`TRIGGER_NAME`,`TRIGGER_GROUP`),
  KEY `IDX_QRTZ_FT_TG` (`SCHED_NAME`,`TRIGGER_GROUP`)
) ENGINE=InnoDB DEFAULT CHARSET=utf8;

-- ----------------------------
-- Records of qrtz_fired_triggers
-- ----------------------------

-- ----------------------------
-- Table structure for qrtz_job_details
-- ----------------------------
DROP TABLE IF EXISTS `qrtz_job_details`;
CREATE TABLE `qrtz_job_details` (
  `SCHED_NAME` varchar(120) NOT NULL,
  `JOB_NAME` varchar(200) NOT NULL,
  `JOB_GROUP` varchar(200) NOT NULL,
  `DESCRIPTION` varchar(250) DEFAULT NULL,
  `JOB_CLASS_NAME` varchar(250) NOT NULL,
  `IS_DURABLE` varchar(1) NOT NULL,
  `IS_NONCONCURRENT` varchar(1) NOT NULL,
  `IS_UPDATE_DATA` varchar(1) NOT NULL,
  `REQUESTS_RECOVERY` varchar(1) NOT NULL,
  `JOB_DATA` blob,
  PRIMARY KEY (`SCHED_NAME`,`JOB_NAME`,`JOB_GROUP`),
  KEY `IDX_QRTZ_J_REQ_RECOVERY` (`SCHED_NAME`,`REQUESTS_RECOVERY`),
  KEY `IDX_QRTZ_J_GRP` (`SCHED_NAME`,`JOB_GROUP`)
) ENGINE=InnoDB DEFAULT CHARSET=utf8;

-- ----------------------------
-- Records of qrtz_job_details
-- ----------------------------
INSERT INTO `qrtz_job_details` VALUES ('HxyScheduler', 'TASK_14', 'DEFAULT', null, 'com.hxy.quartz.utils.ScheduleJob', '0', '0', '0', '0', 0xACED0005737200156F72672E71756172747A2E4A6F62446174614D61709FB083E8BFA9B0CB020000787200266F72672E71756172747A2E7574696C732E537472696E674B65794469727479466C61674D61708208E8C3FBC55D280200015A0013616C6C6F77735472616E7369656E74446174617872001D6F72672E71756172747A2E7574696C732E4469727479466C61674D617013E62EAD28760ACE0200025A000564697274794C00036D617074000F4C6A6176612F7574696C2F4D61703B787001737200116A6176612E7574696C2E486173684D61700507DAC1C31660D103000246000A6C6F6164466163746F724900097468726573686F6C6478703F4000000000000C7708000000100000000174000D4A4F425F504152414D5F4B455973720027636F6D2E6878792E71756172747A2E656E746974792E5363686564756C654A6F62456E7469747900000000000000010200084C00086265616E4E616D657400124C6A6176612F6C616E672F537472696E673B4C000A63726561746554696D657400104C6A6176612F7574696C2F446174653B4C000E63726F6E45787072657373696F6E71007E00094C00056A6F6249647400104C6A6176612F6C616E672F4C6F6E673B4C000A6D6574686F644E616D6571007E00094C0006706172616D7371007E00094C000672656D61726B71007E00094C00067374617475737400134C6A6176612F6C616E672F496E74656765723B7870740008746573745461736B7372000E6A6176612E7574696C2E44617465686A81014B597419030000787077080000015CED5500F07874000E3020302F3330202A202A202A203F7372000E6A6176612E6C616E672E4C6F6E673B8BE490CC8F23DF0200014A000576616C7565787200106A6176612E6C616E672E4E756D62657286AC951D0B94E08B0200007870000000000000000E7400047465737474000672656E72656E74000131737200116A6176612E6C616E672E496E746567657212E2A0A4F781873802000149000576616C75657871007E0013000000007800);

-- ----------------------------
-- Table structure for qrtz_locks
-- ----------------------------
DROP TABLE IF EXISTS `qrtz_locks`;
CREATE TABLE `qrtz_locks` (
  `SCHED_NAME` varchar(120) NOT NULL,
  `LOCK_NAME` varchar(40) NOT NULL,
  PRIMARY KEY (`SCHED_NAME`,`LOCK_NAME`)
) ENGINE=InnoDB DEFAULT CHARSET=utf8;

-- ----------------------------
-- Records of qrtz_locks
-- ----------------------------
INSERT INTO `qrtz_locks` VALUES ('HxyScheduler', 'STATE_ACCESS');
INSERT INTO `qrtz_locks` VALUES ('HxyScheduler', 'TRIGGER_ACCESS');

-- ----------------------------
-- Table structure for qrtz_paused_trigger_grps
-- ----------------------------
DROP TABLE IF EXISTS `qrtz_paused_trigger_grps`;
CREATE TABLE `qrtz_paused_trigger_grps` (
  `SCHED_NAME` varchar(120) NOT NULL,
  `TRIGGER_GROUP` varchar(200) NOT NULL,
  PRIMARY KEY (`SCHED_NAME`,`TRIGGER_GROUP`)
) ENGINE=InnoDB DEFAULT CHARSET=utf8;

-- ----------------------------
-- Records of qrtz_paused_trigger_grps
-- ----------------------------

-- ----------------------------
-- Table structure for qrtz_scheduler_state
-- ----------------------------
DROP TABLE IF EXISTS `qrtz_scheduler_state`;
CREATE TABLE `qrtz_scheduler_state` (
  `SCHED_NAME` varchar(120) NOT NULL,
  `INSTANCE_NAME` varchar(200) NOT NULL,
  `LAST_CHECKIN_TIME` bigint(13) NOT NULL,
  `CHECKIN_INTERVAL` bigint(13) NOT NULL,
  PRIMARY KEY (`SCHED_NAME`,`INSTANCE_NAME`)
) ENGINE=InnoDB DEFAULT CHARSET=utf8;

-- ----------------------------
-- Records of qrtz_scheduler_state
-- ----------------------------
INSERT INTO `qrtz_scheduler_state` VALUES ('HxyScheduler', 'AGOBW-7071507071505465265203', '1505465387533', '15000');

-- ----------------------------
-- Table structure for qrtz_simple_triggers
-- ----------------------------
DROP TABLE IF EXISTS `qrtz_simple_triggers`;
CREATE TABLE `qrtz_simple_triggers` (
  `SCHED_NAME` varchar(120) NOT NULL,
  `TRIGGER_NAME` varchar(200) NOT NULL,
  `TRIGGER_GROUP` varchar(200) NOT NULL,
  `REPEAT_COUNT` bigint(7) NOT NULL,
  `REPEAT_INTERVAL` bigint(12) NOT NULL,
  `TIMES_TRIGGERED` bigint(10) NOT NULL,
  PRIMARY KEY (`SCHED_NAME`,`TRIGGER_NAME`,`TRIGGER_GROUP`),
  CONSTRAINT `qrtz_simple_triggers_ibfk_1` FOREIGN KEY (`SCHED_NAME`, `TRIGGER_NAME`, `TRIGGER_GROUP`) REFERENCES `qrtz_triggers` (`SCHED_NAME`, `TRIGGER_NAME`, `TRIGGER_GROUP`)
) ENGINE=InnoDB DEFAULT CHARSET=utf8;

-- ----------------------------
-- Records of qrtz_simple_triggers
-- ----------------------------

-- ----------------------------
-- Table structure for qrtz_simprop_triggers
-- ----------------------------
DROP TABLE IF EXISTS `qrtz_simprop_triggers`;
CREATE TABLE `qrtz_simprop_triggers` (
  `SCHED_NAME` varchar(120) NOT NULL,
  `TRIGGER_NAME` varchar(200) NOT NULL,
  `TRIGGER_GROUP` varchar(200) NOT NULL,
  `STR_PROP_1` varchar(512) DEFAULT NULL,
  `STR_PROP_2` varchar(512) DEFAULT NULL,
  `STR_PROP_3` varchar(512) DEFAULT NULL,
  `INT_PROP_1` int(11) DEFAULT NULL,
  `INT_PROP_2` int(11) DEFAULT NULL,
  `LONG_PROP_1` bigint(20) DEFAULT NULL,
  `LONG_PROP_2` bigint(20) DEFAULT NULL,
  `DEC_PROP_1` decimal(13,4) DEFAULT NULL,
  `DEC_PROP_2` decimal(13,4) DEFAULT NULL,
  `BOOL_PROP_1` varchar(1) DEFAULT NULL,
  `BOOL_PROP_2` varchar(1) DEFAULT NULL,
  PRIMARY KEY (`SCHED_NAME`,`TRIGGER_NAME`,`TRIGGER_GROUP`),
  CONSTRAINT `qrtz_simprop_triggers_ibfk_1` FOREIGN KEY (`SCHED_NAME`, `TRIGGER_NAME`, `TRIGGER_GROUP`) REFERENCES `qrtz_triggers` (`SCHED_NAME`, `TRIGGER_NAME`, `TRIGGER_GROUP`)
) ENGINE=InnoDB DEFAULT CHARSET=utf8;

-- ----------------------------
-- Records of qrtz_simprop_triggers
-- ----------------------------

-- ----------------------------
-- Table structure for qrtz_triggers
-- ----------------------------
DROP TABLE IF EXISTS `qrtz_triggers`;
CREATE TABLE `qrtz_triggers` (
  `SCHED_NAME` varchar(120) NOT NULL,
  `TRIGGER_NAME` varchar(200) NOT NULL,
  `TRIGGER_GROUP` varchar(200) NOT NULL,
  `JOB_NAME` varchar(200) NOT NULL,
  `JOB_GROUP` varchar(200) NOT NULL,
  `DESCRIPTION` varchar(250) DEFAULT NULL,
  `NEXT_FIRE_TIME` bigint(13) DEFAULT NULL,
  `PREV_FIRE_TIME` bigint(13) DEFAULT NULL,
  `PRIORITY` int(11) DEFAULT NULL,
  `TRIGGER_STATE` varchar(16) NOT NULL,
  `TRIGGER_TYPE` varchar(8) NOT NULL,
  `START_TIME` bigint(13) NOT NULL,
  `END_TIME` bigint(13) DEFAULT NULL,
  `CALENDAR_NAME` varchar(200) DEFAULT NULL,
  `MISFIRE_INSTR` smallint(2) DEFAULT NULL,
  `JOB_DATA` blob,
  PRIMARY KEY (`SCHED_NAME`,`TRIGGER_NAME`,`TRIGGER_GROUP`),
  KEY `IDX_QRTZ_T_J` (`SCHED_NAME`,`JOB_NAME`,`JOB_GROUP`),
  KEY `IDX_QRTZ_T_JG` (`SCHED_NAME`,`JOB_GROUP`),
  KEY `IDX_QRTZ_T_C` (`SCHED_NAME`,`CALENDAR_NAME`),
  KEY `IDX_QRTZ_T_G` (`SCHED_NAME`,`TRIGGER_GROUP`),
  KEY `IDX_QRTZ_T_STATE` (`SCHED_NAME`,`TRIGGER_STATE`),
  KEY `IDX_QRTZ_T_N_STATE` (`SCHED_NAME`,`TRIGGER_NAME`,`TRIGGER_GROUP`,`TRIGGER_STATE`),
  KEY `IDX_QRTZ_T_N_G_STATE` (`SCHED_NAME`,`TRIGGER_GROUP`,`TRIGGER_STATE`),
  KEY `IDX_QRTZ_T_NEXT_FIRE_TIME` (`SCHED_NAME`,`NEXT_FIRE_TIME`),
  KEY `IDX_QRTZ_T_NFT_ST` (`SCHED_NAME`,`TRIGGER_STATE`,`NEXT_FIRE_TIME`),
  KEY `IDX_QRTZ_T_NFT_MISFIRE` (`SCHED_NAME`,`MISFIRE_INSTR`,`NEXT_FIRE_TIME`),
  KEY `IDX_QRTZ_T_NFT_ST_MISFIRE` (`SCHED_NAME`,`MISFIRE_INSTR`,`NEXT_FIRE_TIME`,`TRIGGER_STATE`),
  KEY `IDX_QRTZ_T_NFT_ST_MISFIRE_GRP` (`SCHED_NAME`,`MISFIRE_INSTR`,`NEXT_FIRE_TIME`,`TRIGGER_GROUP`,`TRIGGER_STATE`),
  CONSTRAINT `qrtz_triggers_ibfk_1` FOREIGN KEY (`SCHED_NAME`, `JOB_NAME`, `JOB_GROUP`) REFERENCES `qrtz_job_details` (`SCHED_NAME`, `JOB_NAME`, `JOB_GROUP`)
) ENGINE=InnoDB DEFAULT CHARSET=utf8;

-- ----------------------------
-- Records of qrtz_triggers
-- ----------------------------
INSERT INTO `qrtz_triggers` VALUES ('HxyScheduler', 'TASK_14', 'DEFAULT', 'TASK_14', 'DEFAULT', null, '1498636800000', '-1', '5', 'PAUSED', 'CRON', '1498635261000', '0', null, '2', 0xACED0005737200156F72672E71756172747A2E4A6F62446174614D61709FB083E8BFA9B0CB020000787200266F72672E71756172747A2E7574696C732E537472696E674B65794469727479466C61674D61708208E8C3FBC55D280200015A0013616C6C6F77735472616E7369656E74446174617872001D6F72672E71756172747A2E7574696C732E4469727479466C61674D617013E62EAD28760ACE0200025A000564697274794C00036D617074000F4C6A6176612F7574696C2F4D61703B787001737200116A6176612E7574696C2E486173684D61700507DAC1C31660D103000246000A6C6F6164466163746F724900097468726573686F6C6478703F4000000000000C7708000000100000000174000D4A4F425F504152414D5F4B455973720027636F6D2E6878792E71756172747A2E656E746974792E5363686564756C654A6F62456E7469747900000000000000010200084C00086265616E4E616D657400124C6A6176612F6C616E672F537472696E673B4C000A63726561746554696D657400104C6A6176612F7574696C2F446174653B4C000E63726F6E45787072657373696F6E71007E00094C00056A6F6249647400104C6A6176612F6C616E672F4C6F6E673B4C000A6D6574686F644E616D6571007E00094C0006706172616D7371007E00094C000672656D61726B71007E00094C00067374617475737400134C6A6176612F6C616E672F496E74656765723B7870740008746573745461736B7372000E6A6176612E7574696C2E44617465686A81014B597419030000787077080000015CED5500F07874000E3020302F3330202A202A202A203F7372000E6A6176612E6C616E672E4C6F6E673B8BE490CC8F23DF0200014A000576616C7565787200106A6176612E6C616E672E4E756D62657286AC951D0B94E08B0200007870000000000000000E740004746573747400086878794672616D6574000131737200116A6176612E6C616E672E496E746567657212E2A0A4F781873802000149000576616C75657871007E0013000000017800);

-- ----------------------------
-- Table structure for schedule_job
-- ----------------------------
DROP TABLE IF EXISTS `schedule_job`;
CREATE TABLE `schedule_job` (
  `job_id` bigint(20) NOT NULL AUTO_INCREMENT COMMENT 'id',
  `bean_name` varchar(200) DEFAULT NULL COMMENT 'spring bean',
  `method_name` varchar(100) DEFAULT NULL COMMENT '',
  `params` varchar(2000) DEFAULT NULL COMMENT '',
  `cron_expression` varchar(100) DEFAULT NULL COMMENT 'cron',
  `status` tinyint(4) DEFAULT NULL COMMENT '',
  `remark` varchar(255) DEFAULT NULL COMMENT '',
  `create_time` datetime DEFAULT NULL COMMENT '',
  PRIMARY KEY (`job_id`)
) ENGINE=InnoDB AUTO_INCREMENT=15 DEFAULT CHARSET=utf8 COMMENT='';

-- ----------------------------
-- Records of schedule_job
-- ----------------------------
INSERT INTO `schedule_job` VALUES ('14', 'testTask', 'test', 'hxyFrame', '0 0/30 * * * ?', '1', '1', '2017-06-28 14:13:10');

-- ----------------------------
-- Table structure for schedule_job_log
-- ----------------------------
DROP TABLE IF EXISTS `schedule_job_log`;
CREATE TABLE `schedule_job_log` (
  `log_id` bigint(20) NOT NULL AUTO_INCREMENT COMMENT 'id',
  `job_id` bigint(20) NOT NULL COMMENT 'id',
  `bean_name` varchar(200) DEFAULT NULL COMMENT 'spring bean',
  `method_name` varchar(100) DEFAULT NULL COMMENT '',
  `params` varchar(2000) DEFAULT NULL COMMENT '',
  `status` tinyint(4) NOT NULL COMMENT '    0    1',
  `error` varchar(2000) DEFAULT NULL COMMENT '',
  `times` int(11) NOT NULL COMMENT '()',
  `create_time` datetime DEFAULT NULL COMMENT '',
  PRIMARY KEY (`log_id`),
  KEY `job_id` (`job_id`)
) ENGINE=InnoDB DEFAULT CHARSET=utf8 COMMENT='';

-- ----------------------------
-- Records of schedule_job_log
-- ----------------------------

-- ----------------------------
-- Table structure for solr_article
-- ----------------------------
DROP TABLE IF EXISTS `solr_article`;
CREATE TABLE `solr_article` (
  `id` varchar(32) NOT NULL,
  `title` varchar(512) DEFAULT NULL COMMENT '',
  `content` varchar(5000) DEFAULT NULL COMMENT ' ',
  `create_time` datetime DEFAULT NULL,
  `update_time` datetime DEFAULT NULL,
  `create_id` varchar(32) DEFAULT NULL,
  `update_id` varchar(32) DEFAULT NULL,
  PRIMARY KEY (`id`)
) ENGINE=InnoDB DEFAULT CHARSET=utf8 COMMENT='solr demo';

-- ----------------------------
-- Records of solr_article
-- ----------------------------
INSERT INTO `solr_article` VALUES ('', 'content=<h4><b><i><u><strike><!--EndFragment-->', null, null, null, null, null);
INSERT INTO `solr_article` VALUES ('112312423', 'solr', 'solr', '2017-09-11 16:53:21', '2017-09-11 16:53:23', null, null);
INSERT INTO `solr_article` VALUES ('591ed2813c1748b5940275633daadab1', 'solr', '<p><!--StartFragment--><b>solr</b></p>', '2017-09-15 08:53:22', '2017-09-15 08:54:06', '026a564bbfd84861ac4b65393644beef', '026a564bbfd84861ac4b65393644beef');
INSERT INTO `solr_article` VALUES ('b8ee69f1c21746b1a156c1c9af6cb8cb', '', '<p>solr</p>', '2017-09-13 16:53:44', null, '026a564bbfd84861ac4b65393644beef', null);
INSERT INTO `solr_article` VALUES ('cbb7b41036a3425c93b59458db6d08cc', '', '<p></p>', '2017-09-13 16:32:13', null, '026a564bbfd84861ac4b65393644beef', null);

-- ----------------------------
-- Table structure for sys_code
-- ----------------------------
DROP TABLE IF EXISTS `sys_code`;
CREATE TABLE `sys_code` (
  `id` varchar(32) NOT NULL,
  `mark` varchar(32) DEFAULT '' COMMENT ', SEXSEX_1SEX_2',
  `name` varchar(128) DEFAULT NULL COMMENT '       ',
  `value` varchar(255) DEFAULT NULL COMMENT ' 123sex',
  `type` varchar(255) DEFAULT NULL COMMENT '1 2',
  `parent_id` varchar(32) DEFAULT NULL,
  `sort` varchar(4) DEFAULT NULL COMMENT '',
  `remark` varchar(255) DEFAULT '' COMMENT '',
  `create_id` varchar(32) DEFAULT NULL COMMENT 'id',
  `create_time` date DEFAULT NULL,
  `update_id` varchar(32) DEFAULT NULL,
  `update_time` date DEFAULT NULL,
  `open` varchar(5) DEFAULT NULL COMMENT ' true false',
  PRIMARY KEY (`id`)
) ENGINE=InnoDB DEFAULT CHARSET=utf8 COMMENT='';

-- ----------------------------
-- Records of sys_code
-- ----------------------------
INSERT INTO `sys_code` VALUES ('008517347a0447a08b7f6faab1fea325', 'act_judg_>', '>', '>', '2', 'c11c36c32e17411c8ec5ba638ad28731', '2', '>', '026a564bbfd84861ac4b65393644beef', '2017-07-28', '026a564bbfd84861ac4b65393644beef', '2017-07-28', 'false');
INSERT INTO `sys_code` VALUES ('03a63d9c56474fe1ae183f31bf3933fc', 'act_judg_>=', '>=', '>=', '2', 'c11c36c32e17411c8ec5ba638ad28731', '3', '>=', '026a564bbfd84861ac4b65393644beef', '2017-07-28', '026a564bbfd84861ac4b65393644beef', '2017-07-28', 'false');
INSERT INTO `sys_code` VALUES ('103df6829961455ca09bb9a2b9987daf', 'act_el_operator', '', '', '1', 'e8a9e485ff8947718f43706c6de85c60', '1', '', '026a564bbfd84861ac4b65393644beef', '2017-08-09', '026a564bbfd84861ac4b65393644beef', '2017-09-07', 'false');
INSERT INTO `sys_code` VALUES ('107d1d36e7444f8cb1a3320de7f1ed02', 'YES_NO_1', '', '1', '2', '2b0281e730ac4923a1f02b4cea3ec03c', '2', '', '026a564bbfd84861ac4b65393644beef', '2017-07-19', null, null, '0');
INSERT INTO `sys_code` VALUES ('1178fe5df7d64a55ae5b896776ce0684', 'act_task_result_1', '', '1', '2', 'c19fd8a436714d8d922726df6d97d5fc', '10', '', '026a564bbfd84861ac4b65393644beef', '2017-08-15', null, null, 'false');
INSERT INTO `sys_code` VALUES ('1c4d727d678d44bba18c880f85ad647a', 'act_task_result_2', '', '2', '2', 'c19fd8a436714d8d922726df6d97d5fc', '2', '', '026a564bbfd84861ac4b65393644beef', '2017-08-15', null, null, 'false');
INSERT INTO `sys_code` VALUES ('24647e27317a4c9d983a0b423d1aca15', 'act_node_type_4', '', '4', '2', '8532ec46674b44498ee08f4cefbcf6dd', '4', '', '026a564bbfd84861ac4b65393644beef', '2017-08-09', null, null, 'false');
INSERT INTO `sys_code` VALUES ('2611ad193d244c1fb4f50b4a2463f617', 'act_result_1', '', '1', '2', '3cc90674a0d5416594cf5afcaca10a6e', '1', '', '026a564bbfd84861ac4b65393644beef', '2017-08-15', null, null, 'false');
INSERT INTO `sys_code` VALUES ('2b0281e730ac4923a1f02b4cea3ec03c', 'YES_NO', '', null, '1', 'c5e12bdfd1cf4789981406323924854a', '1', '', '026a564bbfd84861ac4b65393644beef', '2017-07-19', null, null, '0');
INSERT INTO `sys_code` VALUES ('2f06861a28ff4fd68e73203ca2757b00', 'act_Bus_type', '', null, '1', 'e8a9e485ff8947718f43706c6de85c60', '5', '1= 2= 3= 4=', '026a564bbfd84861ac4b65393644beef', '2017-07-25', '026a564bbfd84861ac4b65393644beef', '2017-07-25', 'false');
INSERT INTO `sys_code` VALUES ('325d95a84e6c46c0a37b2534815e6d8d', 'act_process_status', '', null, '1', 'e8a9e485ff8947718f43706c6de85c60', '1', '', '026a564bbfd84861ac4b65393644beef', '2017-08-14', null, null, 'false');
INSERT INTO `sys_code` VALUES ('327dedbd595e4214807f83e6c72ae858', 'act_node_type_5', '', '5', '2', '8532ec46674b44498ee08f4cefbcf6dd', '5', '', '026a564bbfd84861ac4b65393644beef', '2017-08-09', null, null, 'false');
INSERT INTO `sys_code` VALUES ('33d7ab2f4ebd49c2a0201629ff85e3d6', 'act_node_action_2', '', '2', '2', '5d477b1523df4fb7811e2648e9bd2086', '2', '', '026a564bbfd84861ac4b65393644beef', '2017-07-21', null, null, 'false');
INSERT INTO `sys_code` VALUES ('3515c8053cbd47f0b8bc513b06ca550e', 'act_examine_type_2', '', '2', '2', 'fe58d909108f4fbda7ee78e9bde849ea', '2', '', '026a564bbfd84861ac4b65393644beef', '2017-07-24', null, null, 'false');
INSERT INTO `sys_code` VALUES ('3cc90674a0d5416594cf5afcaca10a6e', 'act_result', '', null, '1', 'e8a9e485ff8947718f43706c6de85c60', '1', '', '026a564bbfd84861ac4b65393644beef', '2017-08-15', '026a564bbfd84861ac4b65393644beef', '2017-08-15', 'false');
INSERT INTO `sys_code` VALUES ('46e6913c00c541319ee005ab4c419ac0', 'act_result_3', '', '3', '2', '3cc90674a0d5416594cf5afcaca10a6e', '3', '', '026a564bbfd84861ac4b65393644beef', '2017-08-15', null, null, 'false');
INSERT INTO `sys_code` VALUES ('46e85988afa24fe4acaa90addec3046a', 'act_user_type', '', null, '1', 'e8a9e485ff8947718f43706c6de85c60', '1', '', '026a564bbfd84861ac4b65393644beef', '2017-07-21', '026a564bbfd84861ac4b65393644beef', '2017-07-21', 'false');
INSERT INTO `sys_code` VALUES ('4df5534dc25f43f5a0d3ae2c2baf9325', '', '', null, '1', '0', '1', '', '026a564bbfd84861ac4b65393644beef', '2017-07-19', null, null, 'true');
INSERT INTO `sys_code` VALUES ('53a6e83f9da7431c9733df4ff6d04510', 'act_node_type_3', '', '3', '2', '8532ec46674b44498ee08f4cefbcf6dd', '3', '', '026a564bbfd84861ac4b65393644beef', '2017-08-09', null, null, 'false');
INSERT INTO `sys_code` VALUES ('5d477b1523df4fb7811e2648e9bd2086', 'act_node_action', '', null, '1', 'e8a9e485ff8947718f43706c6de85c60', '1', '', '026a564bbfd84861ac4b65393644beef', '2017-07-21', null, null, 'false');
INSERT INTO `sys_code` VALUES ('68eaec38d48b40d6b7174c56d1d51374', 'is_open_false', '', 'false', '2', 'cd9212fa11174570a2714d47658e9548', '2', '', '026a564bbfd84861ac4b65393644beef', '2017-07-26', '026a564bbfd84861ac4b65393644beef', '2017-07-26', 'false');
INSERT INTO `sys_code` VALUES ('6db40ee31e4f4bab8f0fb3740587f13f', 'act_judg_<', '<', '<', '2', 'c11c36c32e17411c8ec5ba638ad28731', '4', '', '026a564bbfd84861ac4b65393644beef', '2017-07-28', '026a564bbfd84861ac4b65393644beef', '2017-07-28', 'false');
INSERT INTO `sys_code` VALUES ('6fe9345581964c209e7ff866739d13fb', 'notice_soucre', '', null, '1', 'e5ce8103550c4044a11bdb285b88fcc0', '1', '', '026a564bbfd84861ac4b65393644beef', '2017-09-01', '026a564bbfd84861ac4b65393644beef', '2017-08-22', 'false');
INSERT INTO `sys_code` VALUES ('7851704fbf5946bda39cb3f2136f2f8e', 'act_el_operator_||', '', '||', '2', '103df6829961455ca09bb9a2b9987daf', '2', '', '026a564bbfd84861ac4b65393644beef', '2017-08-09', null, null, 'false');
INSERT INTO `sys_code` VALUES ('8453516b986948c692e2ceac54521a66', 'act_task_result_3', '', '3', '2', 'c19fd8a436714d8d922726df6d97d5fc', '3', '', '026a564bbfd84861ac4b65393644beef', '2017-08-15', null, null, 'false');
INSERT INTO `sys_code` VALUES ('8532ec46674b44498ee08f4cefbcf6dd', 'act_node_type', '', null, '1', 'e8a9e485ff8947718f43706c6de85c60', '7', '', '026a564bbfd84861ac4b65393644beef', '2017-08-09', null, null, 'false');
INSERT INTO `sys_code` VALUES ('853c64f4c537463eb994929c946d4616', 'act_Bus_type_3', '', '3', '2', '2f06861a28ff4fd68e73203ca2757b00', '3', '', '026a564bbfd84861ac4b65393644beef', '2017-07-25', null, null, 'false');
INSERT INTO `sys_code` VALUES ('88ba5d41c8e9412ea1d6026db65fcbf7', 'act_el_operator_&&', '', '&&', '2', '103df6829961455ca09bb9a2b9987daf', '1', '', '026a564bbfd84861ac4b65393644beef', '2017-08-09', null, null, 'false');
INSERT INTO `sys_code` VALUES ('88edb13ce29147d59561a6e34f7d7c47', 'act_task_result_4', '', '4', '2', 'c19fd8a436714d8d922726df6d97d5fc', '4', '', '026a564bbfd84861ac4b65393644beef', '2017-08-15', '026a564bbfd84861ac4b65393644beef', '2017-08-15', 'false');
INSERT INTO `sys_code` VALUES ('9aec9385da7641bc8c283d49d780028f', 'act_process_status_1', '', '1', '2', '325d95a84e6c46c0a37b2534815e6d8d', '1', '', '026a564bbfd84861ac4b65393644beef', '2017-08-14', null, null, 'false');
INSERT INTO `sys_code` VALUES ('a33c03f863674b49b1a40dd8a56a554c', 'is_open_true', '', 'true', '2', 'cd9212fa11174570a2714d47658e9548', '2', '', '026a564bbfd84861ac4b65393644beef', '2017-07-26', '026a564bbfd84861ac4b65393644beef', '2017-07-26', 'false');
INSERT INTO `sys_code` VALUES ('a5ff0e83e4ad4e8d90f060bf49118182', 'act_process_status_2', '', '2', '2', '325d95a84e6c46c0a37b2534815e6d8d', '2', '', '026a564bbfd84861ac4b65393644beef', '2017-08-14', null, null, 'false');
INSERT INTO `sys_code` VALUES ('adffbaacc25543129abc86352ecf7b52', 'sys', '', null, '1', '4df5534dc25f43f5a0d3ae2c2baf9325', '1', '', '026a564bbfd84861ac4b65393644beef', '2017-07-19', '026a564bbfd84861ac4b65393644beef', '2017-08-22', 'true');
INSERT INTO `sys_code` VALUES ('aecdbfbb7b0749f0b882ff5c06ad3753', 'YES_NO_0', '', '0', '2', '2b0281e730ac4923a1f02b4cea3ec03c', '0', '', '026a564bbfd84861ac4b65393644beef', '2017-07-19', null, null, '0');
INSERT INTO `sys_code` VALUES ('af73bb0b04ea47d9ab8ac0e8435e11d9', 'act_field_type_2', '', '2', '2', 'b8dbfbe5ebc740e2a621aaf8e9f93e14', '2', '', '026a564bbfd84861ac4b65393644beef', '2017-07-21', null, null, 'false');
INSERT INTO `sys_code` VALUES ('b432d1d4a5154c519c8c426cbceb2446', 'act_task_result_5', '', null, '1', 'c19fd8a436714d8d922726df6d97d5fc', '5', '', '026a564bbfd84861ac4b65393644beef', '2017-09-01', null, null, 'false');
INSERT INTO `sys_code` VALUES ('b8dbfbe5ebc740e2a621aaf8e9f93e14', 'act_field_type', '', null, '1', 'e8a9e485ff8947718f43706c6de85c60', '3', '  1=() 2=', '026a564bbfd84861ac4b65393644beef', '2017-07-21', null, null, 'false');
INSERT INTO `sys_code` VALUES ('b8e054a4fcc0444ab6907c457511d982', 'notice_soucre_2', '', null, '1', '6fe9345581964c209e7ff866739d13fb', '2', '', '026a564bbfd84861ac4b65393644beef', '2017-09-01', '026a564bbfd84861ac4b65393644beef', '2017-08-22', 'false');
INSERT INTO `sys_code` VALUES ('bd3a3edd45db4129a946a3f34f68c186', 'act_node_type_1', '', '1', '2', '8532ec46674b44498ee08f4cefbcf6dd', '7', '', '026a564bbfd84861ac4b65393644beef', '2017-08-09', null, null, 'false');
INSERT INTO `sys_code` VALUES ('c06463daea244c2980aa6a68ae0dde0c', 'act_user_type_1', '', '1', '2', '46e85988afa24fe4acaa90addec3046a', '1', '', '026a564bbfd84861ac4b65393644beef', '2017-07-21', '026a564bbfd84861ac4b65393644beef', '2017-07-21', 'false');
INSERT INTO `sys_code` VALUES ('c11c36c32e17411c8ec5ba638ad28731', 'act_judg', '', null, '1', 'e8a9e485ff8947718f43706c6de85c60', '6', '', '026a564bbfd84861ac4b65393644beef', '2017-07-28', '026a564bbfd84861ac4b65393644beef', '2017-07-28', 'false');
INSERT INTO `sys_code` VALUES ('c12863d73db64db98be1a5eff382db70', 'act_examine_type_3', '', '3', '2', 'fe58d909108f4fbda7ee78e9bde849ea', '3', '', '026a564bbfd84861ac4b65393644beef', '2017-07-24', null, null, 'false');
INSERT INTO `sys_code` VALUES ('c15231e57f554821a58fd233ccb8af7f', 'act_Bus_type_4', '', '4', '2', '2f06861a28ff4fd68e73203ca2757b00', '4', '', '026a564bbfd84861ac4b65393644beef', '2017-07-25', null, null, 'false');
INSERT INTO `sys_code` VALUES ('c19fd8a436714d8d922726df6d97d5fc', 'act_task_result', '', null, '1', 'e8a9e485ff8947718f43706c6de85c60', '10', '', '026a564bbfd84861ac4b65393644beef', '2017-08-15', '026a564bbfd84861ac4b65393644beef', '2017-09-04', 'false');
INSERT INTO `sys_code` VALUES ('c3f2ff1b592c439f8b18fd36413f7f48', 'act_process_status_3', '', '3', '2', '325d95a84e6c46c0a37b2534815e6d8d', '3', '', '026a564bbfd84861ac4b65393644beef', '2017-08-14', null, null, 'false');
INSERT INTO `sys_code` VALUES ('c5e12bdfd1cf4789981406323924854a', 'public', '', null, '1', '4df5534dc25f43f5a0d3ae2c2baf9325', '2', '', '026a564bbfd84861ac4b65393644beef', '2017-07-19', null, null, '0');
INSERT INTO `sys_code` VALUES ('c695e4c42fb0417d849af2f90af3b4a0', 'act_Bus_type_1', '', '1', '2', '2f06861a28ff4fd68e73203ca2757b00', '1', '', '026a564bbfd84861ac4b65393644beef', '2017-07-25', null, null, 'false');
INSERT INTO `sys_code` VALUES ('c9be0d393d9d4e838a6dc3aa8e788a0d', 'act_result_2', '', '2', '2', '3cc90674a0d5416594cf5afcaca10a6e', '2', '', '026a564bbfd84861ac4b65393644beef', '2017-08-15', null, null, 'false');
INSERT INTO `sys_code` VALUES ('cd9212fa11174570a2714d47658e9548', 'is_open', '', null, '1', 'c5e12bdfd1cf4789981406323924854a', '2', '', '026a564bbfd84861ac4b65393644beef', '2017-07-26', null, null, 'false');
INSERT INTO `sys_code` VALUES ('ceaa6974c53048938dbef6e8411e9399', 'act_user_type_3', '', '3', '2', '46e85988afa24fe4acaa90addec3046a', '3', '', '026a564bbfd84861ac4b65393644beef', '2017-07-21', '026a564bbfd84861ac4b65393644beef', '2017-07-21', 'false');
INSERT INTO `sys_code` VALUES ('dd3b72a16c634783814c668a3f5d82ed', 'act_judg_<=', '<=', '<=', '2', 'c11c36c32e17411c8ec5ba638ad28731', '5', '<=', '026a564bbfd84861ac4b65393644beef', '2017-07-28', '026a564bbfd84861ac4b65393644beef', '2017-07-28', 'false');
INSERT INTO `sys_code` VALUES ('dd8c2aadb7aa4d9d824ab85988a4670d', 'act_Bus_type_2', '', '2', '2', '2f06861a28ff4fd68e73203ca2757b00', '2', '', '026a564bbfd84861ac4b65393644beef', '2017-07-25', null, null, 'false');
INSERT INTO `sys_code` VALUES ('e0e88d6f79ff41d5958e21205dc93e28', 'act_user_type_2', '', '2', '2', '46e85988afa24fe4acaa90addec3046a', '2', '', '026a564bbfd84861ac4b65393644beef', '2017-07-21', '026a564bbfd84861ac4b65393644beef', '2017-07-21', 'false');
INSERT INTO `sys_code` VALUES ('e23bb5e7bf6b495b835b9d25f73676d7', 'act_node_action_1', '', '1', '2', '5d477b1523df4fb7811e2648e9bd2086', '1', '', '026a564bbfd84861ac4b65393644beef', '2017-07-21', null, null, 'true');
INSERT INTO `sys_code` VALUES ('e5ce8103550c4044a11bdb285b88fcc0', 'notice', '', null, '1', 'adffbaacc25543129abc86352ecf7b52', '2', '', '026a564bbfd84861ac4b65393644beef', '2017-09-01', '026a564bbfd84861ac4b65393644beef', '2017-09-01', 'false');
INSERT INTO `sys_code` VALUES ('e8a9e485ff8947718f43706c6de85c60', 'activiti', '', null, '1', 'adffbaacc25543129abc86352ecf7b52', '1', '', '026a564bbfd84861ac4b65393644beef', '2017-07-21', '026a564bbfd84861ac4b65393644beef', '2017-09-04', 'true');
INSERT INTO `sys_code` VALUES ('f053291c0c654237b280c44580581a3e', 'notice_soucre_1', '', null, '1', '6fe9345581964c209e7ff866739d13fb', '1', '', '026a564bbfd84861ac4b65393644beef', '2017-09-01', '026a564bbfd84861ac4b65393644beef', '2017-09-01', 'false');
INSERT INTO `sys_code` VALUES ('f2196b74abc84786843f57f1c5d0da13', 'act_judg_==', '==', '==', '2', 'c11c36c32e17411c8ec5ba638ad28731', '1', '==', '026a564bbfd84861ac4b65393644beef', '2017-07-28', '026a564bbfd84861ac4b65393644beef', '2017-07-28', 'false');
INSERT INTO `sys_code` VALUES ('f37cdb5ece184b249543ef2f521b8b55', 'act_examine_type_1', '', '1', '2', 'fe58d909108f4fbda7ee78e9bde849ea', '1', '', '026a564bbfd84861ac4b65393644beef', '2017-07-24', null, null, 'false');
INSERT INTO `sys_code` VALUES ('f6df754090bc4db3846ca51c84df4563', 'act_node_type_2', '', '2', '2', '8532ec46674b44498ee08f4cefbcf6dd', '2', '', '026a564bbfd84861ac4b65393644beef', '2017-08-09', null, null, 'false');
INSERT INTO `sys_code` VALUES ('f9a61a2364ed400e94f1acb88e271360', 'act_field_type_1', '', '1', '2', 'b8dbfbe5ebc740e2a621aaf8e9f93e14', '1', '()', '026a564bbfd84861ac4b65393644beef', '2017-07-21', null, null, 'false');
INSERT INTO `sys_code` VALUES ('fe58d909108f4fbda7ee78e9bde849ea', 'act_examine_type', '', null, '1', 'e8a9e485ff8947718f43706c6de85c60', '4', '', '026a564bbfd84861ac4b65393644beef', '2017-07-24', null, null, 'false');

-- ----------------------------
-- Table structure for sys_config
-- ----------------------------
DROP TABLE IF EXISTS `sys_config`;
CREATE TABLE `sys_config` (
  `id` bigint(20) NOT NULL AUTO_INCREMENT,
  `key` varchar(50) DEFAULT NULL COMMENT 'key',
  `value` varchar(2000) DEFAULT NULL COMMENT 'value',
  `status` tinyint(4) DEFAULT '1' COMMENT '   0   1',
  `remark` varchar(500) DEFAULT NULL COMMENT '',
  PRIMARY KEY (`id`),
  UNIQUE KEY `key` (`key`)
) ENGINE=InnoDB AUTO_INCREMENT=3 DEFAULT CHARSET=utf8 COMMENT='';

-- ----------------------------
-- Records of sys_config
-- ----------------------------
INSERT INTO `sys_config` VALUES ('2', 'CLOUD_STORAGE_CONFIG_KEY', '{\"qiniuAccessKey\":\"DkJTbNsm0L9ZVIHEUe1MzwuLcDjBoReYVh53JC3x\",\"qiniuBucketName\":\"hxyframe\",\"qiniuDomain\":\"http://osaowv4s0.bkt.clouddn.com\",\"qiniuPrefix\":\"upload\",\"qiniuSecretKey\":\"shYrg6C685eAueqVTg8yvFSaX4PghNAVrA2Lmb8i\",\"type\":1}', '0', null);

-- ----------------------------
-- Table structure for sys_log
-- ----------------------------
DROP TABLE IF EXISTS `sys_log`;
CREATE TABLE `sys_log` (
  `id` bigint(20) NOT NULL AUTO_INCREMENT,
  `username` varchar(50) DEFAULT NULL COMMENT '',
  `operation` varchar(50) DEFAULT NULL COMMENT '',
  `method` varchar(200) DEFAULT NULL COMMENT '',
  `params` varchar(5000) DEFAULT NULL COMMENT '',
  `ip` varchar(64) DEFAULT NULL COMMENT 'IP',
  `create_date` datetime DEFAULT NULL COMMENT '',
  PRIMARY KEY (`id`)
) ENGINE=InnoDB AUTO_INCREMENT=1060 DEFAULT CHARSET=utf8 COMMENT='';

-- ----------------------------
-- Records of sys_log
-- ----------------------------
INSERT INTO `sys_log` VALUES ('417', '', '', 'com.hxy.sys.controller.ScheduleJobController.list()', '{\"_search\":\"false\",\"nd\":\"1504505741741\",\"limit\":\"10\",\"page\":\"1\",\"sidx\":\"\",\"order\":\"asc\",\"_\":\"1504505741570\"}', '0:0:0:0:0:0:0:1', '2017-09-04 14:15:42');
INSERT INTO `sys_log` VALUES ('418', '', '', 'com.hxy.sys.controller.SysOssController.list()', '{\"_search\":\"false\",\"nd\":\"1504505742658\",\"limit\":\"10\",\"page\":\"1\",\"sidx\":\"\",\"order\":\"asc\",\"_\":\"1504505742499\"}', '0:0:0:0:0:0:0:1', '2017-09-04 14:15:43');
INSERT INTO `sys_log` VALUES ('419', '', '', 'com.hxy.sys.controller.SysConfigController.list()', '{\"_search\":\"false\",\"nd\":\"1504505752658\",\"limit\":\"10\",\"page\":\"1\",\"sidx\":\"\",\"order\":\"asc\",\"_\":\"1504505752528\"}', '0:0:0:0:0:0:0:1', '2017-09-04 14:15:53');
INSERT INTO `sys_log` VALUES ('420', '', '', 'com.hxy.sys.controller.CodeController.codeTree()', null, '0:0:0:0:0:0:0:1', '2017-09-04 14:19:28');
INSERT INTO `sys_log` VALUES ('421', '', '', 'com.hxy.sys.controller.CodeController.codeTree()', null, '0:0:0:0:0:0:0:1', '2017-09-04 14:19:36');
INSERT INTO `sys_log` VALUES ('422', '', '', 'com.hxy.sys.controller.CodeController.codeTree()', null, '0:0:0:0:0:0:0:1', '2017-09-04 14:19:52');
INSERT INTO `sys_log` VALUES ('423', '', '', 'com.hxy.sys.controller.CodeController.info()', null, '0:0:0:0:0:0:0:1', '2017-09-04 14:20:01');
INSERT INTO `sys_log` VALUES ('424', '', '', 'com.hxy.sys.controller.CodeController.update()', null, '0:0:0:0:0:0:0:1', '2017-09-04 14:20:02');
INSERT INTO `sys_log` VALUES ('425', '', '', 'com.hxy.sys.controller.CodeController.codeTree()', null, '0:0:0:0:0:0:0:1', '2017-09-04 14:20:05');
INSERT INTO `sys_log` VALUES ('426', '', '', 'com.hxy.sys.controller.CodeController.info()', null, '0:0:0:0:0:0:0:1', '2017-09-04 14:20:50');
INSERT INTO `sys_log` VALUES ('427', '', '', 'com.hxy.sys.controller.CodeController.update()', null, '0:0:0:0:0:0:0:1', '2017-09-04 14:21:04');
INSERT INTO `sys_log` VALUES ('428', '', '', 'com.hxy.sys.controller.CodeController.codeTree()', null, '0:0:0:0:0:0:0:1', '2017-09-04 14:21:08');
INSERT INTO `sys_log` VALUES ('429', '', '', 'com.hxy.sys.controller.CodeController.info()', '\"c19fd8a436714d8d922726df6d97d5fc\"', '0:0:0:0:0:0:0:1', '2017-09-04 14:21:10');
INSERT INTO `sys_log` VALUES ('430', '', '', 'com.hxy.sys.controller.CodeController.update()', '{\"createId\":\"026a564bbfd84861ac4b65393644beef\",\"createTime\":1502726400000,\"id\":\"c19fd8a436714d8d922726df6d97d5fc\",\"mark\":\"act_task_result\",\"name\":\"\",\"open\":\"false\",\"parentId\":\"e8a9e485ff8947718f43706c6de85c60\",\"parentName\":\"\",\"remark\":\"\",\"sort\":\"10\",\"type\":\"1\"}', '0:0:0:0:0:0:0:1', '2017-09-04 14:21:11');
INSERT INTO `sys_log` VALUES ('431', '', '', 'com.hxy.sys.controller.RoleController.list()', '{\"_search\":\"false\",\"nd\":\"1504506166916\",\"limit\":\"10\",\"page\":\"1\",\"sidx\":\"\",\"order\":\"asc\",\"_\":\"1504506166768\"}', '0:0:0:0:0:0:0:1', '2017-09-04 14:22:47');
INSERT INTO `sys_log` VALUES ('432', '', '', 'com.hxy.sys.controller.UserController.list()', '{\"_search\":\"false\",\"nd\":\"1504506167411\",\"limit\":\"10\",\"page\":\"1\",\"sidx\":\"\",\"order\":\"asc\",\"_\":\"1504506167242\"}', '0:0:0:0:0:0:0:1', '2017-09-04 14:22:47');
INSERT INTO `sys_log` VALUES ('433', '', '', 'com.hxy.sys.controller.UserController.list()', '{\"_search\":\"false\",\"nd\":\"1504506170625\",\"limit\":\"10\",\"page\":\"1\",\"sidx\":\"\",\"order\":\"asc\",\"_\":\"1504506170486\"}', '0:0:0:0:0:0:0:1', '2017-09-04 14:22:51');
INSERT INTO `sys_log` VALUES ('434', '', '', 'com.hxy.sys.controller.RoleController.info()', '\"0c3245b565c84f639ab9e05a6d1eedfd\"', '0:0:0:0:0:0:0:1', '2017-09-04 14:23:30');
INSERT INTO `sys_log` VALUES ('435', '', '', 'com.hxy.sys.controller.RoleController.list()', '{\"_search\":\"false\",\"nd\":\"1504506220080\",\"limit\":\"10\",\"page\":\"1\",\"sidx\":\"\",\"order\":\"asc\",\"name\":\"\",\"_\":\"1504506166772\"}', '0:0:0:0:0:0:0:1', '2017-09-04 14:23:40');
INSERT INTO `sys_log` VALUES ('436', '', '', 'com.hxy.sys.controller.RoleController.save()', '{\"menuIdList\":[\"0\",\"1\",\"1515daa136ba41f783e82318f851d343\",\"1f936af47d064ab4989aadf6373e6502\",\"4e053e35bfed492fa6248e4888addd67\",\"90ca98befe9f4a67a07d5ab5fb2f3de3\",\"c799ed2f2b1945ee875734b658cbbf10\",\"2\",\"4\",\"6\",\"7\",\"f4f6af97585d401f918afedd3ca223e9\",\"4565ee01959c478d96c4071d3bb2a36f\",\"690b7470fe394a6a8d9d0fa1340f18dc\",\"f4d418f7f9174338acc595151daa020f\",\"f7a850cb503c4b2cb5dc27081aca3325\",\"0c7df2638a464cd5b165547e07dd5409\",\"cefab951f1474646b9419828db47c362\",\"f8524c36e2584ff5a2e374c3727c39c5\",\"f161e717976340e89c68b93abb87419d\",\"1eabb55ae2fa4f5e890c7739c1678e44\",\"0c410538dff54d35a1e19c7524c20e47\",\"695388220b704cdaa72539c5f82fb254\",\"1e7867f5ef3748bbaa2060b0192b8ff0\",\"0e6213b719bd424a9c794ee87f64333e\",\"fdd70e08ae994de18009bc95f4f51fff\",\"feb235067fd7400090b0aa5451e4a5a4\",\"9e8dc02fe5614580bdf5f6ca9a852b70\",\"ce4a2b7afad24616abd283f4741fe3e0\",\"9d22510a1b1a40459619c5b2fdddfdc2\",\"c898d73ff1fb49dc89909ed13452103a\",\"8b1f46f8ba6e455790a515c32e0329c5\",\"15d2074a502f443cb760f613a40df598\",\"62bdcab5fe5f4e5fa7ab79fcd8cb47c4\",\"80030434d10548968beaaeed79c3408b\",\"b7ab517a15b74dea812ee7ef32847a48\",\"14c58e44d6754c92806e1b97614c49b9\",\"e700f061dae448e58cd81a68e17b3439\",\"bbe03cab3b4a45c2a4dd972c80ef4224\",\"a73be9e0371848e18135652f632a117f\",\"9181aafab10044d99267598e54f0057b\",\"bc82a59fa9034622a66e13fd830def06\",\"624b686dd7884be48f41fcb6bf86c272\",\"8ae83f604d394671ae78d763c3f41ded\",\"866aa98844be494bbe669d29a76aff7b\"],\"name\":\"test\",\"organIdList\":[\"ff6d5335b1c7456e9a2e7734062820b2\",\"7180f5a0c3624f4bb6fb758ab2c3bda6\",\"0eec919538bd4cd7bf3b1aebd54808f5\",\"40ffec9b300c431e890c17beccf8e65c\",\"a694d140b8e44eb2baa5f26435c6a7f8\",\"4ec329625a1047ea87a8dfe8dd0750d1\",\"9e6a3c71bcd84d45807aa6641ab1a642\"],\"status\":\"0\"}', '0:0:0:0:0:0:0:1', '2017-09-04 14:25:06');
INSERT INTO `sys_log` VALUES ('437', '', '', 'com.hxy.sys.controller.RoleController.list()', '{\"_search\":\"false\",\"nd\":\"1504506316025\",\"limit\":\"10\",\"page\":\"1\",\"sidx\":\"\",\"order\":\"asc\",\"name\":\"\",\"_\":\"1504506166775\"}', '0:0:0:0:0:0:0:1', '2017-09-04 14:25:16');
INSERT INTO `sys_log` VALUES ('438', '', '', 'com.hxy.sys.controller.RoleController.list()', '{\"_search\":\"false\",\"nd\":\"1504506317243\",\"limit\":\"10\",\"page\":\"1\",\"sidx\":\"\",\"order\":\"asc\",\"_\":\"1504506317114\"}', '0:0:0:0:0:0:0:1', '2017-09-04 14:25:17');
INSERT INTO `sys_log` VALUES ('439', '', '', 'com.hxy.sys.controller.RoleController.delete()', '[\"3f4f819d494c469295d197afea323233\"]', '0:0:0:0:0:0:0:1', '2017-09-04 14:25:20');
INSERT INTO `sys_log` VALUES ('440', '', '', 'com.hxy.sys.controller.RoleController.list()', '{\"_search\":\"false\",\"nd\":\"1504506321729\",\"limit\":\"10\",\"page\":\"1\",\"sidx\":\"\",\"order\":\"asc\",\"name\":\"\",\"_\":\"1504506317115\"}', '0:0:0:0:0:0:0:1', '2017-09-04 14:25:22');
INSERT INTO `sys_log` VALUES ('441', '', '', 'com.hxy.sys.controller.SysConfigController.list()', '{\"_search\":\"false\",\"nd\":\"1504506336111\",\"limit\":\"10\",\"page\":\"1\",\"sidx\":\"\",\"order\":\"asc\",\"_\":\"1504506335983\"}', '0:0:0:0:0:0:0:1', '2017-09-04 14:25:36');
INSERT INTO `sys_log` VALUES ('442', '', '', 'com.hxy.sys.controller.ScheduleJobController.list()', '{\"_search\":\"false\",\"nd\":\"1504506336731\",\"limit\":\"10\",\"page\":\"1\",\"sidx\":\"\",\"order\":\"asc\",\"_\":\"1504506336598\"}', '0:0:0:0:0:0:0:1', '2017-09-04 14:25:37');
INSERT INTO `sys_log` VALUES ('443', '', '', 'com.hxy.sys.controller.CodeController.codeTree()', null, '0:0:0:0:0:0:0:1', '2017-09-04 14:29:16');
INSERT INTO `sys_log` VALUES ('444', '', '', 'com.hxy.sys.controller.RoleController.list()', '{\"_search\":\"false\",\"nd\":\"1504506560668\",\"limit\":\"10\",\"page\":\"1\",\"sidx\":\"\",\"order\":\"asc\",\"_\":\"1504506560534\"}', '0:0:0:0:0:0:0:1', '2017-09-04 14:29:21');
INSERT INTO `sys_log` VALUES ('445', '', '', 'com.hxy.sys.controller.NoticeController.showNotice()', '\"71c9f07ae7934eb881b051cb139ed764\"', '0:0:0:0:0:0:0:1', '2017-09-04 14:29:46');
INSERT INTO `sys_log` VALUES ('446', '', '', 'com.hxy.sys.controller.CodeController.codeTree()', null, '0:0:0:0:0:0:0:1', '2017-09-04 14:32:30');
INSERT INTO `sys_log` VALUES ('447', '', '', 'com.hxy.sys.controller.ScheduleJobController.list()', '{\"_search\":\"false\",\"nd\":\"1504506751969\",\"limit\":\"10\",\"page\":\"1\",\"sidx\":\"\",\"order\":\"asc\",\"_\":\"1504506751820\"}', '0:0:0:0:0:0:0:1', '2017-09-04 14:32:32');
INSERT INTO `sys_log` VALUES ('448', '', '', 'com.hxy.sys.controller.SysOssController.config()', null, '0:0:0:0:0:0:0:1', '2017-09-04 14:32:32');
INSERT INTO `sys_log` VALUES ('449', '', '', 'com.hxy.sys.controller.SysOssController.list()', '{\"_search\":\"false\",\"nd\":\"1504506752379\",\"limit\":\"10\",\"page\":\"1\",\"sidx\":\"\",\"order\":\"asc\",\"_\":\"1504506752239\"}', '0:0:0:0:0:0:0:1', '2017-09-04 14:32:32');
INSERT INTO `sys_log` VALUES ('450', '', '', 'com.hxy.sys.controller.SysConfigController.list()', '{\"_search\":\"false\",\"nd\":\"1504506752869\",\"limit\":\"10\",\"page\":\"1\",\"sidx\":\"\",\"order\":\"asc\",\"_\":\"1504506752745\"}', '0:0:0:0:0:0:0:1', '2017-09-04 14:32:33');
INSERT INTO `sys_log` VALUES ('451', '', '', 'com.hxy.sys.controller.CodeController.codeTree()', null, '0:0:0:0:0:0:0:1', '2017-09-04 14:40:05');
INSERT INTO `sys_log` VALUES ('452', '', '', 'com.hxy.sys.controller.CodeController.info()', '\"adffbaacc25543129abc86352ecf7b52\"', '0:0:0:0:0:0:0:1', '2017-09-04 14:40:06');
INSERT INTO `sys_log` VALUES ('453', '', '', 'com.hxy.sys.controller.CodeController.info()', '\"3cc90674a0d5416594cf5afcaca10a6e\"', '0:0:0:0:0:0:0:1', '2017-09-04 14:40:06');
INSERT INTO `sys_log` VALUES ('454', '', '', 'com.hxy.sys.controller.CodeController.codeTree()', null, '0:0:0:0:0:0:0:1', '2017-09-04 14:40:07');
INSERT INTO `sys_log` VALUES ('455', '', '', 'com.hxy.sys.controller.CodeController.info()', '\"e8a9e485ff8947718f43706c6de85c60\"', '0:0:0:0:0:0:0:1', '2017-09-04 14:40:08');
INSERT INTO `sys_log` VALUES ('456', '', '', 'com.hxy.sys.controller.CodeController.info()', '\"103df6829961455ca09bb9a2b9987daf\"', '0:0:0:0:0:0:0:1', '2017-09-04 14:40:09');
INSERT INTO `sys_log` VALUES ('457', '', '', 'com.hxy.sys.controller.CodeController.codeTree()', null, '0:0:0:0:0:0:0:1', '2017-09-05 15:48:49');
INSERT INTO `sys_log` VALUES ('458', '', '', 'com.hxy.sys.controller.CodeController.info()', '\"325d95a84e6c46c0a37b2534815e6d8d\"', '0:0:0:0:0:0:0:1', '2017-09-05 15:48:51');
INSERT INTO `sys_log` VALUES ('459', '', '', 'com.hxy.sys.controller.CodeController.info()', '\"c19fd8a436714d8d922726df6d97d5fc\"', '0:0:0:0:0:0:0:1', '2017-09-05 15:48:53');
INSERT INTO `sys_log` VALUES ('460', '', '', 'com.hxy.sys.controller.CodeController.info()', '\"46e85988afa24fe4acaa90addec3046a\"', '0:0:0:0:0:0:0:1', '2017-09-05 15:49:08');
INSERT INTO `sys_log` VALUES ('461', '', '', 'com.hxy.sys.controller.CodeController.info()', '\"103df6829961455ca09bb9a2b9987daf\"', '0:0:0:0:0:0:0:1', '2017-09-05 15:49:08');
INSERT INTO `sys_log` VALUES ('462', '', '', 'com.hxy.sys.controller.CodeController.codeTree()', null, '0:0:0:0:0:0:0:1', '2017-09-05 16:24:59');
INSERT INTO `sys_log` VALUES ('463', '', '', 'com.hxy.sys.controller.SysConfigController.list()', '{\"_search\":\"false\",\"nd\":\"1504599899570\",\"limit\":\"10\",\"page\":\"1\",\"sidx\":\"\",\"order\":\"asc\",\"_\":\"1504599899501\"}', '0:0:0:0:0:0:0:1', '2017-09-05 16:25:00');
INSERT INTO `sys_log` VALUES ('464', '', '', 'com.hxy.sys.controller.ScheduleJobController.list()', '{\"_search\":\"false\",\"nd\":\"1504601160251\",\"limit\":\"10\",\"page\":\"1\",\"sidx\":\"\",\"order\":\"asc\",\"_\":\"1504601160157\"}', '0:0:0:0:0:0:0:1', '2017-09-05 16:46:00');
INSERT INTO `sys_log` VALUES ('465', '', '', 'com.hxy.sys.controller.SysOssController.config()', null, '0:0:0:0:0:0:0:1', '2017-09-05 16:46:01');
INSERT INTO `sys_log` VALUES ('466', '', '', 'com.hxy.sys.controller.SysOssController.list()', '{\"_search\":\"false\",\"nd\":\"1504601160964\",\"limit\":\"10\",\"page\":\"1\",\"sidx\":\"\",\"order\":\"asc\",\"_\":\"1504601160901\"}', '0:0:0:0:0:0:0:1', '2017-09-05 16:46:01');
INSERT INTO `sys_log` VALUES ('467', '', '', 'com.hxy.sys.controller.LoginController.logOut()', null, '127.0.0.1', '2017-09-06 21:05:09');
INSERT INTO `sys_log` VALUES ('468', '', '', 'com.hxy.sys.controller.LoginController.logOut()', null, '127.0.0.1', '2017-09-06 21:05:21');
INSERT INTO `sys_log` VALUES ('469', '', '', 'com.hxy.sys.controller.LoginController.logOut()', null, '127.0.0.1', '2017-09-06 21:15:21');
INSERT INTO `sys_log` VALUES ('470', '', '', 'com.hxy.sys.controller.LoginController.logOut()', null, '127.0.0.1', '2017-09-07 10:02:46');
INSERT INTO `sys_log` VALUES ('471', '', '', 'com.hxy.sys.controller.LoginController.logOut()', null, '127.0.0.1', '2017-09-07 10:21:37');
INSERT INTO `sys_log` VALUES ('472', '', '', 'com.hxy.sys.controller.CodeController.codeTree()', null, '127.0.0.1', '2017-09-07 10:24:42');
INSERT INTO `sys_log` VALUES ('473', '', '', 'com.hxy.sys.controller.CodeController.info()', '\"103df6829961455ca09bb9a2b9987daf\"', '127.0.0.1', '2017-09-07 10:24:45');
INSERT INTO `sys_log` VALUES ('474', '', '', 'com.hxy.sys.controller.LoginController.logOut()', null, '127.0.0.1', '2017-09-07 10:27:58');
INSERT INTO `sys_log` VALUES ('475', '', '', 'com.hxy.sys.controller.CodeController.codeTree()', null, '127.0.0.1', '2017-09-07 10:47:07');
INSERT INTO `sys_log` VALUES ('476', '', '', 'com.hxy.sys.controller.ScheduleJobController.list()', '{\"_search\":\"false\",\"nd\":\"1504752457673\",\"limit\":\"10\",\"page\":\"1\",\"sidx\":\"\",\"order\":\"asc\",\"_\":\"1504752457521\"}', '127.0.0.1', '2017-09-07 10:47:38');
INSERT INTO `sys_log` VALUES ('477', '', '', 'com.hxy.sys.controller.SysConfigController.list()', '{\"_search\":\"false\",\"nd\":\"1504752458464\",\"limit\":\"10\",\"page\":\"1\",\"sidx\":\"\",\"order\":\"asc\",\"_\":\"1504752458434\"}', '127.0.0.1', '2017-09-07 10:47:38');
INSERT INTO `sys_log` VALUES ('478', '', '', 'com.hxy.sys.controller.LoginController.logOut()', null, '127.0.0.1', '2017-09-07 10:55:44');
INSERT INTO `sys_log` VALUES ('479', '', '', 'com.hxy.sys.controller.RoleController.list()', '{\"_search\":\"false\",\"nd\":\"1504752976107\",\"limit\":\"10\",\"page\":\"1\",\"sidx\":\"\",\"order\":\"asc\",\"_\":\"1504752975978\"}', '127.0.0.1', '2017-09-07 10:56:16');
INSERT INTO `sys_log` VALUES ('480', '', '', 'com.hxy.sys.controller.UserController.list()', '{\"_search\":\"false\",\"nd\":\"1504752976636\",\"limit\":\"10\",\"page\":\"1\",\"sidx\":\"\",\"order\":\"asc\",\"_\":\"1504752976532\"}', '127.0.0.1', '2017-09-07 10:56:17');
INSERT INTO `sys_log` VALUES ('481', '', '', 'com.hxy.sys.controller.LoginController.logOut()', null, '127.0.0.1', '2017-09-07 10:56:18');
INSERT INTO `sys_log` VALUES ('482', '', '', 'com.hxy.sys.controller.LoginController.logOut()', null, '127.0.0.1', '2017-09-07 10:56:41');
INSERT INTO `sys_log` VALUES ('483', '', '', 'com.hxy.sys.controller.CodeController.codeTree()', null, '0:0:0:0:0:0:0:1', '2017-09-07 20:28:54');
INSERT INTO `sys_log` VALUES ('484', '', '', 'com.hxy.sys.controller.SysOssController.config()', null, '0:0:0:0:0:0:0:1', '2017-09-07 20:28:55');
INSERT INTO `sys_log` VALUES ('485', '', '', 'com.hxy.sys.controller.SysOssController.list()', '{\"limit\":\"10\",\"order\":\"asc\",\"page\":\"1\",\"nd\":\"1504787334608\",\"_\":\"1504787334545\",\"sidx\":\"\",\"_search\":\"false\"}', '0:0:0:0:0:0:0:1', '2017-09-07 20:28:55');
INSERT INTO `sys_log` VALUES ('486', '', '', 'com.hxy.sys.controller.RoleController.list()', '{\"limit\":\"10\",\"order\":\"asc\",\"page\":\"1\",\"nd\":\"1504787710403\",\"_\":\"1504787710258\",\"sidx\":\"\",\"_search\":\"false\"}', '0:0:0:0:0:0:0:1', '2017-09-07 20:35:10');
INSERT INTO `sys_log` VALUES ('487', '', '', 'com.hxy.sys.controller.UserController.list()', '{\"limit\":\"10\",\"order\":\"asc\",\"page\":\"1\",\"nd\":\"1504787711199\",\"_\":\"1504787711087\",\"sidx\":\"\",\"_search\":\"false\"}', '0:0:0:0:0:0:0:1', '2017-09-07 20:35:11');
INSERT INTO `sys_log` VALUES ('488', '', '', 'com.hxy.sys.controller.LoginController.logOut()', null, '0:0:0:0:0:0:0:1', '2017-09-07 20:48:45');
INSERT INTO `sys_log` VALUES ('489', '', '', 'com.hxy.sys.controller.CodeController.codeTree()', null, '0:0:0:0:0:0:0:1', '2017-09-07 20:49:15');
INSERT INTO `sys_log` VALUES ('490', '', '', 'com.hxy.sys.controller.CodeController.info()', '\"103df6829961455ca09bb9a2b9987daf\"', '0:0:0:0:0:0:0:1', '2017-09-07 20:49:16');
INSERT INTO `sys_log` VALUES ('491', '', '', 'com.hxy.sys.controller.CodeController.update()', '{\"createId\":\"026a564bbfd84861ac4b65393644beef\",\"createTime\":1502208000000,\"id\":\"103df6829961455ca09bb9a2b9987daf\",\"mark\":\"act_el_operator\",\"name\":\"\",\"open\":\"false\",\"parentId\":\"e8a9e485ff8947718f43706c6de85c60\",\"parentName\":\"\",\"remark\":\"\",\"sort\":\"1\",\"type\":\"1\",\"value\":\"\"}', '0:0:0:0:0:0:0:1', '2017-09-07 20:49:17');
INSERT INTO `sys_log` VALUES ('492', '', '', 'com.hxy.sys.controller.SysConfigController.list()', '{\"limit\":\"10\",\"order\":\"asc\",\"page\":\"1\",\"nd\":\"1504788558768\",\"_\":\"1504788558680\",\"sidx\":\"\",\"_search\":\"false\"}', '0:0:0:0:0:0:0:1', '2017-09-07 20:49:19');
INSERT INTO `sys_log` VALUES ('493', '', '', 'com.hxy.sys.controller.RoleController.list()', '{\"limit\":\"10\",\"order\":\"asc\",\"page\":\"1\",\"nd\":\"1504788561468\",\"_\":\"1504788561437\",\"sidx\":\"\",\"_search\":\"false\"}', '0:0:0:0:0:0:0:1', '2017-09-07 20:49:21');
INSERT INTO `sys_log` VALUES ('494', '', '', 'com.hxy.sys.controller.RoleController.info()', '\"695a97ae34b94d57899833a3ebcd656a\"', '0:0:0:0:0:0:0:1', '2017-09-07 20:49:23');
INSERT INTO `sys_log` VALUES ('495', '', '', 'com.hxy.sys.controller.RoleController.update()', '{\"createId\":\"026a564bbfd84861ac4b65393644beef\",\"createTime\":1500522582000,\"id\":\"695a97ae34b94d57899833a3ebcd656a\",\"menuIdList\":[\"0\",\"e700f061dae448e58cd81a68e17b3439\",\"bbe03cab3b4a45c2a4dd972c80ef4224\",\"a73be9e0371848e18135652f632a117f\",\"9181aafab10044d99267598e54f0057b\",\"bc82a59fa9034622a66e13fd830def06\",\"624b686dd7884be48f41fcb6bf86c272\"],\"name\":\"\",\"organIdList\":[],\"remark\":\"\",\"status\":\"0\",\"updateTime\":1504181520000}', '0:0:0:0:0:0:0:1', '2017-09-07 20:49:24');
INSERT INTO `sys_log` VALUES ('496', '', '', 'com.hxy.sys.controller.RoleController.list()', '{\"limit\":\"10\",\"order\":\"asc\",\"page\":\"1\",\"nd\":\"1504788566041\",\"name\":\"\",\"_\":\"1504788561441\",\"sidx\":\"\",\"_search\":\"false\"}', '0:0:0:0:0:0:0:1', '2017-09-07 20:49:26');
INSERT INTO `sys_log` VALUES ('497', '', '', 'com.hxy.sys.controller.LoginController.logOut()', null, '0:0:0:0:0:0:0:1', '2017-09-07 20:49:40');
INSERT INTO `sys_log` VALUES ('498', '', '', 'com.hxy.sys.controller.LoginController.logOut()', null, '0:0:0:0:0:0:0:1', '2017-09-07 20:51:41');
INSERT INTO `sys_log` VALUES ('499', '', '', 'com.hxy.sys.controller.RoleController.list()', '{\"limit\":\"10\",\"order\":\"asc\",\"page\":\"1\",\"nd\":\"1504788717689\",\"_\":\"1504788717600\",\"sidx\":\"\",\"_search\":\"false\"}', '0:0:0:0:0:0:0:1', '2017-09-07 20:51:58');
INSERT INTO `sys_log` VALUES ('500', '', '', 'com.hxy.sys.controller.LoginController.logOut()', null, '127.0.0.1', '2017-09-08 10:41:35');
INSERT INTO `sys_log` VALUES ('501', '', '', 'com.hxy.sys.controller.RoleController.list()', '{\"limit\":\"10\",\"order\":\"asc\",\"page\":\"1\",\"nd\":\"1504838510027\",\"_\":\"1504838509805\",\"sidx\":\"\",\"_search\":\"false\"}', '127.0.0.1', '2017-09-08 10:41:50');
INSERT INTO `sys_log` VALUES ('502', '', '', 'com.hxy.sys.controller.LoginController.logOut()', null, '127.0.0.1', '2017-09-08 11:06:11');
INSERT INTO `sys_log` VALUES ('503', '', '', 'com.hxy.sys.controller.LoginController.logOut()', null, '127.0.0.1', '2017-09-08 11:48:32');
INSERT INTO `sys_log` VALUES ('504', '', '', 'com.hxy.sys.controller.RoleController.list()', '{\"limit\":\"10\",\"order\":\"asc\",\"page\":\"1\",\"nd\":\"1504850119548\",\"_\":\"1504850119438\",\"sidx\":\"\",\"_search\":\"false\"}', '127.0.0.1', '2017-09-08 13:55:20');
INSERT INTO `sys_log` VALUES ('505', '', '', 'com.hxy.sys.controller.UserController.list()', '{\"limit\":\"10\",\"order\":\"asc\",\"page\":\"1\",\"nd\":\"1504850120959\",\"_\":\"1504850120909\",\"sidx\":\"\",\"_search\":\"false\"}', '127.0.0.1', '2017-09-08 13:55:21');
INSERT INTO `sys_log` VALUES ('506', '', '', 'com.hxy.sys.controller.RoleController.list()', '{\"limit\":\"10\",\"order\":\"asc\",\"page\":\"1\",\"nd\":\"1504863831299\",\"_\":\"1504863830992\",\"sidx\":\"\",\"_search\":\"false\"}', '127.0.0.1', '2017-09-08 17:43:51');
INSERT INTO `sys_log` VALUES ('507', '', '', 'com.hxy.sys.controller.UserController.list()', '{\"limit\":\"10\",\"order\":\"asc\",\"page\":\"1\",\"nd\":\"1504863833411\",\"_\":\"1504863833357\",\"sidx\":\"\",\"_search\":\"false\"}', '127.0.0.1', '2017-09-08 17:43:53');
INSERT INTO `sys_log` VALUES ('508', '', '', 'com.hxy.sys.controller.UserController.delete()', '[\"44b66661d5954f36a26465d96e837cf7\"]', '127.0.0.1', '2017-09-08 17:43:57');
INSERT INTO `sys_log` VALUES ('509', '', '', 'com.hxy.sys.controller.UserController.list()', '{\"limit\":\"10\",\"order\":\"asc\",\"page\":\"1\",\"nd\":\"1504863840661\",\"_\":\"1504863840620\",\"sidx\":\"\",\"_search\":\"false\"}', '127.0.0.1', '2017-09-08 17:44:01');
INSERT INTO `sys_log` VALUES ('510', '', '', 'com.hxy.sys.controller.UserController.list()', '{\"limit\":\"10\",\"order\":\"asc\",\"page\":\"1\",\"nd\":\"1504863842454\",\"_\":\"1504863842417\",\"sidx\":\"\",\"_search\":\"false\"}', '127.0.0.1', '2017-09-08 17:44:02');
INSERT INTO `sys_log` VALUES ('511', '', '', 'com.hxy.sys.controller.UserController.list()', '{\"limit\":\"10\",\"order\":\"asc\",\"page\":\"1\",\"nd\":\"1504863844063\",\"_\":\"1504863844018\",\"sidx\":\"\",\"_search\":\"false\"}', '127.0.0.1', '2017-09-08 17:44:04');
INSERT INTO `sys_log` VALUES ('512', '', '', 'com.hxy.sys.controller.RoleController.list()', '{\"limit\":\"10\",\"order\":\"asc\",\"page\":\"1\",\"nd\":\"1505098548861\",\"_\":\"1505098548724\",\"sidx\":\"\",\"_search\":\"false\"}', '0:0:0:0:0:0:0:1', '2017-09-11 10:55:49');
INSERT INTO `sys_log` VALUES ('513', '', '', 'com.hxy.sys.controller.UserController.list()', '{\"limit\":\"10\",\"order\":\"asc\",\"page\":\"1\",\"nd\":\"1505098549276\",\"_\":\"1505098549076\",\"sidx\":\"\",\"_search\":\"false\"}', '0:0:0:0:0:0:0:1', '2017-09-11 10:55:50');
INSERT INTO `sys_log` VALUES ('514', '', '', 'com.hxy.sys.controller.CodeController.codeTree()', null, '0:0:0:0:0:0:0:1', '2017-09-11 10:55:53');
INSERT INTO `sys_log` VALUES ('515', '', '', 'com.hxy.sys.controller.ScheduleJobController.list()', '{\"limit\":\"10\",\"order\":\"asc\",\"page\":\"1\",\"nd\":\"1505098554805\",\"_\":\"1505098554751\",\"sidx\":\"\",\"_search\":\"false\"}', '0:0:0:0:0:0:0:1', '2017-09-11 10:55:55');
INSERT INTO `sys_log` VALUES ('516', '', '', 'com.hxy.sys.controller.LoginController.logOut()', null, '0:0:0:0:0:0:0:1', '2017-09-11 11:03:35');
INSERT INTO `sys_log` VALUES ('517', '', '', 'com.hxy.sys.controller.CodeController.codeTree()', null, '0:0:0:0:0:0:0:1', '2017-09-12 13:22:16');
INSERT INTO `sys_log` VALUES ('518', '', '', 'com.hxy.sys.controller.MenuController.info()', '\"0\"', '0:0:0:0:0:0:0:1', '2017-09-12 13:22:26');
INSERT INTO `sys_log` VALUES ('519', '', '', 'com.hxy.sys.controller.SysConfigController.list()', '{\"nd\":\"1505193941565\",\"limit\":\"10\",\"page\":\"1\",\"_search\":\"false\",\"sidx\":\"\",\"order\":\"asc\",\"_\":\"1505193941454\"}', '0:0:0:0:0:0:0:1', '2017-09-12 13:25:42');
INSERT INTO `sys_log` VALUES ('520', '', '', 'com.hxy.sys.controller.SysOssController.list()', '{\"nd\":\"1505193943019\",\"limit\":\"10\",\"page\":\"1\",\"_search\":\"false\",\"sidx\":\"\",\"order\":\"asc\",\"_\":\"1505193942977\"}', '0:0:0:0:0:0:0:1', '2017-09-12 13:25:43');
INSERT INTO `sys_log` VALUES ('521', '', '', 'com.hxy.sys.controller.SysOssController.config()', null, '0:0:0:0:0:0:0:1', '2017-09-12 13:25:43');
INSERT INTO `sys_log` VALUES ('522', '', '', 'com.hxy.sys.controller.RoleController.list()', '{\"nd\":\"1505193945195\",\"limit\":\"10\",\"page\":\"1\",\"_search\":\"false\",\"sidx\":\"\",\"order\":\"asc\",\"_\":\"1505193945153\"}', '0:0:0:0:0:0:0:1', '2017-09-12 13:25:45');
INSERT INTO `sys_log` VALUES ('523', '', '', 'com.hxy.sys.controller.UserController.list()', '{\"nd\":\"1505194151221\",\"limit\":\"10\",\"page\":\"1\",\"_search\":\"false\",\"sidx\":\"\",\"order\":\"asc\",\"_\":\"1505194151166\"}', '0:0:0:0:0:0:0:1', '2017-09-12 13:29:11');
INSERT INTO `sys_log` VALUES ('524', '', '', 'com.hxy.sys.controller.MenuController.info()', '\"0\"', '0:0:0:0:0:0:0:1', '2017-09-12 13:46:45');
INSERT INTO `sys_log` VALUES ('525', '', '', 'com.hxy.sys.controller.MenuController.info()', '\"486185f7ab6243789d4ff354825c6127\"', '0:0:0:0:0:0:0:1', '2017-09-12 13:49:19');
INSERT INTO `sys_log` VALUES ('526', '', '', 'com.hxy.sys.controller.MenuController.info()', '\"8ae83f604d394671ae78d763c3f41ded\"', '0:0:0:0:0:0:0:1', '2017-09-12 13:49:21');
INSERT INTO `sys_log` VALUES ('527', '', '', 'com.hxy.sys.controller.MenuController.info()', '\"486185f7ab6243789d4ff354825c6127\"', '0:0:0:0:0:0:0:1', '2017-09-12 13:49:26');
INSERT INTO `sys_log` VALUES ('528', '', '', 'com.hxy.sys.controller.MenuController.update()', '{\"createId\":\"026a564bbfd84861ac4b65393644beef\",\"createTime\":1505195356000,\"icon\":\"fa fa-book\",\"id\":\"486185f7ab6243789d4ff354825c6127\",\"name\":\"\",\"open\":\"true\",\"parentId\":\"0\",\"parentName\":\"\",\"permission\":\"\",\"sort\":5,\"status\":\"1\",\"type\":\"0\",\"updateId\":\"026a564bbfd84861ac4b65393644beef\",\"updateTime\":1500546050000,\"url\":\"\"}', '0:0:0:0:0:0:0:1', '2017-09-12 13:49:31');
INSERT INTO `sys_log` VALUES ('529', '', '', 'com.hxy.sys.controller.MenuController.info()', '\"486185f7ab6243789d4ff354825c6127\"', '0:0:0:0:0:0:0:1', '2017-09-12 13:49:34');
INSERT INTO `sys_log` VALUES ('530', '', '', 'com.hxy.sys.controller.MenuController.info()', '\"8e640845e7c84d5e99fbb0452c6d6dae\"', '0:0:0:0:0:0:0:1', '2017-09-12 13:50:40');
INSERT INTO `sys_log` VALUES ('531', '', '', 'com.hxy.sys.controller.MenuController.info()', '\"8ae83f604d394671ae78d763c3f41ded\"', '0:0:0:0:0:0:0:1', '2017-09-12 13:50:41');
INSERT INTO `sys_log` VALUES ('532', '', '', 'com.hxy.sys.controller.MenuController.info()', '\"866aa98844be494bbe669d29a76aff7b\"', '0:0:0:0:0:0:0:1', '2017-09-12 13:50:42');
INSERT INTO `sys_log` VALUES ('533', '', '', 'com.hxy.sys.controller.MenuController.info()', '\"8e640845e7c84d5e99fbb0452c6d6dae\"', '0:0:0:0:0:0:0:1', '2017-09-12 13:50:44');
INSERT INTO `sys_log` VALUES ('534', '', '', 'com.hxy.sys.controller.MenuController.info()', '\"8e640845e7c84d5e99fbb0452c6d6dae\"', '0:0:0:0:0:0:0:1', '2017-09-12 13:55:02');
INSERT INTO `sys_log` VALUES ('535', '', '', 'com.hxy.sys.controller.MenuController.info()', '\"8e640845e7c84d5e99fbb0452c6d6dae\"', '0:0:0:0:0:0:0:1', '2017-09-12 13:55:02');
INSERT INTO `sys_log` VALUES ('536', '', '', 'com.hxy.sys.controller.MenuController.info()', '\"866aa98844be494bbe669d29a76aff7b\"', '0:0:0:0:0:0:0:1', '2017-09-12 13:55:03');
INSERT INTO `sys_log` VALUES ('537', '', '', 'com.hxy.sys.controller.MenuController.info()', '\"8e640845e7c84d5e99fbb0452c6d6dae\"', '0:0:0:0:0:0:0:1', '2017-09-12 13:55:04');
INSERT INTO `sys_log` VALUES ('538', '', '', 'com.hxy.sys.controller.MenuController.update()', '{\"createId\":\"026a564bbfd84861ac4b65393644beef\",\"createTime\":1505195435000,\"icon\":\"fa fa-external-link\",\"id\":\"8e640845e7c84d5e99fbb0452c6d6dae\",\"name\":\"\",\"open\":\"false\",\"parentId\":\"486185f7ab6243789d4ff354825c6127\",\"parentName\":\"\",\"permission\":\"\",\"sort\":1,\"status\":\"1\",\"type\":\"1\",\"updateId\":\"026a564bbfd84861ac4b65393644beef\",\"updateTime\":1505195371000,\"url\":\"demo/solrarticle/list\"}', '0:0:0:0:0:0:0:1', '2017-09-12 13:55:05');
INSERT INTO `sys_log` VALUES ('539', '', '', 'com.hxy.sys.controller.MenuController.info()', '\"486185f7ab6243789d4ff354825c6127\"', '0:0:0:0:0:0:0:1', '2017-09-12 13:55:08');
INSERT INTO `sys_log` VALUES ('540', '', '', 'com.hxy.sys.controller.MenuController.update()', '{\"createId\":\"026a564bbfd84861ac4b65393644beef\",\"createTime\":1505195356000,\"icon\":\"fa fa-book\",\"id\":\"486185f7ab6243789d4ff354825c6127\",\"name\":\"\",\"open\":\"false\",\"parentId\":\"0\",\"parentName\":\"\",\"permission\":\"\",\"sort\":5,\"status\":\"1\",\"type\":\"0\",\"updateId\":\"026a564bbfd84861ac4b65393644beef\",\"updateTime\":1505195371000,\"url\":\"\"}', '0:0:0:0:0:0:0:1', '2017-09-12 13:55:10');
INSERT INTO `sys_log` VALUES ('541', '', '', 'com.hxy.sys.controller.MenuController.info()', '\"866aa98844be494bbe669d29a76aff7b\"', '0:0:0:0:0:0:0:1', '2017-09-12 13:55:14');
INSERT INTO `sys_log` VALUES ('542', '', '', 'com.hxy.sys.controller.MenuController.info()', '\"8e640845e7c84d5e99fbb0452c6d6dae\"', '0:0:0:0:0:0:0:1', '2017-09-12 13:55:15');
INSERT INTO `sys_log` VALUES ('543', '', '', 'com.hxy.sys.controller.MenuController.info()', '\"866aa98844be494bbe669d29a76aff7b\"', '0:0:0:0:0:0:0:1', '2017-09-12 13:55:17');
INSERT INTO `sys_log` VALUES ('544', '', '', 'com.hxy.sys.controller.MenuController.info()', '\"8e640845e7c84d5e99fbb0452c6d6dae\"', '0:0:0:0:0:0:0:1', '2017-09-12 13:55:18');
INSERT INTO `sys_log` VALUES ('545', '', '', 'com.hxy.sys.controller.MenuController.info()', '\"486185f7ab6243789d4ff354825c6127\"', '0:0:0:0:0:0:0:1', '2017-09-12 14:03:54');
INSERT INTO `sys_log` VALUES ('546', '', '', 'com.hxy.sys.controller.MenuController.info()', '\"486185f7ab6243789d4ff354825c6127\"', '0:0:0:0:0:0:0:1', '2017-09-12 14:03:54');
INSERT INTO `sys_log` VALUES ('547', '', '', 'com.hxy.sys.controller.MenuController.info()', '\"8e640845e7c84d5e99fbb0452c6d6dae\"', '0:0:0:0:0:0:0:1', '2017-09-12 14:03:56');
INSERT INTO `sys_log` VALUES ('548', '', '', 'com.hxy.sys.controller.MenuController.info()', '\"9181aafab10044d99267598e54f0057b\"', '0:0:0:0:0:0:0:1', '2017-09-12 14:04:03');
INSERT INTO `sys_log` VALUES ('549', '', '', 'com.hxy.sys.controller.MenuController.info()', '\"8e640845e7c84d5e99fbb0452c6d6dae\"', '0:0:0:0:0:0:0:1', '2017-09-12 14:04:05');
INSERT INTO `sys_log` VALUES ('550', '', '', 'com.hxy.sys.controller.MenuController.info()', '\"9181aafab10044d99267598e54f0057b\"', '0:0:0:0:0:0:0:1', '2017-09-12 14:04:15');
INSERT INTO `sys_log` VALUES ('551', '', '', 'com.hxy.sys.controller.MenuController.info()', '\"8e640845e7c84d5e99fbb0452c6d6dae\"', '0:0:0:0:0:0:0:1', '2017-09-12 14:04:18');
INSERT INTO `sys_log` VALUES ('552', '', '', 'com.hxy.sys.controller.MenuController.info()', '\"9181aafab10044d99267598e54f0057b\"', '0:0:0:0:0:0:0:1', '2017-09-12 14:04:20');
INSERT INTO `sys_log` VALUES ('553', '', '', 'com.hxy.sys.controller.MenuController.info()', '\"8e640845e7c84d5e99fbb0452c6d6dae\"', '0:0:0:0:0:0:0:1', '2017-09-12 14:04:22');
INSERT INTO `sys_log` VALUES ('554', '', '', 'com.hxy.sys.controller.MenuController.info()', '\"9181aafab10044d99267598e54f0057b\"', '0:0:0:0:0:0:0:1', '2017-09-12 14:04:25');
INSERT INTO `sys_log` VALUES ('555', '', '', 'com.hxy.sys.controller.MenuController.info()', '\"8e640845e7c84d5e99fbb0452c6d6dae\"', '0:0:0:0:0:0:0:1', '2017-09-12 14:04:27');
INSERT INTO `sys_log` VALUES ('556', '', '', 'com.hxy.sys.controller.MenuController.update()', '{\"createId\":\"026a564bbfd84861ac4b65393644beef\",\"createTime\":1505195435000,\"icon\":\"fa fa-external-link\",\"id\":\"8e640845e7c84d5e99fbb0452c6d6dae\",\"name\":\"\",\"open\":\"false\",\"parentId\":\"486185f7ab6243789d4ff354825c6127\",\"parentName\":\"\",\"permission\":\"\",\"sort\":1,\"status\":\"1\",\"type\":\"1\",\"updateId\":\"026a564bbfd84861ac4b65393644beef\",\"updateTime\":1505195705000,\"url\":\"demo/article/list\"}', '0:0:0:0:0:0:0:1', '2017-09-12 14:07:30');
INSERT INTO `sys_log` VALUES ('557', '', '', 'com.hxy.sys.controller.MenuController.info()', '\"486185f7ab6243789d4ff354825c6127\"', '0:0:0:0:0:0:0:1', '2017-09-15 08:39:20');
INSERT INTO `sys_log` VALUES ('558', '', '', 'com.hxy.sys.controller.MenuController.info()', '\"8e640845e7c84d5e99fbb0452c6d6dae\"', '0:0:0:0:0:0:0:1', '2017-09-15 08:39:42');
INSERT INTO `sys_log` VALUES ('559', '', '', 'com.hxy.sys.controller.MenuController.update()', '{\"createId\":\"026a564bbfd84861ac4b65393644beef\",\"createTime\":1505195435000,\"icon\":\"fa fa-external-link\",\"id\":\"8e640845e7c84d5e99fbb0452c6d6dae\",\"name\":\"\",\"open\":\"false\",\"parentId\":\"486185f7ab6243789d4ff354825c6127\",\"parentName\":\"\",\"permission\":\"\",\"sort\":1,\"status\":\"1\",\"type\":\"1\",\"updateId\":\"026a564bbfd84861ac4b65393644beef\",\"updateTime\":1505196450000,\"url\":\"demo/article/list\"}', '0:0:0:0:0:0:0:1', '2017-09-15 08:39:52');
INSERT INTO `sys_log` VALUES ('560', '', '', 'com.hxy.sys.controller.CodeController.codeTree()', null, '0:0:0:0:0:0:0:1', '2017-09-15 08:40:10');
INSERT INTO `sys_log` VALUES ('561', '', '', 'com.hxy.sys.controller.CodeController.info()', '\"325d95a84e6c46c0a37b2534815e6d8d\"', '0:0:0:0:0:0:0:1', '2017-09-15 08:40:12');
INSERT INTO `sys_log` VALUES ('562', '', '', 'com.hxy.sys.controller.CodeController.info()', '\"325d95a84e6c46c0a37b2534815e6d8d\"', '0:0:0:0:0:0:0:1', '2017-09-15 08:40:28');
INSERT INTO `sys_log` VALUES ('563', '', '', 'com.hxy.sys.controller.MenuController.info()', '\"9e8dc02fe5614580bdf5f6ca9a852b70\"', '0:0:0:0:0:0:0:1', '2017-09-15 08:41:34');
INSERT INTO `sys_log` VALUES ('564', '', '', 'com.hxy.sys.controller.ScheduleJobController.list()', '{\"nd\":\"1505436148057\",\"limit\":\"10\",\"page\":\"1\",\"_search\":\"false\",\"sidx\":\"\",\"order\":\"asc\",\"_\":\"1505436147973\"}', '0:0:0:0:0:0:0:1', '2017-09-15 08:42:28');
INSERT INTO `sys_log` VALUES ('565', '', '', 'com.hxy.sys.controller.SysConfigController.list()', '{\"nd\":\"1505436158971\",\"limit\":\"10\",\"page\":\"1\",\"_search\":\"false\",\"sidx\":\"\",\"order\":\"asc\",\"_\":\"1505436158928\"}', '0:0:0:0:0:0:0:1', '2017-09-15 08:42:39');
INSERT INTO `sys_log` VALUES ('566', '', '', 'com.hxy.sys.controller.RoleController.list()', '{\"nd\":\"1505436167713\",\"limit\":\"10\",\"page\":\"1\",\"_search\":\"false\",\"sidx\":\"\",\"order\":\"asc\",\"_\":\"1505436167675\"}', '0:0:0:0:0:0:0:1', '2017-09-15 08:42:48');
INSERT INTO `sys_log` VALUES ('567', '', '', 'com.hxy.sys.controller.RoleController.info()', '\"695a97ae34b94d57899833a3ebcd656a\"', '0:0:0:0:0:0:0:1', '2017-09-15 08:42:52');
INSERT INTO `sys_log` VALUES ('568', '', '', 'com.hxy.sys.controller.UserController.list()', '{\"nd\":\"1505436204115\",\"limit\":\"10\",\"page\":\"1\",\"_search\":\"false\",\"sidx\":\"\",\"order\":\"asc\",\"_\":\"1505436204020\"}', '0:0:0:0:0:0:0:1', '2017-09-15 08:43:24');
INSERT INTO `sys_log` VALUES ('569', '', '', 'com.hxy.sys.controller.UserController.info()', '\"1890471a658f4fbebbc67960eea6cfaa\"', '0:0:0:0:0:0:0:1', '2017-09-15 08:43:26');
INSERT INTO `sys_log` VALUES ('570', '', '', 'com.hxy.sys.controller.OrganController.info()', '\"7180f5a0c3624f4bb6fb758ab2c3bda6\"', '0:0:0:0:0:0:0:1', '2017-09-15 08:44:12');
INSERT INTO `sys_log` VALUES ('571', '', '', 'com.hxy.sys.controller.OrganController.info()', '\"7180f5a0c3624f4bb6fb758ab2c3bda6\"', '0:0:0:0:0:0:0:1', '2017-09-15 08:44:14');
INSERT INTO `sys_log` VALUES ('572', '', '', 'com.hxy.sys.controller.SysOssController.config()', null, '0:0:0:0:0:0:0:1', '2017-09-15 08:55:26');
INSERT INTO `sys_log` VALUES ('573', '', '', 'com.hxy.sys.controller.SysOssController.list()', '{\"nd\":\"1505436926421\",\"limit\":\"10\",\"page\":\"1\",\"_search\":\"false\",\"sidx\":\"\",\"order\":\"asc\",\"_\":\"1505436926313\"}', '0:0:0:0:0:0:0:1', '2017-09-15 08:55:26');
INSERT INTO `sys_log` VALUES ('574', '', '', 'com.hxy.sys.controller.SysOssController.config()', null, '0:0:0:0:0:0:0:1', '2017-09-15 08:55:57');
INSERT INTO `sys_log` VALUES ('575', '', '', 'com.hxy.sys.controller.SysOssController.list()', '{\"nd\":\"1505436957489\",\"limit\":\"10\",\"page\":\"1\",\"_search\":\"false\",\"sidx\":\"\",\"order\":\"asc\",\"_\":\"1505436957427\"}', '0:0:0:0:0:0:0:1', '2017-09-15 08:55:57');
INSERT INTO `sys_log` VALUES ('576', '', '', 'com.hxy.sys.controller.SysOssController.saveConfig()', '{\"qiniuAccessKey\":\"DkJTbNsm0L9ZVIHEUe1MzwuLcDjBoReYVh53JC3x\",\"qiniuBucketName\":\"hxyframe\",\"qiniuDomain\":\"http://osaowv4s0.bkt.clouddn.com\",\"qiniuPrefix\":\"upload\",\"qiniuSecretKey\":\"shYrg6C685eAueqVTg8yvFSaX4PghNAVrA2Lmb8i\",\"type\":1}', '0:0:0:0:0:0:0:1', '2017-09-15 08:56:10');
INSERT INTO `sys_log` VALUES ('577', '', '', 'com.hxy.sys.controller.SysOssController.list()', '{\"nd\":\"1505436972884\",\"limit\":\"10\",\"page\":\"1\",\"_search\":\"false\",\"sidx\":\"\",\"order\":\"asc\",\"_\":\"1505436957428\"}', '0:0:0:0:0:0:0:1', '2017-09-15 08:56:13');
INSERT INTO `sys_log` VALUES ('578', '', '', 'com.hxy.sys.controller.CodeController.codeTree()', null, '0:0:0:0:0:0:0:1', '2017-09-15 08:58:05');
INSERT INTO `sys_log` VALUES ('579', '', '', 'com.hxy.sys.controller.CodeController.info()', '\"3cc90674a0d5416594cf5afcaca10a6e\"', '0:0:0:0:0:0:0:1', '2017-09-15 08:58:16');
INSERT INTO `sys_log` VALUES ('580', '', '', 'com.hxy.sys.controller.SysOssController.config()', null, '0:0:0:0:0:0:0:1', '2017-09-15 08:58:18');
INSERT INTO `sys_log` VALUES ('581', '', '', 'com.hxy.sys.controller.SysOssController.list()', '{\"nd\":\"1505437097810\",\"limit\":\"10\",\"page\":\"1\",\"_search\":\"false\",\"sidx\":\"\",\"order\":\"asc\",\"_\":\"1505437097737\"}', '0:0:0:0:0:0:0:1', '2017-09-15 08:58:18');
INSERT INTO `sys_log` VALUES ('582', '', null, 'com.hxy.sys.controller.SysOssController.config()', null, '0:0:0:0:0:0:0:1', '2017-09-15 09:00:27');
INSERT INTO `sys_log` VALUES ('583', '', null, 'com.hxy.sys.controller.SysOssController.list()', '{\"nd\":\"1505437227033\",\"limit\":\"10\",\"page\":\"1\",\"_search\":\"false\",\"sidx\":\"\",\"order\":\"asc\",\"_\":\"1505437226889\"}', '0:0:0:0:0:0:0:1', '2017-09-15 09:00:27');
INSERT INTO `sys_log` VALUES ('584', '', null, 'com.hxy.sys.controller.SysOssController.list()', '{\"nd\":\"1505437229957\",\"limit\":\"10\",\"page\":\"1\",\"_search\":\"false\",\"sidx\":\"\",\"order\":\"asc\",\"_\":\"1505437226890\"}', '0:0:0:0:0:0:0:1', '2017-09-15 09:00:30');
INSERT INTO `sys_log` VALUES ('585', '', '', 'com.hxy.sys.controller.RoleController.list()', '{\"nd\":\"1505437432701\",\"limit\":\"10\",\"page\":\"1\",\"_search\":\"false\",\"sidx\":\"\",\"order\":\"asc\",\"_\":\"1505437432621\"}', '0:0:0:0:0:0:0:1', '2017-09-15 09:03:53');
INSERT INTO `sys_log` VALUES ('586', '', '', 'com.hxy.sys.controller.ScheduleJobController.list()', '{\"nd\":\"1505437436253\",\"limit\":\"10\",\"page\":\"1\",\"_search\":\"false\",\"sidx\":\"\",\"order\":\"asc\",\"_\":\"1505437436209\"}', '0:0:0:0:0:0:0:1', '2017-09-15 09:03:56');
INSERT INTO `sys_log` VALUES ('587', '', null, 'com.hxy.sys.controller.SysOssController.config()', null, '0:0:0:0:0:0:0:1', '2017-09-15 09:03:57');
INSERT INTO `sys_log` VALUES ('588', '', null, 'com.hxy.sys.controller.SysOssController.list()', '{\"nd\":\"1505437436711\",\"limit\":\"10\",\"page\":\"1\",\"_search\":\"false\",\"sidx\":\"\",\"order\":\"asc\",\"_\":\"1505437436653\"}', '0:0:0:0:0:0:0:1', '2017-09-15 09:03:57');
INSERT INTO `sys_log` VALUES ('589', '', null, 'com.hxy.sys.controller.SysOssController.saveConfig()', '{\"qiniuAccessKey\":\"DkJTbNsm0L9ZVIHEUe1MzwuLcDjBoReYVh53JC3x\",\"qiniuBucketName\":\"hxyframe\",\"qiniuDomain\":\"http://osaowv4s0.bkt.clouddn.com\",\"qiniuPrefix\":\"upload\",\"qiniuSecretKey\":\"shYrg6C685eAueqVTg8yvFSaX4PghNAVrA2Lmb8i\",\"type\":1}', '0:0:0:0:0:0:0:1', '2017-09-15 09:06:35');
INSERT INTO `sys_log` VALUES ('590', '', null, 'com.hxy.sys.controller.SysOssController.list()', '{\"nd\":\"1505437599284\",\"limit\":\"10\",\"page\":\"1\",\"_search\":\"false\",\"sidx\":\"\",\"order\":\"asc\",\"_\":\"1505437436654\"}', '0:0:0:0:0:0:0:1', '2017-09-15 09:06:39');
INSERT INTO `sys_log` VALUES ('591', '', '', 'com.hxy.sys.controller.CodeController.codeTree()', null, '0:0:0:0:0:0:0:1', '2017-09-15 10:48:32');
INSERT INTO `sys_log` VALUES ('592', '', '', 'com.hxy.sys.controller.UserController.list()', '{\"nd\":\"1505443725077\",\"limit\":\"10\",\"page\":\"1\",\"_search\":\"false\",\"sidx\":\"\",\"order\":\"asc\",\"_\":\"1505443724965\"}', '0:0:0:0:0:0:0:1', '2017-09-15 10:48:45');
INSERT INTO `sys_log` VALUES ('593', '', '', 'com.hxy.sys.controller.UserController.list()', '{\"nd\":\"1505444426541\",\"limit\":\"10\",\"page\":\"1\",\"_search\":\"false\",\"sidx\":\"\",\"order\":\"asc\",\"_\":\"1505444426376\"}', '0:0:0:0:0:0:0:1', '2017-09-15 11:00:27');
INSERT INTO `sys_log` VALUES ('594', '', '', 'com.hxy.sys.controller.RoleController.list()', '{\"nd\":\"1505444428531\",\"limit\":\"10\",\"page\":\"1\",\"_search\":\"false\",\"sidx\":\"\",\"order\":\"asc\",\"_\":\"1505444428483\"}', '0:0:0:0:0:0:0:1', '2017-09-15 11:00:29');
INSERT INTO `sys_log` VALUES ('595', '', '', 'com.hxy.sys.controller.UserController.list()', '{\"nd\":\"1505444429582\",\"limit\":\"10\",\"page\":\"1\",\"_search\":\"false\",\"sidx\":\"\",\"order\":\"asc\",\"_\":\"1505444429533\"}', '0:0:0:0:0:0:0:1', '2017-09-15 11:00:30');
INSERT INTO `sys_log` VALUES ('596', '', '', 'com.hxy.sys.controller.RoleController.list()', '{\"nd\":\"1505444454015\",\"limit\":\"10\",\"page\":\"1\",\"_search\":\"false\",\"sidx\":\"\",\"order\":\"asc\",\"_\":\"1505444453966\"}', '0:0:0:0:0:0:0:1', '2017-09-15 11:00:54');
INSERT INTO `sys_log` VALUES ('597', '', '', 'com.hxy.sys.controller.RoleController.info()', '\"695a97ae34b94d57899833a3ebcd656a\"', '0:0:0:0:0:0:0:1', '2017-09-15 11:00:56');
INSERT INTO `sys_log` VALUES ('598', '', '', 'com.hxy.sys.controller.RoleController.list()', '{\"nd\":\"1505444462975\",\"limit\":\"10\",\"name\":\"\",\"page\":\"1\",\"_search\":\"false\",\"sidx\":\"\",\"order\":\"asc\",\"_\":\"1505444453970\"}', '0:0:0:0:0:0:0:1', '2017-09-15 11:01:03');
INSERT INTO `sys_log` VALUES ('599', '', '', 'com.hxy.sys.controller.UserController.info()', '\"1890471a658f4fbebbc67960eea6cfaa\"', '0:0:0:0:0:0:0:1', '2017-09-15 11:01:07');
INSERT INTO `sys_log` VALUES ('600', '', '', 'com.hxy.sys.controller.UserController.list()', '{\"nd\":\"1505444469605\",\"limit\":\"10\",\"page\":\"1\",\"userName\":\"\",\"_search\":\"false\",\"sidx\":\"\",\"order\":\"asc\",\"_\":\"1505444429536\"}', '0:0:0:0:0:0:0:1', '2017-09-15 11:01:10');
INSERT INTO `sys_log` VALUES ('601', '', '', 'com.hxy.sys.controller.UserController.delete()', '[\"1890471a658f4fbebbc67960eea6cfaa\"]', '0:0:0:0:0:0:0:1', '2017-09-15 11:01:13');
INSERT INTO `sys_log` VALUES ('602', '', '', 'com.hxy.sys.controller.UserController.list()', '{\"nd\":\"1505444643332\",\"limit\":\"10\",\"page\":\"1\",\"_search\":\"false\",\"sidx\":\"\",\"order\":\"asc\",\"_\":\"1505444643216\"}', '0:0:0:0:0:0:0:1', '2017-09-15 11:04:04');
INSERT INTO `sys_log` VALUES ('603', '', '', 'com.hxy.sys.controller.UserController.save()', '{\"baName\":\"\",\"baid\":\"\",\"loginName\":\"234\",\"passWord\":\"234\",\"phone\":\"324\",\"roleIdList\":[\"695a97ae34b94d57899833a3ebcd656a\"],\"status\":\"0\",\"userName\":\"234\"}', '0:0:0:0:0:0:0:1', '2017-09-15 11:04:12');
INSERT INTO `sys_log` VALUES ('604', '', '', 'com.hxy.sys.controller.UserController.list()', '{\"nd\":\"1505444652975\",\"limit\":\"10\",\"page\":\"1\",\"userName\":\"\",\"_search\":\"false\",\"sidx\":\"\",\"order\":\"asc\",\"_\":\"1505444643218\"}', '0:0:0:0:0:0:0:1', '2017-09-15 11:04:13');
INSERT INTO `sys_log` VALUES ('605', '', '', 'com.hxy.sys.controller.UserController.list()', '{\"nd\":\"1505444653766\",\"limit\":\"10\",\"page\":\"1\",\"_search\":\"false\",\"sidx\":\"\",\"order\":\"asc\",\"_\":\"1505444653716\"}', '0:0:0:0:0:0:0:1', '2017-09-15 11:04:14');
INSERT INTO `sys_log` VALUES ('606', '', '', 'com.hxy.sys.controller.UserController.list()', '{\"nd\":\"1505444690073\",\"limit\":\"10\",\"page\":\"1\",\"_search\":\"false\",\"sidx\":\"\",\"order\":\"asc\",\"_\":\"1505444689949\"}', '0:0:0:0:0:0:0:1', '2017-09-15 11:04:50');
INSERT INTO `sys_log` VALUES ('607', '', '', 'com.hxy.sys.controller.UserController.delete()', '[\"98df0e92788c416a9fb983e89a8d01ce\"]', '0:0:0:0:0:0:0:1', '2017-09-15 11:04:53');
INSERT INTO `sys_log` VALUES ('608', '', '', 'com.hxy.sys.controller.UserController.list()', '{\"nd\":\"1505444706365\",\"limit\":\"10\",\"page\":\"1\",\"_search\":\"false\",\"sidx\":\"\",\"order\":\"asc\",\"_\":\"1505444706297\"}', '0:0:0:0:0:0:0:1', '2017-09-15 11:05:06');
INSERT INTO `sys_log` VALUES ('609', '', '', 'com.hxy.sys.controller.UserController.list()', '{\"nd\":\"1505444709054\",\"limit\":\"10\",\"page\":\"1\",\"_search\":\"false\",\"sidx\":\"\",\"order\":\"asc\",\"_\":\"1505444708955\"}', '0:0:0:0:0:0:0:1', '2017-09-15 11:05:09');
INSERT INTO `sys_log` VALUES ('610', '', '', 'com.hxy.sys.controller.UserController.list()', '{\"nd\":\"1505444710102\",\"limit\":\"10\",\"page\":\"1\",\"_search\":\"false\",\"sidx\":\"\",\"order\":\"asc\",\"_\":\"1505444710049\"}', '0:0:0:0:0:0:0:1', '2017-09-15 11:05:10');
INSERT INTO `sys_log` VALUES ('611', '', '', 'com.hxy.sys.controller.UserController.info()', '\"98df0e92788c416a9fb983e89a8d01ce\"', '0:0:0:0:0:0:0:1', '2017-09-15 11:05:13');
INSERT INTO `sys_log` VALUES ('612', '', '', 'com.hxy.sys.controller.UserController.list()', '{\"nd\":\"1505444714167\",\"limit\":\"10\",\"page\":\"1\",\"userName\":\"\",\"_search\":\"false\",\"sidx\":\"\",\"order\":\"asc\",\"_\":\"1505444710052\"}', '0:0:0:0:0:0:0:1', '2017-09-15 11:05:14');
INSERT INTO `sys_log` VALUES ('613', '', '', 'com.hxy.sys.controller.UserController.list()', '{\"nd\":\"1505444750846\",\"limit\":\"10\",\"page\":\"1\",\"_search\":\"false\",\"sidx\":\"\",\"order\":\"asc\",\"_\":\"1505444750688\"}', '0:0:0:0:0:0:0:1', '2017-09-15 11:05:51');
INSERT INTO `sys_log` VALUES ('614', '', '', 'com.hxy.sys.controller.UserController.delete()', '[\"98df0e92788c416a9fb983e89a8d01ce\"]', '0:0:0:0:0:0:0:1', '2017-09-15 11:05:53');
INSERT INTO `sys_log` VALUES ('615', '', '', 'com.hxy.sys.controller.UserController.list()', '{\"nd\":\"1505444871866\",\"limit\":\"10\",\"page\":\"1\",\"_search\":\"false\",\"sidx\":\"\",\"order\":\"asc\",\"_\":\"1505444871586\"}', '0:0:0:0:0:0:0:1', '2017-09-15 11:07:52');
INSERT INTO `sys_log` VALUES ('616', '', '', 'com.hxy.sys.controller.UserController.delete()', '[\"98df0e92788c416a9fb983e89a8d01ce\"]', '0:0:0:0:0:0:0:1', '2017-09-15 11:07:54');
INSERT INTO `sys_log` VALUES ('617', '', '', 'com.hxy.sys.controller.UserController.list()', '{\"nd\":\"1505444970215\",\"limit\":\"10\",\"page\":\"1\",\"_search\":\"false\",\"sidx\":\"\",\"order\":\"asc\",\"_\":\"1505444970151\"}', '0:0:0:0:0:0:0:1', '2017-09-15 11:09:30');
INSERT INTO `sys_log` VALUES ('618', '', '', 'com.hxy.sys.controller.UserController.delete()', '[\"98df0e92788c416a9fb983e89a8d01ce\"]', '0:0:0:0:0:0:0:1', '2017-09-15 11:09:38');
INSERT INTO `sys_log` VALUES ('619', '', '', 'com.hxy.sys.controller.UserController.list()', '{\"nd\":\"1505444994015\",\"limit\":\"10\",\"page\":\"1\",\"_search\":\"false\",\"sidx\":\"\",\"order\":\"asc\",\"_\":\"1505444993936\"}', '0:0:0:0:0:0:0:1', '2017-09-15 11:09:54');
INSERT INTO `sys_log` VALUES ('620', '', '', 'com.hxy.sys.controller.UserController.list()', '{\"nd\":\"1505445025592\",\"limit\":\"10\",\"page\":\"1\",\"_search\":\"false\",\"sidx\":\"\",\"order\":\"asc\",\"_\":\"1505445025517\"}', '0:0:0:0:0:0:0:1', '2017-09-15 11:10:26');
INSERT INTO `sys_log` VALUES ('621', '', '', 'com.hxy.sys.controller.UserController.list()', '{\"nd\":\"1505445026390\",\"limit\":\"10\",\"page\":\"1\",\"_search\":\"false\",\"sidx\":\"\",\"order\":\"asc\",\"_\":\"1505445026312\"}', '0:0:0:0:0:0:0:1', '2017-09-15 11:10:26');
INSERT INTO `sys_log` VALUES ('622', '', '', 'com.hxy.sys.controller.RoleController.list()', '{\"nd\":\"1505445968143\",\"limit\":\"10\",\"page\":\"1\",\"_search\":\"false\",\"sidx\":\"\",\"order\":\"asc\",\"_\":\"1505445968083\"}', '0:0:0:0:0:0:0:1', '2017-09-15 11:26:08');
INSERT INTO `sys_log` VALUES ('623', '', '', 'com.hxy.sys.controller.UserController.list()', '{\"nd\":\"1505445968731\",\"limit\":\"10\",\"page\":\"1\",\"_search\":\"false\",\"sidx\":\"\",\"order\":\"asc\",\"_\":\"1505445968670\"}', '0:0:0:0:0:0:0:1', '2017-09-15 11:26:09');
INSERT INTO `sys_log` VALUES ('624', '', '', 'com.hxy.sys.controller.UserController.delete()', '[\"98df0e92788c416a9fb983e89a8d01ce\"]', '0:0:0:0:0:0:0:1', '2017-09-15 11:26:21');
INSERT INTO `sys_log` VALUES ('625', '', '', 'com.hxy.sys.controller.UserController.list()', '{\"nd\":\"1505445992756\",\"limit\":\"10\",\"page\":\"1\",\"_search\":\"false\",\"sidx\":\"\",\"order\":\"asc\",\"_\":\"1505445992689\"}', '0:0:0:0:0:0:0:1', '2017-09-15 11:26:33');
INSERT INTO `sys_log` VALUES ('626', '', '', 'com.hxy.sys.controller.UserController.enabled()', '[\"98df0e92788c416a9fb983e89a8d01ce\"]', '0:0:0:0:0:0:0:1', '2017-09-15 11:26:35');
INSERT INTO `sys_log` VALUES ('627', '', '', 'com.hxy.sys.controller.UserController.delete()', '[\"98df0e92788c416a9fb983e89a8d01ce\"]', '0:0:0:0:0:0:0:1', '2017-09-15 11:26:40');
INSERT INTO `sys_log` VALUES ('628', '', '', 'com.hxy.sys.controller.UserController.list()', '{\"nd\":\"1505446001767\",\"limit\":\"10\",\"page\":\"1\",\"_search\":\"false\",\"sidx\":\"\",\"order\":\"asc\",\"_\":\"1505446001716\"}', '0:0:0:0:0:0:0:1', '2017-09-15 11:26:42');
INSERT INTO `sys_log` VALUES ('629', '', '', 'com.hxy.sys.controller.UserController.list()', '{\"nd\":\"1505446002573\",\"limit\":\"10\",\"page\":\"1\",\"_search\":\"false\",\"sidx\":\"\",\"order\":\"asc\",\"_\":\"1505446002533\"}', '0:0:0:0:0:0:0:1', '2017-09-15 11:26:43');
INSERT INTO `sys_log` VALUES ('630', '', '', 'com.hxy.sys.controller.UserController.delete()', '[\"98df0e92788c416a9fb983e89a8d01ce\"]', '0:0:0:0:0:0:0:1', '2017-09-15 11:26:45');
INSERT INTO `sys_log` VALUES ('631', '', '', 'com.hxy.sys.controller.UserController.list()', '{\"nd\":\"1505446006234\",\"limit\":\"10\",\"page\":\"1\",\"_search\":\"false\",\"sidx\":\"\",\"order\":\"asc\",\"_\":\"1505446006190\"}', '0:0:0:0:0:0:0:1', '2017-09-15 11:26:46');
INSERT INTO `sys_log` VALUES ('632', '', '', 'com.hxy.sys.controller.UserController.list()', '{\"nd\":\"1505446006964\",\"limit\":\"10\",\"page\":\"1\",\"_search\":\"false\",\"sidx\":\"\",\"order\":\"asc\",\"_\":\"1505446006926\"}', '0:0:0:0:0:0:0:1', '2017-09-15 11:26:47');
INSERT INTO `sys_log` VALUES ('633', '', '', 'com.hxy.sys.controller.UserController.list()', '{\"nd\":\"1505446018795\",\"limit\":\"10\",\"page\":\"1\",\"_search\":\"false\",\"sidx\":\"\",\"order\":\"asc\",\"_\":\"1505446018733\"}', '0:0:0:0:0:0:0:1', '2017-09-15 11:26:59');
INSERT INTO `sys_log` VALUES ('634', '', '', 'com.hxy.sys.controller.UserController.list()', '{\"nd\":\"1505446019424\",\"limit\":\"10\",\"page\":\"1\",\"_search\":\"false\",\"sidx\":\"\",\"order\":\"asc\",\"_\":\"1505446019358\"}', '0:0:0:0:0:0:0:1', '2017-09-15 11:26:59');
INSERT INTO `sys_log` VALUES ('635', '', '', 'com.hxy.sys.controller.UserController.delete()', '[\"98df0e92788c416a9fb983e89a8d01ce\"]', '0:0:0:0:0:0:0:1', '2017-09-15 11:27:02');
INSERT INTO `sys_log` VALUES ('636', '', '', 'com.hxy.sys.controller.UserController.list()', '{\"nd\":\"1505446032360\",\"limit\":\"10\",\"page\":\"1\",\"_search\":\"false\",\"sidx\":\"\",\"order\":\"asc\",\"_\":\"1505446032273\"}', '0:0:0:0:0:0:0:1', '2017-09-15 11:27:12');
INSERT INTO `sys_log` VALUES ('637', '', '', 'com.hxy.sys.controller.UserController.list()', '{\"nd\":\"1505446052812\",\"limit\":\"10\",\"page\":\"1\",\"_search\":\"false\",\"sidx\":\"\",\"order\":\"asc\",\"_\":\"1505446052699\"}', '0:0:0:0:0:0:0:1', '2017-09-15 11:27:33');
INSERT INTO `sys_log` VALUES ('638', '', '', 'com.hxy.sys.controller.UserController.delete()', '[\"98df0e92788c416a9fb983e89a8d01ce\"]', '0:0:0:0:0:0:0:1', '2017-09-15 11:27:36');
INSERT INTO `sys_log` VALUES ('639', '', '', 'com.hxy.sys.controller.UserController.list()', '{\"nd\":\"1505446061016\",\"limit\":\"10\",\"page\":\"1\",\"_search\":\"false\",\"sidx\":\"\",\"order\":\"asc\",\"_\":\"1505446060917\"}', '0:0:0:0:0:0:0:1', '2017-09-15 11:27:41');
INSERT INTO `sys_log` VALUES ('640', '', '', 'com.hxy.sys.controller.UserController.enabled()', '[\"98df0e92788c416a9fb983e89a8d01ce\"]', '0:0:0:0:0:0:0:1', '2017-09-15 11:27:47');
INSERT INTO `sys_log` VALUES ('641', '', '', 'com.hxy.sys.controller.UserController.list()', '{\"nd\":\"1505446072054\",\"limit\":\"10\",\"page\":\"1\",\"_search\":\"false\",\"sidx\":\"\",\"order\":\"asc\",\"_\":\"1505446071840\"}', '0:0:0:0:0:0:0:1', '2017-09-15 11:27:52');
INSERT INTO `sys_log` VALUES ('642', '', '', 'com.hxy.sys.controller.UserController.list()', '{\"nd\":\"1505446080122\",\"limit\":\"10\",\"page\":\"1\",\"_search\":\"false\",\"sidx\":\"\",\"order\":\"asc\",\"_\":\"1505446080061\"}', '0:0:0:0:0:0:0:1', '2017-09-15 11:28:00');
INSERT INTO `sys_log` VALUES ('643', '', '', 'com.hxy.sys.controller.UserController.delete()', '[\"98df0e92788c416a9fb983e89a8d01ce\"]', '0:0:0:0:0:0:0:1', '2017-09-15 11:28:05');
INSERT INTO `sys_log` VALUES ('644', '', '', 'com.hxy.sys.controller.UserController.list()', '{\"nd\":\"1505446087247\",\"limit\":\"10\",\"page\":\"1\",\"_search\":\"false\",\"sidx\":\"\",\"order\":\"asc\",\"_\":\"1505446087194\"}', '0:0:0:0:0:0:0:1', '2017-09-15 11:28:07');
INSERT INTO `sys_log` VALUES ('645', '', '', 'com.hxy.sys.controller.UserController.list()', '{\"nd\":\"1505446104797\",\"limit\":\"10\",\"page\":\"1\",\"_search\":\"false\",\"sidx\":\"\",\"order\":\"asc\",\"_\":\"1505446104726\"}', '0:0:0:0:0:0:0:1', '2017-09-15 11:28:25');
INSERT INTO `sys_log` VALUES ('646', '', '', 'com.hxy.sys.controller.UserController.list()', '{\"nd\":\"1505446143070\",\"limit\":\"10\",\"page\":\"1\",\"_search\":\"false\",\"sidx\":\"\",\"order\":\"asc\",\"_\":\"1505446142892\"}', '0:0:0:0:0:0:0:1', '2017-09-15 11:29:03');
INSERT INTO `sys_log` VALUES ('647', '', '', 'com.hxy.sys.controller.UserController.list()', '{\"nd\":\"1505446144613\",\"limit\":\"10\",\"page\":\"1\",\"_search\":\"false\",\"sidx\":\"\",\"order\":\"asc\",\"_\":\"1505446144460\"}', '0:0:0:0:0:0:0:1', '2017-09-15 11:29:05');
INSERT INTO `sys_log` VALUES ('648', '', '', 'com.hxy.sys.controller.UserController.enabled()', '[\"98df0e92788c416a9fb983e89a8d01ce\"]', '0:0:0:0:0:0:0:1', '2017-09-15 11:29:07');
INSERT INTO `sys_log` VALUES ('649', '', '', 'com.hxy.sys.controller.UserController.list()', '{\"nd\":\"1505446150009\",\"limit\":\"10\",\"page\":\"1\",\"_search\":\"false\",\"sidx\":\"\",\"order\":\"asc\",\"_\":\"1505446149871\"}', '0:0:0:0:0:0:0:1', '2017-09-15 11:29:10');
INSERT INTO `sys_log` VALUES ('650', '', '', 'com.hxy.sys.controller.UserController.delete()', '[\"98df0e92788c416a9fb983e89a8d01ce\"]', '0:0:0:0:0:0:0:1', '2017-09-15 11:29:14');
INSERT INTO `sys_log` VALUES ('651', '', '', 'com.hxy.sys.controller.UserController.list()', '{\"nd\":\"1505446200360\",\"limit\":\"10\",\"page\":\"1\",\"_search\":\"false\",\"sidx\":\"\",\"order\":\"asc\",\"_\":\"1505446200050\"}', '0:0:0:0:0:0:0:1', '2017-09-15 11:30:00');
INSERT INTO `sys_log` VALUES ('652', '', '', 'com.hxy.sys.controller.UserController.delete()', '[\"98df0e92788c416a9fb983e89a8d01ce\"]', '0:0:0:0:0:0:0:1', '2017-09-15 11:30:03');
INSERT INTO `sys_log` VALUES ('653', '', '', 'com.hxy.sys.controller.UserController.list()', '{\"nd\":\"1505446205111\",\"limit\":\"10\",\"page\":\"1\",\"userName\":\"\",\"_search\":\"false\",\"sidx\":\"\",\"order\":\"asc\",\"_\":\"1505446200051\"}', '0:0:0:0:0:0:0:1', '2017-09-15 11:30:05');
INSERT INTO `sys_log` VALUES ('654', '', '', 'com.hxy.sys.controller.UserController.enabled()', '[\"98df0e92788c416a9fb983e89a8d01ce\"]', '0:0:0:0:0:0:0:1', '2017-09-15 11:30:08');
INSERT INTO `sys_log` VALUES ('655', '', '', 'com.hxy.sys.controller.UserController.list()', '{\"nd\":\"1505446209860\",\"limit\":\"10\",\"page\":\"1\",\"_search\":\"false\",\"sidx\":\"\",\"order\":\"asc\",\"_\":\"1505446209722\"}', '0:0:0:0:0:0:0:1', '2017-09-15 11:30:10');
INSERT INTO `sys_log` VALUES ('656', '', '', 'com.hxy.sys.controller.UserController.delete()', '[\"98df0e92788c416a9fb983e89a8d01ce\"]', '0:0:0:0:0:0:0:1', '2017-09-15 11:30:12');
INSERT INTO `sys_log` VALUES ('657', '', '', 'com.hxy.sys.controller.UserController.list()', '{\"nd\":\"1505446214176\",\"limit\":\"10\",\"page\":\"1\",\"userName\":\"\",\"_search\":\"false\",\"sidx\":\"\",\"order\":\"asc\",\"_\":\"1505446209723\"}', '0:0:0:0:0:0:0:1', '2017-09-15 11:30:14');
INSERT INTO `sys_log` VALUES ('658', '', '', 'com.hxy.sys.controller.UserController.list()', '{\"nd\":\"1505446240279\",\"limit\":\"10\",\"page\":\"1\",\"_search\":\"false\",\"sidx\":\"\",\"order\":\"asc\",\"_\":\"1505446240068\"}', '0:0:0:0:0:0:0:1', '2017-09-15 11:30:40');
INSERT INTO `sys_log` VALUES ('659', '', '', 'com.hxy.sys.controller.UserController.list()', '{\"nd\":\"1505446240845\",\"limit\":\"10\",\"page\":\"1\",\"_search\":\"false\",\"sidx\":\"\",\"order\":\"asc\",\"_\":\"1505446240685\"}', '0:0:0:0:0:0:0:1', '2017-09-15 11:30:41');
INSERT INTO `sys_log` VALUES ('660', '', '', 'com.hxy.sys.controller.UserController.enabled()', '[\"98df0e92788c416a9fb983e89a8d01ce\"]', '0:0:0:0:0:0:0:1', '2017-09-15 11:30:44');
INSERT INTO `sys_log` VALUES ('661', '', '', 'com.hxy.sys.controller.UserController.list()', '{\"nd\":\"1505446245576\",\"limit\":\"10\",\"page\":\"1\",\"userName\":\"\",\"_search\":\"false\",\"sidx\":\"\",\"order\":\"asc\",\"_\":\"1505446240686\"}', '0:0:0:0:0:0:0:1', '2017-09-15 11:30:46');
INSERT INTO `sys_log` VALUES ('662', '', '', 'com.hxy.sys.controller.UserController.delete()', '[\"98df0e92788c416a9fb983e89a8d01ce\"]', '0:0:0:0:0:0:0:1', '2017-09-15 11:30:50');
INSERT INTO `sys_log` VALUES ('663', '', '', 'com.hxy.sys.controller.UserController.list()', '{\"nd\":\"1505446251489\",\"limit\":\"10\",\"page\":\"1\",\"userName\":\"\",\"_search\":\"false\",\"sidx\":\"\",\"order\":\"asc\",\"_\":\"1505446240687\"}', '0:0:0:0:0:0:0:1', '2017-09-15 11:30:52');
INSERT INTO `sys_log` VALUES ('664', '', '', 'com.hxy.sys.controller.UserController.list()', '{\"nd\":\"1505446252167\",\"limit\":\"10\",\"page\":\"1\",\"_search\":\"false\",\"sidx\":\"\",\"order\":\"asc\",\"_\":\"1505446252013\"}', '0:0:0:0:0:0:0:1', '2017-09-15 11:30:52');
INSERT INTO `sys_log` VALUES ('665', '', '', 'com.hxy.sys.controller.UserController.delete()', '[\"98df0e92788c416a9fb983e89a8d01ce\",\"026a564bbfd84861ac4b65393644beef\"]', '0:0:0:0:0:0:0:1', '2017-09-15 11:30:57');
INSERT INTO `sys_log` VALUES ('666', '', '', 'com.hxy.sys.controller.UserController.list()', '{\"nd\":\"1505446258680\",\"limit\":\"10\",\"page\":\"1\",\"userName\":\"\",\"_search\":\"false\",\"sidx\":\"\",\"order\":\"asc\",\"_\":\"1505446252014\"}', '0:0:0:0:0:0:0:1', '2017-09-15 11:30:59');
INSERT INTO `sys_log` VALUES ('667', '', '', 'com.hxy.sys.controller.UserController.enabled()', '[\"98df0e92788c416a9fb983e89a8d01ce\",\"026a564bbfd84861ac4b65393644beef\"]', '0:0:0:0:0:0:0:1', '2017-09-15 11:31:02');
INSERT INTO `sys_log` VALUES ('668', '', '', 'com.hxy.sys.controller.UserController.list()', '{\"nd\":\"1505446264307\",\"limit\":\"10\",\"page\":\"1\",\"userName\":\"\",\"_search\":\"false\",\"sidx\":\"\",\"order\":\"asc\",\"_\":\"1505446252015\"}', '0:0:0:0:0:0:0:1', '2017-09-15 11:31:04');
INSERT INTO `sys_log` VALUES ('669', '', '', 'com.hxy.sys.controller.UserController.list()', '{\"nd\":\"1505446737797\",\"limit\":\"10\",\"page\":\"1\",\"_search\":\"false\",\"sidx\":\"\",\"order\":\"asc\",\"_\":\"1505446737610\"}', '0:0:0:0:0:0:0:1', '2017-09-15 11:38:58');
INSERT INTO `sys_log` VALUES ('670', '', '', 'com.hxy.sys.controller.UserController.list()', '{\"nd\":\"1505446740662\",\"limit\":\"10\",\"page\":\"1\",\"userName\":\"\",\"_search\":\"false\",\"sidx\":\"\",\"order\":\"asc\",\"_\":\"1505446737612\"}', '0:0:0:0:0:0:0:1', '2017-09-15 11:39:01');
INSERT INTO `sys_log` VALUES ('671', '', '', 'com.hxy.sys.controller.UserController.info()', '\"98df0e92788c416a9fb983e89a8d01ce\"', '0:0:0:0:0:0:0:1', '2017-09-15 11:39:02');
INSERT INTO `sys_log` VALUES ('672', '', '', 'com.hxy.sys.controller.UserController.update()', '{\"baName\":\"\",\"baid\":\"4ec329625a1047ea87a8dfe8dd0750d1\",\"bapid\":\"a694d140b8e44eb2baa5f26435c6a7f8\",\"createId\":\"026a564bbfd84861ac4b65393644beef\",\"createTime\":1505444652000,\"id\":\"98df0e92788c416a9fb983e89a8d01ce\",\"loginName\":\"xw\",\"passWord\":\"\",\"phone\":\"324\",\"roleIdList\":[\"695a97ae34b94d57899833a3ebcd656a\"],\"status\":\"-1\",\"userName\":\"\"}', '0:0:0:0:0:0:0:1', '2017-09-15 11:39:19');
INSERT INTO `sys_log` VALUES ('673', '', '', 'com.hxy.sys.controller.UserController.list()', '{\"nd\":\"1505446760781\",\"limit\":\"10\",\"page\":\"1\",\"userName\":\"\",\"_search\":\"false\",\"sidx\":\"\",\"order\":\"asc\",\"_\":\"1505446737615\"}', '0:0:0:0:0:0:0:1', '2017-09-15 11:39:21');
INSERT INTO `sys_log` VALUES ('674', '', '', 'com.hxy.sys.controller.LoginController.logOut()', null, '0:0:0:0:0:0:0:1', '2017-09-15 11:39:26');
INSERT INTO `sys_log` VALUES ('675', '', '', 'com.hxy.sys.controller.LoginController.logOut()', null, '0:0:0:0:0:0:0:1', '2017-09-15 11:40:44');
INSERT INTO `sys_log` VALUES ('676', '', '', 'com.hxy.sys.controller.RoleController.list()', '{\"nd\":\"1505446867265\",\"limit\":\"10\",\"page\":\"1\",\"_search\":\"false\",\"sidx\":\"\",\"order\":\"asc\",\"_\":\"1505446867119\"}', '0:0:0:0:0:0:0:1', '2017-09-15 11:41:07');
INSERT INTO `sys_log` VALUES ('677', '', '', 'com.hxy.sys.controller.UserController.list()', '{\"nd\":\"1505446868474\",\"limit\":\"10\",\"page\":\"1\",\"_search\":\"false\",\"sidx\":\"\",\"order\":\"asc\",\"_\":\"1505446868329\"}', '0:0:0:0:0:0:0:1', '2017-09-15 11:41:08');
INSERT INTO `sys_log` VALUES ('678', '', '', 'com.hxy.sys.controller.UserController.info()', '\"98df0e92788c416a9fb983e89a8d01ce\"', '0:0:0:0:0:0:0:1', '2017-09-15 11:41:10');
INSERT INTO `sys_log` VALUES ('679', '', '', 'com.hxy.sys.controller.RoleController.list()', '{\"nd\":\"1505446886006\",\"limit\":\"10\",\"page\":\"1\",\"_search\":\"false\",\"sidx\":\"\",\"order\":\"asc\",\"_\":\"1505446885893\"}', '0:0:0:0:0:0:0:1', '2017-09-15 11:41:26');
INSERT INTO `sys_log` VALUES ('680', '', '', 'com.hxy.sys.controller.UserController.list()', '{\"nd\":\"1505447192694\",\"limit\":\"10\",\"page\":\"1\",\"_search\":\"false\",\"sidx\":\"\",\"order\":\"asc\",\"_\":\"1505447192599\"}', '0:0:0:0:0:0:0:1', '2017-09-15 11:46:33');
INSERT INTO `sys_log` VALUES ('681', '', '', 'com.hxy.sys.controller.RoleController.info()', '\"695a97ae34b94d57899833a3ebcd656a\"', '0:0:0:0:0:0:0:1', '2017-09-15 11:46:41');
INSERT INTO `sys_log` VALUES ('682', '', '', 'com.hxy.sys.controller.RoleController.list()', '{\"nd\":\"1505447204847\",\"limit\":\"10\",\"name\":\"\",\"page\":\"1\",\"_search\":\"false\",\"sidx\":\"\",\"order\":\"asc\",\"_\":\"1505446885897\"}', '0:0:0:0:0:0:0:1', '2017-09-15 11:46:45');
INSERT INTO `sys_log` VALUES ('683', '', '', 'com.hxy.sys.controller.UserController.info()', '\"98df0e92788c416a9fb983e89a8d01ce\"', '0:0:0:0:0:0:0:1', '2017-09-15 11:47:09');
INSERT INTO `sys_log` VALUES ('684', '', '', 'com.hxy.sys.controller.UserController.list()', '{\"nd\":\"1505447233063\",\"limit\":\"10\",\"page\":\"1\",\"userName\":\"\",\"_search\":\"false\",\"sidx\":\"\",\"order\":\"asc\",\"_\":\"1505447192602\"}', '0:0:0:0:0:0:0:1', '2017-09-15 11:47:13');
INSERT INTO `sys_log` VALUES ('685', '', '', 'com.hxy.sys.controller.UserController.info()', '\"026a564bbfd84861ac4b65393644beef\"', '0:0:0:0:0:0:0:1', '2017-09-15 11:47:24');
INSERT INTO `sys_log` VALUES ('686', '', '', 'com.hxy.sys.controller.UserController.list()', '{\"nd\":\"1505447247702\",\"limit\":\"10\",\"page\":\"1\",\"userName\":\"\",\"_search\":\"false\",\"sidx\":\"\",\"order\":\"asc\",\"_\":\"1505447192605\"}', '0:0:0:0:0:0:0:1', '2017-09-15 11:47:28');
INSERT INTO `sys_log` VALUES ('687', '', '', 'com.hxy.sys.controller.UserController.info()', '\"98df0e92788c416a9fb983e89a8d01ce\"', '0:0:0:0:0:0:0:1', '2017-09-15 11:47:29');
INSERT INTO `sys_log` VALUES ('688', '', '', 'com.hxy.sys.controller.UserController.list()', '{\"nd\":\"1505447276592\",\"limit\":\"10\",\"page\":\"1\",\"_search\":\"false\",\"sidx\":\"\",\"order\":\"asc\",\"_\":\"1505447276536\"}', '0:0:0:0:0:0:0:1', '2017-09-15 11:47:57');
INSERT INTO `sys_log` VALUES ('689', '', '', 'com.hxy.sys.controller.UserController.info()', '\"98df0e92788c416a9fb983e89a8d01ce\"', '0:0:0:0:0:0:0:1', '2017-09-15 11:47:58');
INSERT INTO `sys_log` VALUES ('690', '', '', 'com.hxy.sys.controller.UserController.list()', '{\"nd\":\"1505447280175\",\"limit\":\"10\",\"page\":\"1\",\"userName\":\"\",\"_search\":\"false\",\"sidx\":\"\",\"order\":\"asc\",\"_\":\"1505447276539\"}', '0:0:0:0:0:0:0:1', '2017-09-15 11:48:00');
INSERT INTO `sys_log` VALUES ('691', '', '', 'com.hxy.sys.controller.UserController.info()', '\"026a564bbfd84861ac4b65393644beef\"', '0:0:0:0:0:0:0:1', '2017-09-15 11:48:02');
INSERT INTO `sys_log` VALUES ('692', '', '', 'com.hxy.sys.controller.UserController.list()', '{\"nd\":\"1505447284023\",\"limit\":\"10\",\"page\":\"1\",\"userName\":\"\",\"_search\":\"false\",\"sidx\":\"\",\"order\":\"asc\",\"_\":\"1505447276542\"}', '0:0:0:0:0:0:0:1', '2017-09-15 11:48:04');
INSERT INTO `sys_log` VALUES ('693', '', '', 'com.hxy.sys.controller.UserController.list()', '{\"nd\":\"1505447296763\",\"limit\":\"10\",\"page\":\"1\",\"_search\":\"false\",\"sidx\":\"\",\"order\":\"asc\",\"_\":\"1505447296707\"}', '0:0:0:0:0:0:0:1', '2017-09-15 11:48:17');
INSERT INTO `sys_log` VALUES ('694', '', '', 'com.hxy.sys.controller.UserController.list()', '{\"nd\":\"1505447297805\",\"limit\":\"10\",\"page\":\"1\",\"_search\":\"false\",\"sidx\":\"\",\"order\":\"asc\",\"_\":\"1505447297755\"}', '0:0:0:0:0:0:0:1', '2017-09-15 11:48:18');
INSERT INTO `sys_log` VALUES ('695', '', '', 'com.hxy.sys.controller.UserController.list()', '{\"nd\":\"1505447305342\",\"limit\":\"10\",\"page\":\"1\",\"userName\":\"\",\"_search\":\"false\",\"sidx\":\"\",\"order\":\"asc\",\"_\":\"1505447297757\"}', '0:0:0:0:0:0:0:1', '2017-09-15 11:48:25');
INSERT INTO `sys_log` VALUES ('696', '', '', 'com.hxy.sys.controller.UserController.list()', '{\"nd\":\"1505447553626\",\"limit\":\"10\",\"page\":\"1\",\"_search\":\"false\",\"sidx\":\"\",\"order\":\"asc\",\"_\":\"1505447553567\"}', '0:0:0:0:0:0:0:1', '2017-09-15 11:52:34');
INSERT INTO `sys_log` VALUES ('697', '', '', 'com.hxy.sys.controller.UserController.list()', '{\"nd\":\"1505447554724\",\"limit\":\"10\",\"page\":\"1\",\"_search\":\"false\",\"sidx\":\"\",\"order\":\"asc\",\"_\":\"1505447554665\"}', '0:0:0:0:0:0:0:1', '2017-09-15 11:52:35');
INSERT INTO `sys_log` VALUES ('698', '', '', 'com.hxy.sys.controller.UserController.list()', '{\"nd\":\"1505447555964\",\"limit\":\"10\",\"page\":\"1\",\"_search\":\"false\",\"sidx\":\"\",\"order\":\"asc\",\"_\":\"1505447555907\"}', '0:0:0:0:0:0:0:1', '2017-09-15 11:52:36');
INSERT INTO `sys_log` VALUES ('699', '', '', 'com.hxy.sys.controller.RoleController.list()', '{\"nd\":\"1505447559068\",\"limit\":\"10\",\"page\":\"1\",\"_search\":\"false\",\"sidx\":\"\",\"order\":\"asc\",\"_\":\"1505447558966\"}', '0:0:0:0:0:0:0:1', '2017-09-15 11:52:39');
INSERT INTO `sys_log` VALUES ('700', '', '', 'com.hxy.sys.controller.RoleController.list()', '{\"nd\":\"1505447560120\",\"limit\":\"10\",\"page\":\"1\",\"_search\":\"false\",\"sidx\":\"\",\"order\":\"asc\",\"_\":\"1505447560067\"}', '0:0:0:0:0:0:0:1', '2017-09-15 11:52:40');
INSERT INTO `sys_log` VALUES ('701', '', '', 'com.hxy.sys.controller.MenuController.info()', '\"486185f7ab6243789d4ff354825c6127\"', '0:0:0:0:0:0:0:1', '2017-09-15 12:01:47');
INSERT INTO `sys_log` VALUES ('702', '', '', 'com.hxy.sys.controller.MenuController.info()', '\"2\"', '0:0:0:0:0:0:0:1', '2017-09-15 12:01:48');
INSERT INTO `sys_log` VALUES ('703', '', '', 'com.hxy.sys.controller.MenuController.info()', '\"2\"', '0:0:0:0:0:0:0:1', '2017-09-15 12:01:50');
INSERT INTO `sys_log` VALUES ('704', '', '', 'com.hxy.sys.controller.MenuController.info()', '\"8b1f46f8ba6e455790a515c32e0329c5\"', '0:0:0:0:0:0:0:1', '2017-09-15 12:01:56');
INSERT INTO `sys_log` VALUES ('705', '', '', 'com.hxy.sys.controller.MenuController.info()', '\"8b1f46f8ba6e455790a515c32e0329c5\"', '0:0:0:0:0:0:0:1', '2017-09-15 12:01:58');
INSERT INTO `sys_log` VALUES ('706', '', '', 'com.hxy.sys.controller.MenuController.info()', '\"8b1f46f8ba6e455790a515c32e0329c5\"', '0:0:0:0:0:0:0:1', '2017-09-15 12:02:02');
INSERT INTO `sys_log` VALUES ('707', '', '', 'com.hxy.sys.controller.RoleController.list()', '{\"nd\":\"1505449422789\",\"limit\":\"10\",\"page\":\"1\",\"_search\":\"false\",\"sidx\":\"\",\"order\":\"asc\",\"_\":\"1505449422674\"}', '0:0:0:0:0:0:0:1', '2017-09-15 12:23:43');
INSERT INTO `sys_log` VALUES ('708', '', '', 'com.hxy.sys.controller.RoleController.list()', '{\"nd\":\"1505449579672\",\"limit\":\"10\",\"page\":\"1\",\"_search\":\"false\",\"sidx\":\"\",\"order\":\"asc\",\"_\":\"1505449579622\"}', '0:0:0:0:0:0:0:1', '2017-09-15 12:26:20');
INSERT INTO `sys_log` VALUES ('709', '', '', 'com.hxy.sys.controller.RoleController.list()', '{\"nd\":\"1505449639786\",\"limit\":\"10\",\"page\":\"1\",\"_search\":\"false\",\"sidx\":\"\",\"order\":\"asc\",\"_\":\"1505449639637\"}', '0:0:0:0:0:0:0:1', '2017-09-15 12:27:20');
INSERT INTO `sys_log` VALUES ('710', '', '', 'com.hxy.sys.controller.RoleController.list()', '{\"nd\":\"1505449643349\",\"limit\":\"10\",\"page\":\"1\",\"_search\":\"false\",\"sidx\":\"\",\"order\":\"asc\",\"_\":\"1505449643318\"}', '0:0:0:0:0:0:0:1', '2017-09-15 12:27:23');
INSERT INTO `sys_log` VALUES ('711', '', '', 'com.hxy.sys.controller.UserController.list()', '{\"nd\":\"1505449645073\",\"limit\":\"10\",\"page\":\"1\",\"_search\":\"false\",\"sidx\":\"\",\"order\":\"asc\",\"_\":\"1505449645018\"}', '0:0:0:0:0:0:0:1', '2017-09-15 12:27:25');
INSERT INTO `sys_log` VALUES ('712', '', '', 'com.hxy.sys.controller.UserController.list()', '{\"nd\":\"1505449645840\",\"limit\":\"10\",\"page\":\"1\",\"_search\":\"false\",\"sidx\":\"\",\"order\":\"asc\",\"_\":\"1505449645794\"}', '0:0:0:0:0:0:0:1', '2017-09-15 12:27:26');
INSERT INTO `sys_log` VALUES ('713', '', '', 'com.hxy.sys.controller.UserController.list()', '{\"nd\":\"1505449646751\",\"limit\":\"10\",\"page\":\"1\",\"_search\":\"false\",\"sidx\":\"\",\"order\":\"asc\",\"_\":\"1505449646712\"}', '0:0:0:0:0:0:0:1', '2017-09-15 12:27:27');
INSERT INTO `sys_log` VALUES ('714', '', '', 'com.hxy.sys.controller.UserController.reset()', '[\"98df0e92788c416a9fb983e89a8d01ce\"]', '0:0:0:0:0:0:0:1', '2017-09-15 12:27:38');
INSERT INTO `sys_log` VALUES ('715', '', '', 'com.hxy.sys.controller.UserController.list()', '{\"nd\":\"1505449668786\",\"limit\":\"10\",\"page\":\"1\",\"userName\":\"\",\"_search\":\"false\",\"sidx\":\"\",\"order\":\"asc\",\"_\":\"1505449646713\"}', '0:0:0:0:0:0:0:1', '2017-09-15 12:27:49');
INSERT INTO `sys_log` VALUES ('716', '', '', 'com.hxy.sys.controller.LoginController.logOut()', null, '0:0:0:0:0:0:0:1', '2017-09-15 12:27:51');
INSERT INTO `sys_log` VALUES ('717', '', '', 'com.hxy.sys.controller.UserController.list()', '{\"nd\":\"1505449727224\",\"limit\":\"10\",\"page\":\"1\",\"_search\":\"false\",\"sidx\":\"\",\"order\":\"asc\",\"_\":\"1505449727109\"}', '0:0:0:0:0:0:0:1', '2017-09-15 12:28:47');
INSERT INTO `sys_log` VALUES ('718', '', '', 'com.hxy.sys.controller.UserController.enabled()', '[\"98df0e92788c416a9fb983e89a8d01ce\"]', '0:0:0:0:0:0:0:1', '2017-09-15 12:28:53');
INSERT INTO `sys_log` VALUES ('719', '', '', 'com.hxy.sys.controller.UserController.list()', '{\"nd\":\"1505449735162\",\"limit\":\"10\",\"page\":\"1\",\"userName\":\"\",\"_search\":\"false\",\"sidx\":\"\",\"order\":\"asc\",\"_\":\"1505449727110\"}', '0:0:0:0:0:0:0:1', '2017-09-15 12:28:55');
INSERT INTO `sys_log` VALUES ('720', '', '', 'com.hxy.sys.controller.UserController.delete()', '[\"98df0e92788c416a9fb983e89a8d01ce\"]', '0:0:0:0:0:0:0:1', '2017-09-15 12:28:59');
INSERT INTO `sys_log` VALUES ('721', '', '', 'com.hxy.sys.controller.UserController.list()', '{\"nd\":\"1505449741020\",\"limit\":\"10\",\"page\":\"1\",\"userName\":\"\",\"_search\":\"false\",\"sidx\":\"\",\"order\":\"asc\",\"_\":\"1505449727111\"}', '0:0:0:0:0:0:0:1', '2017-09-15 12:29:01');
INSERT INTO `sys_log` VALUES ('722', '', '', 'com.hxy.sys.controller.UserController.enabled()', '[\"98df0e92788c416a9fb983e89a8d01ce\"]', '0:0:0:0:0:0:0:1', '2017-09-15 12:29:03');
INSERT INTO `sys_log` VALUES ('723', '', '', 'com.hxy.sys.controller.UserController.list()', '{\"nd\":\"1505449744678\",\"limit\":\"10\",\"page\":\"1\",\"userName\":\"\",\"_search\":\"false\",\"sidx\":\"\",\"order\":\"asc\",\"_\":\"1505449727112\"}', '0:0:0:0:0:0:0:1', '2017-09-15 12:29:05');
INSERT INTO `sys_log` VALUES ('724', '', '', 'com.hxy.sys.controller.UserController.reset()', '[\"98df0e92788c416a9fb983e89a8d01ce\"]', '0:0:0:0:0:0:0:1', '2017-09-15 12:29:10');
INSERT INTO `sys_log` VALUES ('725', '', '', 'com.hxy.sys.controller.UserController.list()', '{\"nd\":\"1505449756212\",\"limit\":\"10\",\"page\":\"1\",\"userName\":\"\",\"_search\":\"false\",\"sidx\":\"\",\"order\":\"asc\",\"_\":\"1505449727113\"}', '0:0:0:0:0:0:0:1', '2017-09-15 12:29:16');
INSERT INTO `sys_log` VALUES ('726', '', '', 'com.hxy.sys.controller.UserController.info()', '\"98df0e92788c416a9fb983e89a8d01ce\"', '0:0:0:0:0:0:0:1', '2017-09-15 12:29:21');
INSERT INTO `sys_log` VALUES ('727', '', '', 'com.hxy.sys.controller.UserController.list()', '{\"nd\":\"1505449763759\",\"limit\":\"10\",\"page\":\"1\",\"userName\":\"\",\"_search\":\"false\",\"sidx\":\"\",\"order\":\"asc\",\"_\":\"1505449727116\"}', '0:0:0:0:0:0:0:1', '2017-09-15 12:29:24');
INSERT INTO `sys_log` VALUES ('728', '', '', 'com.hxy.sys.controller.LoginController.logOut()', null, '0:0:0:0:0:0:0:1', '2017-09-15 12:29:25');
INSERT INTO `sys_log` VALUES ('729', '', '', 'com.hxy.sys.controller.LoginController.logOut()', null, '0:0:0:0:0:0:0:1', '2017-09-15 12:29:32');
INSERT INTO `sys_log` VALUES ('730', '', '', 'com.hxy.sys.controller.RoleController.list()', '{\"nd\":\"1505449783965\",\"limit\":\"10\",\"page\":\"1\",\"_search\":\"false\",\"sidx\":\"\",\"order\":\"asc\",\"_\":\"1505449783889\"}', '0:0:0:0:0:0:0:1', '2017-09-15 12:29:44');
INSERT INTO `sys_log` VALUES ('731', '', '', 'com.hxy.sys.controller.UserController.list()', '{\"nd\":\"1505449785392\",\"limit\":\"10\",\"page\":\"1\",\"_search\":\"false\",\"sidx\":\"\",\"order\":\"asc\",\"_\":\"1505449785346\"}', '0:0:0:0:0:0:0:1', '2017-09-15 12:29:45');
INSERT INTO `sys_log` VALUES ('732', '', '', 'com.hxy.sys.controller.UserController.list()', '{\"nd\":\"1505449826998\",\"limit\":\"10\",\"page\":\"1\",\"_search\":\"false\",\"sidx\":\"\",\"order\":\"asc\",\"_\":\"1505449826846\"}', '0:0:0:0:0:0:0:1', '2017-09-15 12:30:27');
INSERT INTO `sys_log` VALUES ('733', '', '', 'com.hxy.sys.controller.UserController.reset()', '[\"98df0e92788c416a9fb983e89a8d01ce\"]', '0:0:0:0:0:0:0:1', '2017-09-15 12:30:31');
INSERT INTO `sys_log` VALUES ('734', '', '', 'com.hxy.sys.controller.UserController.list()', '{\"nd\":\"1505449836530\",\"limit\":\"10\",\"page\":\"1\",\"userName\":\"\",\"_search\":\"false\",\"sidx\":\"\",\"order\":\"asc\",\"_\":\"1505449826847\"}', '0:0:0:0:0:0:0:1', '2017-09-15 12:30:37');
INSERT INTO `sys_log` VALUES ('735', '', '', 'com.hxy.sys.controller.UserController.list()', '{\"nd\":\"1505449840092\",\"limit\":\"10\",\"page\":\"1\",\"_search\":\"false\",\"sidx\":\"\",\"order\":\"asc\",\"_\":\"1505449840041\"}', '0:0:0:0:0:0:0:1', '2017-09-15 12:30:40');
INSERT INTO `sys_log` VALUES ('736', '', '', 'com.hxy.sys.controller.UserController.delete()', '[\"98df0e92788c416a9fb983e89a8d01ce\"]', '0:0:0:0:0:0:0:1', '2017-09-15 12:30:44');
INSERT INTO `sys_log` VALUES ('737', '', '', 'com.hxy.sys.controller.UserController.list()', '{\"nd\":\"1505449845311\",\"limit\":\"10\",\"page\":\"1\",\"userName\":\"\",\"_search\":\"false\",\"sidx\":\"\",\"order\":\"asc\",\"_\":\"1505449840042\"}', '0:0:0:0:0:0:0:1', '2017-09-15 12:30:45');
INSERT INTO `sys_log` VALUES ('738', '', '', 'com.hxy.sys.controller.LoginController.logOut()', null, '0:0:0:0:0:0:0:1', '2017-09-15 12:30:47');
INSERT INTO `sys_log` VALUES ('739', '', '', 'com.hxy.sys.controller.RoleController.list()', '{\"nd\":\"1505449866539\",\"limit\":\"10\",\"page\":\"1\",\"_search\":\"false\",\"sidx\":\"\",\"order\":\"asc\",\"_\":\"1505449866448\"}', '0:0:0:0:0:0:0:1', '2017-09-15 12:31:07');
INSERT INTO `sys_log` VALUES ('740', '', '', 'com.hxy.sys.controller.UserController.list()', '{\"nd\":\"1505449867061\",\"limit\":\"10\",\"page\":\"1\",\"_search\":\"false\",\"sidx\":\"\",\"order\":\"asc\",\"_\":\"1505449866987\"}', '0:0:0:0:0:0:0:1', '2017-09-15 12:31:07');
INSERT INTO `sys_log` VALUES ('741', '', '', 'com.hxy.sys.controller.RoleController.info()', '\"695a97ae34b94d57899833a3ebcd656a\"', '0:0:0:0:0:0:0:1', '2017-09-15 12:31:27');
INSERT INTO `sys_log` VALUES ('742', '', '', 'com.hxy.sys.controller.RoleController.list()', '{\"nd\":\"1505450191373\",\"limit\":\"10\",\"page\":\"1\",\"_search\":\"false\",\"sidx\":\"\",\"order\":\"asc\",\"_\":\"1505450191240\"}', '0:0:0:0:0:0:0:1', '2017-09-15 12:36:31');
INSERT INTO `sys_log` VALUES ('743', '', '', 'com.hxy.sys.controller.UserController.list()', '{\"nd\":\"1505450193111\",\"limit\":\"10\",\"page\":\"1\",\"_search\":\"false\",\"sidx\":\"\",\"order\":\"asc\",\"_\":\"1505450193062\"}', '0:0:0:0:0:0:0:1', '2017-09-15 12:36:33');
INSERT INTO `sys_log` VALUES ('744', '', '', 'com.hxy.sys.controller.UserController.list()', '{\"nd\":\"1505450193952\",\"limit\":\"10\",\"page\":\"1\",\"_search\":\"false\",\"sidx\":\"\",\"order\":\"asc\",\"_\":\"1505450193905\"}', '0:0:0:0:0:0:0:1', '2017-09-15 12:36:34');
INSERT INTO `sys_log` VALUES ('745', '', '', 'com.hxy.sys.controller.RoleController.list()', '{\"nd\":\"1505452944968\",\"limit\":\"10\",\"page\":\"1\",\"_search\":\"false\",\"sidx\":\"\",\"order\":\"asc\",\"_\":\"1505452944924\"}', '0:0:0:0:0:0:0:1', '2017-09-15 13:22:25');
INSERT INTO `sys_log` VALUES ('746', '', '', 'com.hxy.sys.controller.RoleController.info()', '\"695a97ae34b94d57899833a3ebcd656a\"', '0:0:0:0:0:0:0:1', '2017-09-15 13:22:43');
INSERT INTO `sys_log` VALUES ('747', '', '', 'com.hxy.sys.controller.RoleController.list()', '{\"nd\":\"1505452964760\",\"limit\":\"10\",\"name\":\"\",\"page\":\"1\",\"_search\":\"false\",\"sidx\":\"\",\"order\":\"asc\",\"_\":\"1505452944928\"}', '0:0:0:0:0:0:0:1', '2017-09-15 13:22:45');
INSERT INTO `sys_log` VALUES ('748', '', '', 'com.hxy.sys.controller.RoleController.list()', '{\"nd\":\"1505454189308\",\"limit\":\"10\",\"page\":\"1\",\"_search\":\"false\",\"sidx\":\"\",\"order\":\"asc\",\"_\":\"1505454189226\"}', '0:0:0:0:0:0:0:1', '2017-09-15 13:43:09');
INSERT INTO `sys_log` VALUES ('749', '', '', 'com.hxy.sys.controller.RoleController.list()', '{\"nd\":\"1505454220634\",\"limit\":\"10\",\"page\":\"1\",\"_search\":\"false\",\"sidx\":\"create_time\",\"order\":\"asc\",\"_\":\"1505454189227\"}', '0:0:0:0:0:0:0:1', '2017-09-15 13:43:41');
INSERT INTO `sys_log` VALUES ('750', '', '', 'com.hxy.sys.controller.RoleController.info()', '\"695a97ae34b94d57899833a3ebcd656a\"', '0:0:0:0:0:0:0:1', '2017-09-15 13:43:46');
INSERT INTO `sys_log` VALUES ('751', '', '', 'com.hxy.sys.controller.RoleController.list()', '{\"nd\":\"1505454229690\",\"limit\":\"10\",\"name\":\"\",\"page\":\"1\",\"_search\":\"false\",\"sidx\":\"create_time\",\"order\":\"asc\",\"_\":\"1505454189231\"}', '0:0:0:0:0:0:0:1', '2017-09-15 13:43:50');
INSERT INTO `sys_log` VALUES ('752', '', '', 'com.hxy.sys.controller.RoleController.list()', '{\"nd\":\"1505454277751\",\"limit\":\"10\",\"page\":\"1\",\"_search\":\"false\",\"sidx\":\"\",\"order\":\"asc\",\"_\":\"1505454277502\"}', '0:0:0:0:0:0:0:1', '2017-09-15 13:44:38');
INSERT INTO `sys_log` VALUES ('753', '', '', 'com.hxy.sys.controller.RoleController.info()', '\"695a97ae34b94d57899833a3ebcd656a\"', '0:0:0:0:0:0:0:1', '2017-09-15 13:44:39');
INSERT INTO `sys_log` VALUES ('754', '', '', 'com.hxy.sys.controller.RoleController.list()', '{\"nd\":\"1505454392845\",\"limit\":\"10\",\"page\":\"1\",\"_search\":\"false\",\"sidx\":\"\",\"order\":\"asc\",\"_\":\"1505454392752\"}', '0:0:0:0:0:0:0:1', '2017-09-15 13:46:33');
INSERT INTO `sys_log` VALUES ('755', '', '', 'com.hxy.sys.controller.RoleController.list()', '{\"nd\":\"1505454394357\",\"limit\":\"10\",\"page\":\"1\",\"_search\":\"false\",\"sidx\":\"\",\"order\":\"asc\",\"_\":\"1505454394237\"}', '0:0:0:0:0:0:0:1', '2017-09-15 13:46:34');
INSERT INTO `sys_log` VALUES ('756', '', '', 'com.hxy.sys.controller.UserController.list()', '{\"nd\":\"1505454395726\",\"limit\":\"10\",\"page\":\"1\",\"_search\":\"false\",\"sidx\":\"\",\"order\":\"asc\",\"_\":\"1505454395663\"}', '0:0:0:0:0:0:0:1', '2017-09-15 13:46:36');
INSERT INTO `sys_log` VALUES ('757', '', '', 'com.hxy.sys.controller.RoleController.list()', '{\"nd\":\"1505454396713\",\"limit\":\"10\",\"page\":\"1\",\"_search\":\"false\",\"sidx\":\"\",\"order\":\"asc\",\"_\":\"1505454396681\"}', '0:0:0:0:0:0:0:1', '2017-09-15 13:46:37');
INSERT INTO `sys_log` VALUES ('758', '', '', 'com.hxy.sys.controller.RoleController.list()', '{\"nd\":\"1505454406669\",\"limit\":\"10\",\"page\":\"1\",\"_search\":\"false\",\"sidx\":\"\",\"order\":\"asc\",\"_\":\"1505454406598\"}', '0:0:0:0:0:0:0:1', '2017-09-15 13:46:47');
INSERT INTO `sys_log` VALUES ('759', '', '', 'com.hxy.sys.controller.RoleController.list()', '{\"nd\":\"1505454438370\",\"limit\":\"10\",\"page\":\"1\",\"_search\":\"false\",\"sidx\":\"\",\"order\":\"asc\",\"_\":\"1505454438288\"}', '0:0:0:0:0:0:0:1', '2017-09-15 13:47:18');
INSERT INTO `sys_log` VALUES ('760', '', '', 'com.hxy.sys.controller.RoleController.list()', '{\"nd\":\"1505454518487\",\"limit\":\"10\",\"page\":\"1\",\"_search\":\"false\",\"sidx\":\"\",\"order\":\"asc\",\"_\":\"1505454518405\"}', '0:0:0:0:0:0:0:1', '2017-09-15 13:48:39');
INSERT INTO `sys_log` VALUES ('761', '', '', 'com.hxy.sys.controller.RoleController.list()', '{\"nd\":\"1505454519187\",\"limit\":\"10\",\"page\":\"1\",\"_search\":\"false\",\"sidx\":\"\",\"order\":\"asc\",\"_\":\"1505454519133\"}', '0:0:0:0:0:0:0:1', '2017-09-15 13:48:39');
INSERT INTO `sys_log` VALUES ('762', '', '', 'com.hxy.sys.controller.UserController.list()', '{\"nd\":\"1505454521548\",\"limit\":\"10\",\"page\":\"1\",\"_search\":\"false\",\"sidx\":\"\",\"order\":\"asc\",\"_\":\"1505454521497\"}', '0:0:0:0:0:0:0:1', '2017-09-15 13:48:42');
INSERT INTO `sys_log` VALUES ('763', '', '', 'com.hxy.sys.controller.UserController.list()', '{\"nd\":\"1505454531431\",\"limit\":\"10\",\"page\":\"1\",\"_search\":\"false\",\"sidx\":\"\",\"order\":\"asc\",\"_\":\"1505454531385\"}', '0:0:0:0:0:0:0:1', '2017-09-15 13:48:51');
INSERT INTO `sys_log` VALUES ('764', '', '', 'com.hxy.sys.controller.UserController.list()', '{\"nd\":\"1505454759167\",\"limit\":\"10\",\"page\":\"1\",\"_search\":\"false\",\"sidx\":\"\",\"order\":\"asc\",\"_\":\"1505454759121\"}', '0:0:0:0:0:0:0:1', '2017-09-15 13:52:39');
INSERT INTO `sys_log` VALUES ('765', '', '', 'com.hxy.sys.controller.RoleController.list()', '{\"nd\":\"1505454761511\",\"limit\":\"10\",\"page\":\"1\",\"_search\":\"false\",\"sidx\":\"\",\"order\":\"asc\",\"_\":\"1505454761469\"}', '0:0:0:0:0:0:0:1', '2017-09-15 13:52:42');
INSERT INTO `sys_log` VALUES ('766', '', '', 'com.hxy.sys.controller.RoleController.info()', '\"695a97ae34b94d57899833a3ebcd656a\"', '0:0:0:0:0:0:0:1', '2017-09-15 13:52:43');
INSERT INTO `sys_log` VALUES ('767', '', '', 'com.hxy.sys.controller.RoleController.list()', '{\"nd\":\"1505454763954\",\"limit\":\"10\",\"name\":\"\",\"page\":\"1\",\"_search\":\"false\",\"sidx\":\"\",\"order\":\"asc\",\"_\":\"1505454761473\"}', '0:0:0:0:0:0:0:1', '2017-09-15 13:52:44');
INSERT INTO `sys_log` VALUES ('768', '', '', 'com.hxy.sys.controller.RoleController.info()', '\"695a97ae34b94d57899833a3ebcd656a\"', '0:0:0:0:0:0:0:1', '2017-09-15 13:52:46');
INSERT INTO `sys_log` VALUES ('769', '', '', 'com.hxy.sys.controller.UserController.info()', '\"98df0e92788c416a9fb983e89a8d01ce\"', '0:0:0:0:0:0:0:1', '2017-09-15 13:52:50');
INSERT INTO `sys_log` VALUES ('770', '', '', 'com.hxy.sys.controller.UserController.list()', '{\"nd\":\"1505454772202\",\"limit\":\"10\",\"page\":\"1\",\"userName\":\"\",\"_search\":\"false\",\"sidx\":\"\",\"order\":\"asc\",\"_\":\"1505454759124\"}', '0:0:0:0:0:0:0:1', '2017-09-15 13:52:52');
INSERT INTO `sys_log` VALUES ('771', '', '', 'com.hxy.sys.controller.UserController.list()', '{\"nd\":\"1505454773037\",\"limit\":\"10\",\"page\":\"1\",\"_search\":\"false\",\"sidx\":\"\",\"order\":\"asc\",\"_\":\"1505454772973\"}', '0:0:0:0:0:0:0:1', '2017-09-15 13:52:53');
INSERT INTO `sys_log` VALUES ('772', '', '', 'com.hxy.sys.controller.RoleController.list()', '{\"nd\":\"1505454788842\",\"limit\":\"10\",\"name\":\"\",\"page\":\"1\",\"_search\":\"false\",\"sidx\":\"\",\"order\":\"asc\",\"_\":\"1505454761477\"}', '0:0:0:0:0:0:0:1', '2017-09-15 13:53:09');
INSERT INTO `sys_log` VALUES ('773', '', '', 'com.hxy.sys.controller.RoleController.list()', '{\"nd\":\"1505455697261\",\"limit\":\"10\",\"page\":\"1\",\"_search\":\"false\",\"sidx\":\"\",\"order\":\"asc\",\"_\":\"1505455697120\"}', '0:0:0:0:0:0:0:1', '2017-09-15 14:08:17');
INSERT INTO `sys_log` VALUES ('774', '', '', 'com.hxy.sys.controller.MenuController.info()', '\"1515daa136ba41f783e82318f851d343\"', '0:0:0:0:0:0:0:1', '2017-09-15 14:09:14');
INSERT INTO `sys_log` VALUES ('775', '', '', 'com.hxy.sys.controller.MenuController.info()', '\"2\"', '0:0:0:0:0:0:0:1', '2017-09-15 14:09:18');
INSERT INTO `sys_log` VALUES ('776', '', '', 'com.hxy.sys.controller.MenuController.info()', '\"2\"', '0:0:0:0:0:0:0:1', '2017-09-15 14:09:19');
INSERT INTO `sys_log` VALUES ('777', '', '', 'com.hxy.sys.controller.MenuController.info()', '\"2\"', '0:0:0:0:0:0:0:1', '2017-09-15 14:09:20');
INSERT INTO `sys_log` VALUES ('778', '', '', 'com.hxy.sys.controller.MenuController.info()', '\"1515daa136ba41f783e82318f851d343\"', '0:0:0:0:0:0:0:1', '2017-09-15 14:09:21');
INSERT INTO `sys_log` VALUES ('779', '', '', 'com.hxy.sys.controller.MenuController.info()', '\"f8524c36e2584ff5a2e374c3727c39c5\"', '0:0:0:0:0:0:0:1', '2017-09-15 14:09:21');
INSERT INTO `sys_log` VALUES ('780', '', '', 'com.hxy.sys.controller.MenuController.info()', '\"f4f6af97585d401f918afedd3ca223e9\"', '0:0:0:0:0:0:0:1', '2017-09-15 14:09:22');
INSERT INTO `sys_log` VALUES ('781', '', '', 'com.hxy.sys.controller.MenuController.info()', '\"f8524c36e2584ff5a2e374c3727c39c5\"', '0:0:0:0:0:0:0:1', '2017-09-15 14:09:36');
INSERT INTO `sys_log` VALUES ('782', '', '', 'com.hxy.sys.controller.MenuController.info()', '\"f4f6af97585d401f918afedd3ca223e9\"', '0:0:0:0:0:0:0:1', '2017-09-15 14:09:36');
INSERT INTO `sys_log` VALUES ('783', '', '', 'com.hxy.sys.controller.MenuController.info()', '\"1515daa136ba41f783e82318f851d343\"', '0:0:0:0:0:0:0:1', '2017-09-15 14:09:37');
INSERT INTO `sys_log` VALUES ('784', '', '', 'com.hxy.sys.controller.MenuController.info()', '\"2\"', '0:0:0:0:0:0:0:1', '2017-09-15 14:09:37');
INSERT INTO `sys_log` VALUES ('785', '', '', 'com.hxy.sys.controller.MenuController.info()', '\"f8524c36e2584ff5a2e374c3727c39c5\"', '0:0:0:0:0:0:0:1', '2017-09-15 14:09:39');
INSERT INTO `sys_log` VALUES ('786', '', '', 'com.hxy.sys.controller.MenuController.info()', '\"f4f6af97585d401f918afedd3ca223e9\"', '0:0:0:0:0:0:0:1', '2017-09-15 14:09:39');
INSERT INTO `sys_log` VALUES ('787', '', '', 'com.hxy.sys.controller.MenuController.info()', '\"f4f6af97585d401f918afedd3ca223e9\"', '0:0:0:0:0:0:0:1', '2017-09-15 14:09:41');
INSERT INTO `sys_log` VALUES ('788', '', '', 'com.hxy.sys.controller.MenuController.info()', '\"f8524c36e2584ff5a2e374c3727c39c5\"', '0:0:0:0:0:0:0:1', '2017-09-15 14:09:42');
INSERT INTO `sys_log` VALUES ('789', '', '', 'com.hxy.sys.controller.MenuController.info()', '\"1eabb55ae2fa4f5e890c7739c1678e44\"', '0:0:0:0:0:0:0:1', '2017-09-15 14:09:42');
INSERT INTO `sys_log` VALUES ('790', '', '', 'com.hxy.sys.controller.MenuController.info()', '\"1e7867f5ef3748bbaa2060b0192b8ff0\"', '0:0:0:0:0:0:0:1', '2017-09-15 14:09:42');
INSERT INTO `sys_log` VALUES ('791', '', '', 'com.hxy.sys.controller.MenuController.info()', '\"1515daa136ba41f783e82318f851d343\"', '0:0:0:0:0:0:0:1', '2017-09-15 14:09:43');
INSERT INTO `sys_log` VALUES ('792', '', '', 'com.hxy.sys.controller.MenuController.info()', '\"fdd70e08ae994de18009bc95f4f51fff\"', '0:0:0:0:0:0:0:1', '2017-09-15 14:09:44');
INSERT INTO `sys_log` VALUES ('793', '', '', 'com.hxy.sys.controller.MenuController.info()', '\"1e7867f5ef3748bbaa2060b0192b8ff0\"', '0:0:0:0:0:0:0:1', '2017-09-15 14:09:45');
INSERT INTO `sys_log` VALUES ('794', '', '', 'com.hxy.sys.controller.MenuController.info()', '\"1eabb55ae2fa4f5e890c7739c1678e44\"', '0:0:0:0:0:0:0:1', '2017-09-15 14:09:45');
INSERT INTO `sys_log` VALUES ('795', '', '', 'com.hxy.sys.controller.MenuController.info()', '\"f8524c36e2584ff5a2e374c3727c39c5\"', '0:0:0:0:0:0:0:1', '2017-09-15 14:09:45');
INSERT INTO `sys_log` VALUES ('796', '', '', 'com.hxy.sys.controller.MenuController.info()', '\"9e8dc02fe5614580bdf5f6ca9a852b70\"', '0:0:0:0:0:0:0:1', '2017-09-15 14:09:50');
INSERT INTO `sys_log` VALUES ('797', '', '', 'com.hxy.sys.controller.MenuController.info()', '\"feb235067fd7400090b0aa5451e4a5a4\"', '0:0:0:0:0:0:0:1', '2017-09-15 14:10:26');
INSERT INTO `sys_log` VALUES ('798', '', '', 'com.hxy.sys.controller.MenuController.info()', '\"feb235067fd7400090b0aa5451e4a5a4\"', '0:0:0:0:0:0:0:1', '2017-09-15 14:10:28');
INSERT INTO `sys_log` VALUES ('799', '', '', 'com.hxy.sys.controller.MenuController.info()', '\"9e8dc02fe5614580bdf5f6ca9a852b70\"', '0:0:0:0:0:0:0:1', '2017-09-15 14:10:54');
INSERT INTO `sys_log` VALUES ('800', '', '', 'com.hxy.sys.controller.MenuController.info()', '\"1\"', '0:0:0:0:0:0:0:1', '2017-09-15 14:14:06');
INSERT INTO `sys_log` VALUES ('801', '', '', 'com.hxy.sys.controller.ScheduleJobController.list()', '{\"nd\":\"1505456094419\",\"limit\":\"10\",\"page\":\"1\",\"_search\":\"false\",\"sidx\":\"\",\"order\":\"asc\",\"_\":\"1505456094364\"}', '0:0:0:0:0:0:0:1', '2017-09-15 14:14:54');
INSERT INTO `sys_log` VALUES ('802', '', '', 'com.hxy.sys.controller.SysOssController.config()', null, '0:0:0:0:0:0:0:1', '2017-09-15 14:14:56');
INSERT INTO `sys_log` VALUES ('803', '', '', 'com.hxy.sys.controller.SysOssController.list()', '{\"nd\":\"1505456096448\",\"limit\":\"10\",\"page\":\"1\",\"_search\":\"false\",\"sidx\":\"\",\"order\":\"asc\",\"_\":\"1505456096276\"}', '0:0:0:0:0:0:0:1', '2017-09-15 14:14:56');
INSERT INTO `sys_log` VALUES ('804', '', '', 'com.hxy.sys.controller.SysConfigController.list()', '{\"nd\":\"1505456096748\",\"limit\":\"10\",\"page\":\"1\",\"_search\":\"false\",\"sidx\":\"\",\"order\":\"asc\",\"_\":\"1505456096686\"}', '0:0:0:0:0:0:0:1', '2017-09-15 14:14:57');
INSERT INTO `sys_log` VALUES ('805', '', '', 'com.hxy.sys.controller.CodeController.codeTree()', null, '0:0:0:0:0:0:0:1', '2017-09-15 14:15:00');
INSERT INTO `sys_log` VALUES ('806', '', '', 'com.hxy.sys.controller.LoginController.logOut()', null, '0:0:0:0:0:0:0:1', '2017-09-15 14:15:12');
INSERT INTO `sys_log` VALUES ('807', '', '', 'com.hxy.sys.controller.RoleController.list()', '{\"nd\":\"1505456237818\",\"limit\":\"10\",\"page\":\"1\",\"_search\":\"false\",\"sidx\":\"\",\"order\":\"asc\",\"_\":\"1505456237650\"}', '0:0:0:0:0:0:0:1', '2017-09-15 14:17:18');
INSERT INTO `sys_log` VALUES ('808', '', '', 'com.hxy.sys.controller.RoleController.list()', '{\"nd\":\"1505456239573\",\"limit\":\"10\",\"page\":\"1\",\"_search\":\"false\",\"sidx\":\"\",\"order\":\"asc\",\"_\":\"1505456239449\"}', '0:0:0:0:0:0:0:1', '2017-09-15 14:17:20');
INSERT INTO `sys_log` VALUES ('809', '', '', 'com.hxy.sys.controller.RoleController.enabled()', '[\"695a97ae34b94d57899833a3ebcd656a\"]', '0:0:0:0:0:0:0:1', '2017-09-15 14:17:23');
INSERT INTO `sys_log` VALUES ('810', '', '', 'com.hxy.sys.controller.RoleController.list()', '{\"nd\":\"1505456245057\",\"limit\":\"10\",\"name\":\"\",\"page\":\"1\",\"_search\":\"false\",\"sidx\":\"\",\"order\":\"asc\",\"_\":\"1505456239450\"}', '0:0:0:0:0:0:0:1', '2017-09-15 14:17:25');
INSERT INTO `sys_log` VALUES ('811', '', '', 'com.hxy.sys.controller.RoleController.delete()', '[\"695a97ae34b94d57899833a3ebcd656a\"]', '0:0:0:0:0:0:0:1', '2017-09-15 14:17:32');
INSERT INTO `sys_log` VALUES ('812', '', '', 'com.hxy.sys.controller.RoleController.list()', '{\"nd\":\"1505456253807\",\"limit\":\"10\",\"name\":\"\",\"page\":\"1\",\"_search\":\"false\",\"sidx\":\"\",\"order\":\"asc\",\"_\":\"1505456239451\"}', '0:0:0:0:0:0:0:1', '2017-09-15 14:17:34');
INSERT INTO `sys_log` VALUES ('813', '', '', 'com.hxy.sys.controller.RoleController.list()', '{\"nd\":\"1505456258039\",\"limit\":\"10\",\"page\":\"1\",\"_search\":\"false\",\"sidx\":\"\",\"order\":\"asc\",\"_\":\"1505456257884\"}', '0:0:0:0:0:0:0:1', '2017-09-15 14:17:38');
INSERT INTO `sys_log` VALUES ('814', '', '', 'com.hxy.sys.controller.RoleController.delete()', '[\"695a97ae34b94d57899833a3ebcd656a\"]', '0:0:0:0:0:0:0:1', '2017-09-15 14:17:41');
INSERT INTO `sys_log` VALUES ('815', '', '', 'com.hxy.sys.controller.RoleController.list()', '{\"nd\":\"1505456262662\",\"limit\":\"10\",\"name\":\"\",\"page\":\"1\",\"_search\":\"false\",\"sidx\":\"\",\"order\":\"asc\",\"_\":\"1505456257885\"}', '0:0:0:0:0:0:0:1', '2017-09-15 14:17:43');
INSERT INTO `sys_log` VALUES ('816', '', '', 'com.hxy.sys.controller.RoleController.list()', '{\"nd\":\"1505456263646\",\"limit\":\"10\",\"page\":\"1\",\"_search\":\"false\",\"sidx\":\"\",\"order\":\"asc\",\"_\":\"1505456263541\"}', '0:0:0:0:0:0:0:1', '2017-09-15 14:17:44');
INSERT INTO `sys_log` VALUES ('817', '', '', 'com.hxy.sys.controller.RoleController.list()', '{\"nd\":\"1505456298581\",\"limit\":\"10\",\"page\":\"1\",\"_search\":\"false\",\"sidx\":\"\",\"order\":\"asc\",\"_\":\"1505456298355\"}', '0:0:0:0:0:0:0:1', '2017-09-15 14:18:19');
INSERT INTO `sys_log` VALUES ('818', '', '', 'com.hxy.sys.controller.RoleController.list()', '{\"nd\":\"1505456299439\",\"limit\":\"10\",\"page\":\"1\",\"_search\":\"false\",\"sidx\":\"\",\"order\":\"asc\",\"_\":\"1505456299112\"}', '0:0:0:0:0:0:0:1', '2017-09-15 14:18:20');
INSERT INTO `sys_log` VALUES ('819', '', '', 'com.hxy.sys.controller.RoleController.delete()', '[\"695a97ae34b94d57899833a3ebcd656a\"]', '0:0:0:0:0:0:0:1', '2017-09-15 14:18:23');
INSERT INTO `sys_log` VALUES ('820', '', '', 'com.hxy.sys.controller.RoleController.list()', '{\"nd\":\"1505456304688\",\"limit\":\"10\",\"name\":\"\",\"page\":\"1\",\"_search\":\"false\",\"sidx\":\"\",\"order\":\"asc\",\"_\":\"1505456299113\"}', '0:0:0:0:0:0:0:1', '2017-09-15 14:18:25');
INSERT INTO `sys_log` VALUES ('821', '', '', 'com.hxy.sys.controller.RoleController.list()', '{\"nd\":\"1505456338285\",\"limit\":\"10\",\"page\":\"1\",\"_search\":\"false\",\"sidx\":\"\",\"order\":\"asc\",\"_\":\"1505456337956\"}', '0:0:0:0:0:0:0:1', '2017-09-15 14:18:58');
INSERT INTO `sys_log` VALUES ('822', '', '', 'com.hxy.sys.controller.RoleController.list()', '{\"nd\":\"1505456353511\",\"limit\":\"10\",\"page\":\"1\",\"_search\":\"false\",\"sidx\":\"\",\"order\":\"asc\",\"_\":\"1505456353021\"}', '0:0:0:0:0:0:0:1', '2017-09-15 14:19:14');
INSERT INTO `sys_log` VALUES ('823', '', '', 'com.hxy.sys.controller.RoleController.list()', '{\"nd\":\"1505456358351\",\"limit\":\"10\",\"page\":\"1\",\"_search\":\"false\",\"sidx\":\"\",\"order\":\"asc\",\"_\":\"1505456358160\"}', '0:0:0:0:0:0:0:1', '2017-09-15 14:19:18');
INSERT INTO `sys_log` VALUES ('824', '', '', 'com.hxy.sys.controller.RoleController.info()', '\"695a97ae34b94d57899833a3ebcd656a\"', '0:0:0:0:0:0:0:1', '2017-09-15 14:19:23');
INSERT INTO `sys_log` VALUES ('825', '', '', 'com.hxy.sys.controller.RoleController.list()', '{\"nd\":\"1505456364283\",\"limit\":\"10\",\"name\":\"\",\"page\":\"1\",\"_search\":\"false\",\"sidx\":\"\",\"order\":\"asc\",\"_\":\"1505456358164\"}', '0:0:0:0:0:0:0:1', '2017-09-15 14:19:24');
INSERT INTO `sys_log` VALUES ('826', '', '', 'com.hxy.sys.controller.RoleController.list()', '{\"nd\":\"1505456365005\",\"limit\":\"10\",\"page\":\"1\",\"_search\":\"false\",\"sidx\":\"\",\"order\":\"asc\",\"_\":\"1505456364899\"}', '0:0:0:0:0:0:0:1', '2017-09-15 14:19:25');
INSERT INTO `sys_log` VALUES ('827', '', '', 'com.hxy.sys.controller.RoleController.enabled()', '[\"695a97ae34b94d57899833a3ebcd656a\"]', '0:0:0:0:0:0:0:1', '2017-09-15 14:19:28');
INSERT INTO `sys_log` VALUES ('828', '', '', 'com.hxy.sys.controller.RoleController.list()', '{\"nd\":\"1505456369758\",\"limit\":\"10\",\"name\":\"\",\"page\":\"1\",\"_search\":\"false\",\"sidx\":\"\",\"order\":\"asc\",\"_\":\"1505456364900\"}', '0:0:0:0:0:0:0:1', '2017-09-15 14:19:30');
INSERT INTO `sys_log` VALUES ('829', '', '', 'com.hxy.sys.controller.RoleController.list()', '{\"nd\":\"1505456370779\",\"limit\":\"10\",\"page\":\"1\",\"_search\":\"false\",\"sidx\":\"\",\"order\":\"asc\",\"_\":\"1505456370647\"}', '0:0:0:0:0:0:0:1', '2017-09-15 14:19:31');
INSERT INTO `sys_log` VALUES ('830', '', '', 'com.hxy.sys.controller.RoleController.delete()', '[\"695a97ae34b94d57899833a3ebcd656a\"]', '0:0:0:0:0:0:0:1', '2017-09-15 14:19:33');
INSERT INTO `sys_log` VALUES ('831', '', '', 'com.hxy.sys.controller.RoleController.list()', '{\"nd\":\"1505456374677\",\"limit\":\"10\",\"name\":\"\",\"page\":\"1\",\"_search\":\"false\",\"sidx\":\"\",\"order\":\"asc\",\"_\":\"1505456370648\"}', '0:0:0:0:0:0:0:1', '2017-09-15 14:19:35');
INSERT INTO `sys_log` VALUES ('832', '', '', 'com.hxy.sys.controller.RoleController.list()', '{\"nd\":\"1505456375746\",\"limit\":\"10\",\"page\":\"1\",\"_search\":\"false\",\"sidx\":\"\",\"order\":\"asc\",\"_\":\"1505456375644\"}', '0:0:0:0:0:0:0:1', '2017-09-15 14:19:36');
INSERT INTO `sys_log` VALUES ('833', '', '', 'com.hxy.sys.controller.LoginController.logOut()', null, '0:0:0:0:0:0:0:1', '2017-09-15 14:20:42');
INSERT INTO `sys_log` VALUES ('834', '', '', 'com.hxy.sys.controller.OrganController.info()', '\"7180f5a0c3624f4bb6fb758ab2c3bda6\"', '0:0:0:0:0:0:0:1', '2017-09-15 14:21:20');
INSERT INTO `sys_log` VALUES ('835', '', '', 'com.hxy.sys.controller.OrganController.info()', '\"7180f5a0c3624f4bb6fb758ab2c3bda6\"', '0:0:0:0:0:0:0:1', '2017-09-15 14:21:40');
INSERT INTO `sys_log` VALUES ('836', '', '', 'com.hxy.sys.controller.OrganController.info()', '\"a694d140b8e44eb2baa5f26435c6a7f8\"', '0:0:0:0:0:0:0:1', '2017-09-15 14:21:40');
INSERT INTO `sys_log` VALUES ('837', '', '', 'com.hxy.sys.controller.OrganController.info()', '\"a694d140b8e44eb2baa5f26435c6a7f8\"', '0:0:0:0:0:0:0:1', '2017-09-15 14:21:42');
INSERT INTO `sys_log` VALUES ('838', '', '', 'com.hxy.sys.controller.OrganController.info()', '\"a694d140b8e44eb2baa5f26435c6a7f8\"', '0:0:0:0:0:0:0:1', '2017-09-15 14:21:43');
INSERT INTO `sys_log` VALUES ('839', '', '', 'com.hxy.sys.controller.OrganController.info()', '\"7180f5a0c3624f4bb6fb758ab2c3bda6\"', '0:0:0:0:0:0:0:1', '2017-09-15 14:21:44');
INSERT INTO `sys_log` VALUES ('840', '', '', 'com.hxy.sys.controller.OrganController.info()', '\"ff6d5335b1c7456e9a2e7734062820b2\"', '0:0:0:0:0:0:0:1', '2017-09-15 14:21:44');
INSERT INTO `sys_log` VALUES ('841', '', '', 'com.hxy.sys.controller.OrganController.info()', '\"7180f5a0c3624f4bb6fb758ab2c3bda6\"', '0:0:0:0:0:0:0:1', '2017-09-15 14:21:45');
INSERT INTO `sys_log` VALUES ('842', '', '', 'com.hxy.sys.controller.OrganController.info()', '\"a694d140b8e44eb2baa5f26435c6a7f8\"', '0:0:0:0:0:0:0:1', '2017-09-15 14:21:48');
INSERT INTO `sys_log` VALUES ('843', '', '', 'com.hxy.sys.controller.OrganController.info()', '\"7180f5a0c3624f4bb6fb758ab2c3bda6\"', '0:0:0:0:0:0:0:1', '2017-09-15 14:21:49');
INSERT INTO `sys_log` VALUES ('844', '', '', 'com.hxy.sys.controller.UserController.list()', '{\"nd\":\"1505456683219\",\"limit\":\"10\",\"page\":\"1\",\"_search\":\"false\",\"sidx\":\"\",\"order\":\"asc\",\"_\":\"1505456682932\"}', '0:0:0:0:0:0:0:1', '2017-09-15 14:24:43');
INSERT INTO `sys_log` VALUES ('845', '', '', 'com.hxy.sys.controller.RoleController.list()', '{\"nd\":\"1505456683539\",\"limit\":\"10\",\"page\":\"1\",\"_search\":\"false\",\"sidx\":\"\",\"order\":\"asc\",\"_\":\"1505456683334\"}', '0:0:0:0:0:0:0:1', '2017-09-15 14:24:44');
INSERT INTO `sys_log` VALUES ('846', '', '', 'com.hxy.sys.controller.RoleController.info()', '\"0c3245b565c84f639ab9e05a6d1eedfd\"', '0:0:0:0:0:0:0:1', '2017-09-15 14:24:50');
INSERT INTO `sys_log` VALUES ('847', '', '', 'com.hxy.sys.controller.RoleController.list()', '{\"nd\":\"1505456692666\",\"limit\":\"10\",\"name\":\"\",\"page\":\"1\",\"_search\":\"false\",\"sidx\":\"\",\"order\":\"asc\",\"_\":\"1505456683338\"}', '0:0:0:0:0:0:0:1', '2017-09-15 14:24:53');
INSERT INTO `sys_log` VALUES ('848', '', '', 'com.hxy.sys.controller.UserController.info()', '\"98df0e92788c416a9fb983e89a8d01ce\"', '0:0:0:0:0:0:0:1', '2017-09-15 14:24:59');
INSERT INTO `sys_log` VALUES ('849', '', '', 'com.hxy.sys.controller.UserController.list()', '{\"nd\":\"1505456701907\",\"limit\":\"10\",\"page\":\"1\",\"userName\":\"\",\"_search\":\"false\",\"sidx\":\"\",\"order\":\"asc\",\"_\":\"1505456682935\"}', '0:0:0:0:0:0:0:1', '2017-09-15 14:25:02');
INSERT INTO `sys_log` VALUES ('850', '', '', 'com.hxy.sys.controller.RoleController.list()', '{\"nd\":\"1505456704934\",\"limit\":\"10\",\"page\":\"1\",\"_search\":\"false\",\"sidx\":\"\",\"order\":\"asc\",\"_\":\"1505456704808\"}', '0:0:0:0:0:0:0:1', '2017-09-15 14:25:05');
INSERT INTO `sys_log` VALUES ('851', '', '', 'com.hxy.sys.controller.RoleController.list()', '{\"nd\":\"1505456711379\",\"limit\":\"10\",\"page\":\"1\",\"_search\":\"false\",\"sidx\":\"\",\"order\":\"asc\",\"_\":\"1505456710946\"}', '0:0:0:0:0:0:0:1', '2017-09-15 14:25:11');
INSERT INTO `sys_log` VALUES ('852', '', '', 'com.hxy.sys.controller.RoleController.info()', '\"695a97ae34b94d57899833a3ebcd656a\"', '0:0:0:0:0:0:0:1', '2017-09-15 14:25:13');
INSERT INTO `sys_log` VALUES ('853', '', '', 'com.hxy.sys.controller.RoleController.list()', '{\"nd\":\"1505456715618\",\"limit\":\"10\",\"name\":\"\",\"page\":\"1\",\"_search\":\"false\",\"sidx\":\"\",\"order\":\"asc\",\"_\":\"1505456710950\"}', '0:0:0:0:0:0:0:1', '2017-09-15 14:25:16');
INSERT INTO `sys_log` VALUES ('854', '', '', 'com.hxy.sys.controller.LoginController.logOut()', null, '0:0:0:0:0:0:0:1', '2017-09-15 14:25:17');
INSERT INTO `sys_log` VALUES ('855', '', '', 'com.hxy.sys.controller.CodeController.codeTree()', null, '0:0:0:0:0:0:0:1', '2017-09-15 14:25:49');
INSERT INTO `sys_log` VALUES ('856', '', '', 'com.hxy.sys.controller.LoginController.logOut()', null, '0:0:0:0:0:0:0:1', '2017-09-15 14:27:44');
INSERT INTO `sys_log` VALUES ('857', '', '', 'com.hxy.sys.controller.RoleController.list()', '{\"nd\":\"1505456883355\",\"limit\":\"10\",\"page\":\"1\",\"_search\":\"false\",\"sidx\":\"\",\"order\":\"asc\",\"_\":\"1505456883241\"}', '0:0:0:0:0:0:0:1', '2017-09-15 14:28:04');
INSERT INTO `sys_log` VALUES ('858', '', '', 'com.hxy.sys.controller.UserController.list()', '{\"nd\":\"1505456889549\",\"limit\":\"10\",\"page\":\"1\",\"_search\":\"false\",\"sidx\":\"\",\"order\":\"asc\",\"_\":\"1505456889379\"}', '0:0:0:0:0:0:0:1', '2017-09-15 14:28:10');
INSERT INTO `sys_log` VALUES ('859', '', '', 'com.hxy.sys.controller.UserController.list()', '{\"nd\":\"1505456897689\",\"limit\":\"10\",\"page\":\"1\",\"_search\":\"false\",\"sidx\":\"\",\"order\":\"asc\",\"_\":\"1505456897575\"}', '0:0:0:0:0:0:0:1', '2017-09-15 14:28:18');
INSERT INTO `sys_log` VALUES ('860', '', '', 'com.hxy.sys.controller.UserController.list()', '{\"nd\":\"1505456898788\",\"limit\":\"10\",\"page\":\"1\",\"_search\":\"false\",\"sidx\":\"\",\"order\":\"asc\",\"_\":\"1505456898656\"}', '0:0:0:0:0:0:0:1', '2017-09-15 14:28:19');
INSERT INTO `sys_log` VALUES ('861', '', '', 'com.hxy.sys.controller.ScheduleJobController.list()', '{\"nd\":\"1505456913691\",\"limit\":\"10\",\"page\":\"1\",\"_search\":\"false\",\"sidx\":\"\",\"order\":\"asc\",\"_\":\"1505456913561\"}', '0:0:0:0:0:0:0:1', '2017-09-15 14:28:34');
INSERT INTO `sys_log` VALUES ('862', '', '', 'com.hxy.sys.controller.SysOssController.config()', null, '0:0:0:0:0:0:0:1', '2017-09-15 14:28:34');
INSERT INTO `sys_log` VALUES ('863', '', '', 'com.hxy.sys.controller.SysOssController.list()', '{\"nd\":\"1505456914507\",\"limit\":\"10\",\"page\":\"1\",\"_search\":\"false\",\"sidx\":\"\",\"order\":\"asc\",\"_\":\"1505456914375\"}', '0:0:0:0:0:0:0:1', '2017-09-15 14:28:35');
INSERT INTO `sys_log` VALUES ('864', '', '', 'com.hxy.sys.controller.SysConfigController.list()', '{\"nd\":\"1505456915033\",\"limit\":\"10\",\"page\":\"1\",\"_search\":\"false\",\"sidx\":\"\",\"order\":\"asc\",\"_\":\"1505456914872\"}', '0:0:0:0:0:0:0:1', '2017-09-15 14:28:35');
INSERT INTO `sys_log` VALUES ('865', '', '', 'com.hxy.sys.controller.UserController.list()', '{\"nd\":\"1505456940595\",\"limit\":\"10\",\"page\":\"1\",\"_search\":\"false\",\"sidx\":\"\",\"order\":\"asc\",\"_\":\"1505456940470\"}', '0:0:0:0:0:0:0:1', '2017-09-15 14:29:01');
INSERT INTO `sys_log` VALUES ('866', '', '', 'com.hxy.sys.controller.MenuController.info()', '\"8b1f46f8ba6e455790a515c32e0329c5\"', '0:0:0:0:0:0:0:1', '2017-09-15 14:29:12');
INSERT INTO `sys_log` VALUES ('867', '', '', 'com.hxy.sys.controller.MenuController.info()', '\"7cec2d46083c47bba323436cb409693f\"', '0:0:0:0:0:0:0:1', '2017-09-15 14:29:13');
INSERT INTO `sys_log` VALUES ('868', '', '', 'com.hxy.sys.controller.MenuController.info()', '\"62bdcab5fe5f4e5fa7ab79fcd8cb47c4\"', '0:0:0:0:0:0:0:1', '2017-09-15 14:29:15');
INSERT INTO `sys_log` VALUES ('869', '', '', 'com.hxy.sys.controller.MenuController.update()', '{\"createId\":\"026a564bbfd84861ac4b65393644beef\",\"createTime\":1495107089000,\"id\":\"62bdcab5fe5f4e5fa7ab79fcd8cb47c4\",\"name\":\"\",\"open\":\"false\",\"parentId\":\"8b1f46f8ba6e455790a515c32e0329c5\",\"parentName\":\"\",\"permission\":\"sys:user:delete\",\"sort\":0,\"status\":\"1\",\"type\":\"2\",\"updateId\":\"026a564bbfd84861ac4b65393644beef\",\"updateTime\":1504015736000}', '0:0:0:0:0:0:0:1', '2017-09-15 14:29:21');
INSERT INTO `sys_log` VALUES ('870', '', '', 'com.hxy.sys.controller.MenuController.info()', '\"9d22510a1b1a40459619c5b2fdddfdc2\"', '0:0:0:0:0:0:0:1', '2017-09-15 14:29:24');
INSERT INTO `sys_log` VALUES ('871', '', '', 'com.hxy.sys.controller.MenuController.update()', '{\"createId\":\"026a564bbfd84861ac4b65393644beef\",\"createTime\":1495114521000,\"id\":\"9d22510a1b1a40459619c5b2fdddfdc2\",\"name\":\"\",\"open\":\"false\",\"parentId\":\"9e8dc02fe5614580bdf5f6ca9a852b70\",\"parentName\":\"\",\"permission\":\"sys:role:delete\",\"sort\":0,\"status\":\"1\",\"type\":\"2\",\"updateId\":\"026a564bbfd84861ac4b65393644beef\",\"updateTime\":1504015793000}', '0:0:0:0:0:0:0:1', '2017-09-15 14:29:28');
INSERT INTO `sys_log` VALUES ('872', '', '', 'com.hxy.sys.controller.MenuController.info()', '\"15d2074a502f443cb760f613a40df598\"', '0:0:0:0:0:0:0:1', '2017-09-15 14:29:30');
INSERT INTO `sys_log` VALUES ('873', '', '', 'com.hxy.sys.controller.MenuController.info()', '\"62bdcab5fe5f4e5fa7ab79fcd8cb47c4\"', '0:0:0:0:0:0:0:1', '2017-09-15 14:29:31');
INSERT INTO `sys_log` VALUES ('874', '', '', 'com.hxy.sys.controller.MenuController.info()', '\"7cec2d46083c47bba323436cb409693f\"', '0:0:0:0:0:0:0:1', '2017-09-15 14:29:32');
INSERT INTO `sys_log` VALUES ('875', '', '', 'com.hxy.sys.controller.MenuController.info()', '\"80030434d10548968beaaeed79c3408b\"', '0:0:0:0:0:0:0:1', '2017-09-15 14:29:33');
INSERT INTO `sys_log` VALUES ('876', '', '', 'com.hxy.sys.controller.MenuController.info()', '\"bb5bc94a71a546aba5d9f813b6a352bb\"', '0:0:0:0:0:0:0:1', '2017-09-15 14:29:34');
INSERT INTO `sys_log` VALUES ('877', '', '', 'com.hxy.sys.controller.MenuController.info()', '\"7cec2d46083c47bba323436cb409693f\"', '0:0:0:0:0:0:0:1', '2017-09-15 14:29:35');
INSERT INTO `sys_log` VALUES ('878', '', '', 'com.hxy.sys.controller.MenuController.info()', '\"bb5bc94a71a546aba5d9f813b6a352bb\"', '0:0:0:0:0:0:0:1', '2017-09-15 14:29:37');
INSERT INTO `sys_log` VALUES ('879', '', '', 'com.hxy.sys.controller.MenuController.info()', '\"7cec2d46083c47bba323436cb409693f\"', '0:0:0:0:0:0:0:1', '2017-09-15 14:29:37');
INSERT INTO `sys_log` VALUES ('880', '', '', 'com.hxy.sys.controller.MenuController.update()', '{\"createId\":\"026a564bbfd84861ac4b65393644beef\",\"createTime\":1505448160000,\"id\":\"7cec2d46083c47bba323436cb409693f\",\"name\":\"\",\"open\":\"false\",\"parentId\":\"8b1f46f8ba6e455790a515c32e0329c5\",\"parentName\":\"\",\"permission\":\"sys:user:enabled\",\"sort\":1,\"status\":\"1\",\"type\":\"2\",\"updateId\":\"026a564bbfd84861ac4b65393644beef\",\"updateTime\":1498728815000,\"url\":\"\"}', '0:0:0:0:0:0:0:1', '2017-09-15 14:29:55');
INSERT INTO `sys_log` VALUES ('881', '', '', 'com.hxy.sys.controller.LoginController.logOut()', null, '0:0:0:0:0:0:0:1', '2017-09-15 14:29:58');
INSERT INTO `sys_log` VALUES ('882', '', '', 'com.hxy.sys.controller.RoleController.list()', '{\"nd\":\"1505457027471\",\"limit\":\"10\",\"page\":\"1\",\"_search\":\"false\",\"sidx\":\"\",\"order\":\"asc\",\"_\":\"1505457027347\"}', '0:0:0:0:0:0:0:1', '2017-09-15 14:30:27');
INSERT INTO `sys_log` VALUES ('883', '', '', 'com.hxy.sys.controller.UserController.list()', '{\"nd\":\"1505457029457\",\"limit\":\"10\",\"page\":\"1\",\"_search\":\"false\",\"sidx\":\"\",\"order\":\"asc\",\"_\":\"1505457029209\"}', '0:0:0:0:0:0:0:1', '2017-09-15 14:30:29');
INSERT INTO `sys_log` VALUES ('884', '', '', 'com.hxy.sys.controller.MenuController.info()', '\"2\"', '0:0:0:0:0:0:0:1', '2017-09-15 14:31:09');
INSERT INTO `sys_log` VALUES ('885', '', '', 'com.hxy.sys.controller.MenuController.info()', '\"8b1f46f8ba6e455790a515c32e0329c5\"', '0:0:0:0:0:0:0:1', '2017-09-15 14:31:19');
INSERT INTO `sys_log` VALUES ('886', '', '', 'com.hxy.sys.controller.MenuController.info()', '\"bb5bc94a71a546aba5d9f813b6a352bb\"', '0:0:0:0:0:0:0:1', '2017-09-15 14:31:20');
INSERT INTO `sys_log` VALUES ('887', '', '', 'com.hxy.sys.controller.MenuController.info()', '\"80030434d10548968beaaeed79c3408b\"', '0:0:0:0:0:0:0:1', '2017-09-15 14:31:22');
INSERT INTO `sys_log` VALUES ('888', '', '', 'com.hxy.sys.controller.MenuController.info()', '\"7cec2d46083c47bba323436cb409693f\"', '0:0:0:0:0:0:0:1', '2017-09-15 14:31:23');
INSERT INTO `sys_log` VALUES ('889', '', '', 'com.hxy.sys.controller.MenuController.info()', '\"bb5bc94a71a546aba5d9f813b6a352bb\"', '0:0:0:0:0:0:0:1', '2017-09-15 14:31:25');
INSERT INTO `sys_log` VALUES ('890', '', '', 'com.hxy.sys.controller.MenuController.update()', '{\"createId\":\"026a564bbfd84861ac4b65393644beef\",\"createTime\":1505449409000,\"id\":\"bb5bc94a71a546aba5d9f813b6a352bb\",\"name\":\"\",\"open\":\"false\",\"parentId\":\"8b1f46f8ba6e455790a515c32e0329c5\",\"parentName\":\"\",\"permission\":\"sys:user:reset\",\"sort\":1,\"status\":\"1\",\"type\":\"2\",\"updateId\":\"026a564bbfd84861ac4b65393644beef\",\"updateTime\":1498728815000,\"url\":\"\"}', '0:0:0:0:0:0:0:1', '2017-09-15 14:31:32');
INSERT INTO `sys_log` VALUES ('891', '', '', 'com.hxy.sys.controller.RoleController.list()', '{\"nd\":\"1505457294869\",\"limit\":\"10\",\"page\":\"1\",\"_search\":\"false\",\"sidx\":\"\",\"order\":\"asc\",\"_\":\"1505457294748\"}', '0:0:0:0:0:0:0:1', '2017-09-15 14:34:55');
INSERT INTO `sys_log` VALUES ('892', '', '', 'com.hxy.sys.controller.UserController.list()', '{\"nd\":\"1505457330018\",\"limit\":\"10\",\"page\":\"1\",\"_search\":\"false\",\"sidx\":\"\",\"order\":\"asc\",\"_\":\"1505457329834\"}', '0:0:0:0:0:0:0:1', '2017-09-15 14:35:30');
INSERT INTO `sys_log` VALUES ('893', '', '', 'com.hxy.sys.controller.RoleController.list()', '{\"nd\":\"1505457335076\",\"limit\":\"10\",\"page\":\"1\",\"_search\":\"false\",\"sidx\":\"\",\"order\":\"asc\",\"_\":\"1505457334952\"}', '0:0:0:0:0:0:0:1', '2017-09-15 14:35:35');
INSERT INTO `sys_log` VALUES ('894', '', '', 'com.hxy.sys.controller.UserController.enabled()', '[\"98df0e92788c416a9fb983e89a8d01ce\"]', '0:0:0:0:0:0:0:1', '2017-09-15 14:35:40');
INSERT INTO `sys_log` VALUES ('895', '', '', 'com.hxy.sys.controller.UserController.list()', '{\"nd\":\"1505457341402\",\"limit\":\"10\",\"page\":\"1\",\"userName\":\"\",\"_search\":\"false\",\"sidx\":\"\",\"order\":\"asc\",\"_\":\"1505457329835\"}', '0:0:0:0:0:0:0:1', '2017-09-15 14:35:41');
INSERT INTO `sys_log` VALUES ('896', '', '', 'com.hxy.sys.controller.LoginController.logOut()', null, '0:0:0:0:0:0:0:1', '2017-09-15 14:35:43');
INSERT INTO `sys_log` VALUES ('897', '', '', 'com.hxy.sys.controller.UserController.updatePassword()', '{\"newPassWord\":\"a\",\"passWord\":\"hxy\"}', '0:0:0:0:0:0:0:1', '2017-09-15 14:35:56');
INSERT INTO `sys_log` VALUES ('898', '', '', 'com.hxy.sys.controller.LoginController.logOut()', null, '0:0:0:0:0:0:0:1', '2017-09-15 14:36:29');
INSERT INTO `sys_log` VALUES ('899', '', '', 'com.hxy.sys.controller.RoleController.list()', '{\"nd\":\"1505457396450\",\"limit\":\"10\",\"page\":\"1\",\"_search\":\"false\",\"sidx\":\"\",\"order\":\"asc\",\"_\":\"1505457396338\"}', '0:0:0:0:0:0:0:1', '2017-09-15 14:36:36');
INSERT INTO `sys_log` VALUES ('900', '', '', 'com.hxy.sys.controller.UserController.list()', '{\"nd\":\"1505457400683\",\"limit\":\"10\",\"page\":\"1\",\"_search\":\"false\",\"sidx\":\"\",\"order\":\"asc\",\"_\":\"1505457400546\"}', '0:0:0:0:0:0:0:1', '2017-09-15 14:36:41');
INSERT INTO `sys_log` VALUES ('901', '', '', 'com.hxy.sys.controller.OrganController.info()', '\"ff6d5335b1c7456e9a2e7734062820b2\"', '0:0:0:0:0:0:0:1', '2017-09-15 14:36:50');
INSERT INTO `sys_log` VALUES ('902', '', '', 'com.hxy.sys.controller.OrganController.info()', '\"7180f5a0c3624f4bb6fb758ab2c3bda6\"', '0:0:0:0:0:0:0:1', '2017-09-15 14:36:51');
INSERT INTO `sys_log` VALUES ('903', '', '', 'com.hxy.sys.controller.RoleController.list()', '{\"nd\":\"1505457634197\",\"limit\":\"10\",\"page\":\"1\",\"_search\":\"false\",\"sidx\":\"\",\"order\":\"asc\",\"_\":\"1505457634048\"}', '0:0:0:0:0:0:0:1', '2017-09-15 14:40:34');
INSERT INTO `sys_log` VALUES ('904', '', '', 'com.hxy.sys.controller.UserController.list()', '{\"nd\":\"1505457635637\",\"limit\":\"10\",\"page\":\"1\",\"_search\":\"false\",\"sidx\":\"\",\"order\":\"asc\",\"_\":\"1505457635505\"}', '0:0:0:0:0:0:0:1', '2017-09-15 14:40:36');
INSERT INTO `sys_log` VALUES ('905', '', '', 'com.hxy.sys.controller.RoleController.info()', '\"695a97ae34b94d57899833a3ebcd656a\"', '0:0:0:0:0:0:0:1', '2017-09-15 14:40:43');
INSERT INTO `sys_log` VALUES ('906', '', '', 'com.hxy.sys.controller.RoleController.list()', '{\"nd\":\"1505457700986\",\"limit\":\"10\",\"page\":\"1\",\"_search\":\"false\",\"sidx\":\"\",\"order\":\"asc\",\"_\":\"1505457700851\"}', '0:0:0:0:0:0:0:1', '2017-09-15 14:41:41');
INSERT INTO `sys_log` VALUES ('907', '', '', 'com.hxy.sys.controller.UserController.list()', '{\"nd\":\"1505457705735\",\"limit\":\"10\",\"page\":\"1\",\"_search\":\"false\",\"sidx\":\"\",\"order\":\"asc\",\"_\":\"1505457705595\"}', '0:0:0:0:0:0:0:1', '2017-09-15 14:41:46');
INSERT INTO `sys_log` VALUES ('908', '', '', 'com.hxy.sys.controller.UserController.info()', '\"98df0e92788c416a9fb983e89a8d01ce\"', '0:0:0:0:0:0:0:1', '2017-09-15 14:41:48');
INSERT INTO `sys_log` VALUES ('909', '', '', 'com.hxy.sys.controller.UserController.list()', '{\"nd\":\"1505457715641\",\"limit\":\"10\",\"page\":\"1\",\"userName\":\"\",\"_search\":\"false\",\"sidx\":\"\",\"order\":\"asc\",\"_\":\"1505457705598\"}', '0:0:0:0:0:0:0:1', '2017-09-15 14:41:56');
INSERT INTO `sys_log` VALUES ('910', '', '', 'com.hxy.sys.controller.OrganController.info()', '\"7180f5a0c3624f4bb6fb758ab2c3bda6\"', '0:0:0:0:0:0:0:1', '2017-09-15 14:42:09');
INSERT INTO `sys_log` VALUES ('911', '', '', 'com.hxy.sys.controller.OrganController.info()', '\"7180f5a0c3624f4bb6fb758ab2c3bda6\"', '0:0:0:0:0:0:0:1', '2017-09-15 14:42:13');
INSERT INTO `sys_log` VALUES ('912', '', '', 'com.hxy.sys.controller.UserController.save()', '{\"baName\":\"IT\",\"baid\":\"0eec919538bd4cd7bf3b1aebd54808f5\",\"loginName\":\"xm\",\"passWord\":\"a\",\"phone\":\"1522\",\"roleIdList\":[\"695a97ae34b94d57899833a3ebcd656a\"],\"status\":\"\",\"userName\":\"\"}', '0:0:0:0:0:0:0:1', '2017-09-15 14:43:25');
INSERT INTO `sys_log` VALUES ('913', '', '', 'com.hxy.sys.controller.UserController.list()', '{\"nd\":\"1505457807265\",\"limit\":\"10\",\"page\":\"1\",\"userName\":\"\",\"_search\":\"false\",\"sidx\":\"\",\"order\":\"asc\",\"_\":\"1505457705600\"}', '0:0:0:0:0:0:0:1', '2017-09-15 14:43:27');
INSERT INTO `sys_log` VALUES ('914', '', '', 'com.hxy.sys.controller.OrganController.info()', '\"7180f5a0c3624f4bb6fb758ab2c3bda6\"', '0:0:0:0:0:0:0:1', '2017-09-15 14:43:40');
INSERT INTO `sys_log` VALUES ('915', '', '', 'com.hxy.sys.controller.OrganController.update()', '{\"bapid\":\"0\",\"code\":\"001\",\"createId\":\"026a564bbfd84861ac4b65393644beef\",\"createTime\":1502853943000,\"id\":\"7180f5a0c3624f4bb6fb758ab2c3bda6\",\"isDel\":\"1\",\"name\":\"\",\"open\":\"true\",\"parentId\":\"ff6d5335b1c7456e9a2e7734062820b2\",\"remark\":\"\",\"sort\":\"1\",\"sysmark\":\"ff6d5335b1c7456e9a2e7734062820b2\",\"type\":\"1\",\"updateId\":\"026a564bbfd84861ac4b65393644beef\",\"updateTime\":1504492212000}', '0:0:0:0:0:0:0:1', '2017-09-15 14:43:47');
INSERT INTO `sys_log` VALUES ('916', '', '', 'com.hxy.sys.controller.OrganController.info()', '\"7180f5a0c3624f4bb6fb758ab2c3bda6\"', '0:0:0:0:0:0:0:1', '2017-09-15 14:43:52');
INSERT INTO `sys_log` VALUES ('917', '', '', 'com.hxy.sys.controller.LoginController.logOut()', null, '0:0:0:0:0:0:0:1', '2017-09-15 14:43:55');
INSERT INTO `sys_log` VALUES ('918', '', '', 'com.hxy.sys.controller.LoginController.logOut()', null, '0:0:0:0:0:0:0:1', '2017-09-15 14:44:07');
INSERT INTO `sys_log` VALUES ('919', '', '', 'com.hxy.sys.controller.LoginController.logOut()', null, '0:0:0:0:0:0:0:1', '2017-09-15 14:44:12');
INSERT INTO `sys_log` VALUES ('920', '', '', 'com.hxy.sys.controller.RoleController.list()', '{\"nd\":\"1505457859903\",\"limit\":\"10\",\"page\":\"1\",\"_search\":\"false\",\"sidx\":\"\",\"order\":\"asc\",\"_\":\"1505457859786\"}', '0:0:0:0:0:0:0:1', '2017-09-15 14:44:20');
INSERT INTO `sys_log` VALUES ('921', '', '', 'com.hxy.sys.controller.UserController.list()', '{\"nd\":\"1505457861692\",\"limit\":\"10\",\"page\":\"1\",\"_search\":\"false\",\"sidx\":\"\",\"order\":\"asc\",\"_\":\"1505457861548\"}', '0:0:0:0:0:0:0:1', '2017-09-15 14:44:22');
INSERT INTO `sys_log` VALUES ('922', '', '', 'com.hxy.sys.controller.UserController.info()', '\"f68afc12a1924deaa2051154fe0efecc\"', '0:0:0:0:0:0:0:1', '2017-09-15 14:44:24');
INSERT INTO `sys_log` VALUES ('923', '', '', 'com.hxy.sys.controller.UserController.update()', '{\"baName\":\"\",\"baid\":\"4ec329625a1047ea87a8dfe8dd0750d1\",\"bapid\":\"a694d140b8e44eb2baa5f26435c6a7f8\",\"createId\":\"026a564bbfd84861ac4b65393644beef\",\"createTime\":1505457805000,\"id\":\"f68afc12a1924deaa2051154fe0efecc\",\"loginName\":\"xm\",\"passWord\":\"\",\"phone\":\"1522\",\"roleIdList\":[\"695a97ae34b94d57899833a3ebcd656a\",\"0c3245b565c84f639ab9e05a6d1eedfd\"],\"status\":\"\",\"userName\":\"\"}', '0:0:0:0:0:0:0:1', '2017-09-15 14:44:26');
INSERT INTO `sys_log` VALUES ('924', '', '', 'com.hxy.sys.controller.UserController.list()', '{\"nd\":\"1505457868203\",\"limit\":\"10\",\"page\":\"1\",\"userName\":\"\",\"_search\":\"false\",\"sidx\":\"\",\"order\":\"asc\",\"_\":\"1505457861551\"}', '0:0:0:0:0:0:0:1', '2017-09-15 14:44:28');
INSERT INTO `sys_log` VALUES ('925', '', '', 'com.hxy.sys.controller.LoginController.logOut()', null, '0:0:0:0:0:0:0:1', '2017-09-15 14:44:29');
INSERT INTO `sys_log` VALUES ('926', '', '', 'com.hxy.sys.controller.LoginController.logOut()', null, '0:0:0:0:0:0:0:1', '2017-09-15 14:44:46');
INSERT INTO `sys_log` VALUES ('927', '', '', 'com.hxy.sys.controller.LoginController.logOut()', null, '0:0:0:0:0:0:0:1', '2017-09-15 14:45:02');
INSERT INTO `sys_log` VALUES ('928', '', '', 'com.hxy.sys.controller.UserController.list()', '{\"nd\":\"1505457910222\",\"limit\":\"10\",\"page\":\"1\",\"_search\":\"false\",\"sidx\":\"\",\"order\":\"asc\",\"_\":\"1505457910101\"}', '0:0:0:0:0:0:0:1', '2017-09-15 14:45:10');
INSERT INTO `sys_log` VALUES ('929', '', '', 'com.hxy.sys.controller.RoleController.list()', '{\"nd\":\"1505457911580\",\"limit\":\"10\",\"page\":\"1\",\"_search\":\"false\",\"sidx\":\"\",\"order\":\"asc\",\"_\":\"1505457911449\"}', '0:0:0:0:0:0:0:1', '2017-09-15 14:45:12');
INSERT INTO `sys_log` VALUES ('930', '', '', 'com.hxy.sys.controller.RoleController.info()', '\"0c3245b565c84f639ab9e05a6d1eedfd\"', '0:0:0:0:0:0:0:1', '2017-09-15 14:45:14');
INSERT INTO `sys_log` VALUES ('931', '', '', 'com.hxy.sys.controller.RoleController.update()', '{\"createId\":\"026a564bbfd84861ac4b65393644beef\",\"createTime\":1502862681000,\"id\":\"0c3245b565c84f639ab9e05a6d1eedfd\",\"menuIdList\":[\"0\",\"1\",\"1515daa136ba41f783e82318f851d343\",\"1f936af47d064ab4989aadf6373e6502\",\"4e053e35bfed492fa6248e4888addd67\",\"90ca98befe9f4a67a07d5ab5fb2f3de3\",\"c799ed2f2b1945ee875734b658cbbf10\",\"2\",\"4\",\"6\",\"7\",\"f4f6af97585d401f918afedd3ca223e9\",\"4565ee01959c478d96c4071d3bb2a36f\",\"690b7470fe394a6a8d9d0fa1340f18dc\",\"f4d418f7f9174338acc595151daa020f\",\"f7a850cb503c4b2cb5dc27081aca3325\",\"0c7df2638a464cd5b165547e07dd5409\",\"cefab951f1474646b9419828db47c362\",\"f8524c36e2584ff5a2e374c3727c39c5\",\"f161e717976340e89c68b93abb87419d\",\"1eabb55ae2fa4f5e890c7739c1678e44\",\"0c410538dff54d35a1e19c7524c20e47\",\"695388220b704cdaa72539c5f82fb254\",\"1e7867f5ef3748bbaa2060b0192b8ff0\",\"0e6213b719bd424a9c794ee87f64333e\",\"fdd70e08ae994de18009bc95f4f51fff\",\"feb235067fd7400090b0aa5451e4a5a4\",\"9e8dc02fe5614580bdf5f6ca9a852b70\",\"ce4a2b7afad24616abd283f4741fe3e0\",\"39cb0308a7fc4f7fb6c49440224ac2a4\",\"9d22510a1b1a40459619c5b2fdddfdc2\",\"c898d73ff1fb49dc89909ed13452103a\",\"8b1f46f8ba6e455790a515c32e0329c5\",\"15d2074a502f443cb760f613a40df598\",\"62bdcab5fe5f4e5fa7ab79fcd8cb47c4\",\"7cec2d46083c47bba323436cb409693f\",\"80030434d10548968beaaeed79c3408b\",\"bb5bc94a71a546aba5d9f813b6a352bb\",\"b7ab517a15b74dea812ee7ef32847a48\",\"14c58e44d6754c92806e1b97614c49b9\",\"e700f061dae448e58cd81a68e17b3439\",\"bbe03cab3b4a45c2a4dd972c80ef4224\",\"a73be9e0371848e18135652f632a117f\",\"9181aafab10044d99267598e54f0057b\",\"bc82a59fa9034622a66e13fd830def06\",\"624b686dd7884be48f41fcb6bf86c272\",\"8ae83f604d394671ae78d763c3f41ded\",\"866aa98844be494bbe669d29a76aff7b\",\"486185f7ab6243789d4ff354825c6127\",\"8e640845e7c84d5e99fbb0452c6d6dae\"],\"name\":\"\",\"organIdList\":[],\"remark\":\"\",\"status\":\"0\",\"updateTime\":1504492592000}', '0:0:0:0:0:0:0:1', '2017-09-15 14:45:20');
INSERT INTO `sys_log` VALUES ('932', '', '', 'com.hxy.sys.controller.RoleController.list()', '{\"nd\":\"1505457921528\",\"limit\":\"10\",\"name\":\"\",\"page\":\"1\",\"_search\":\"false\",\"sidx\":\"\",\"order\":\"asc\",\"_\":\"1505457911453\"}', '0:0:0:0:0:0:0:1', '2017-09-15 14:45:22');
INSERT INTO `sys_log` VALUES ('933', '', '', 'com.hxy.sys.controller.RoleController.info()', '\"0c3245b565c84f639ab9e05a6d1eedfd\"', '0:0:0:0:0:0:0:1', '2017-09-15 14:45:26');
INSERT INTO `sys_log` VALUES ('934', '', '', 'com.hxy.sys.controller.RoleController.update()', '{\"createId\":\"026a564bbfd84861ac4b65393644beef\",\"createTime\":1502862681000,\"id\":\"0c3245b565c84f639ab9e05a6d1eedfd\",\"menuIdList\":[\"0\",\"feb235067fd7400090b0aa5451e4a5a4\",\"9e8dc02fe5614580bdf5f6ca9a852b70\",\"ce4a2b7afad24616abd283f4741fe3e0\",\"39cb0308a7fc4f7fb6c49440224ac2a4\",\"9d22510a1b1a40459619c5b2fdddfdc2\",\"c898d73ff1fb49dc89909ed13452103a\",\"8b1f46f8ba6e455790a515c32e0329c5\",\"15d2074a502f443cb760f613a40df598\",\"62bdcab5fe5f4e5fa7ab79fcd8cb47c4\",\"7cec2d46083c47bba323436cb409693f\",\"80030434d10548968beaaeed79c3408b\",\"bb5bc94a71a546aba5d9f813b6a352bb\",\"b7ab517a15b74dea812ee7ef32847a48\",\"14c58e44d6754c92806e1b97614c49b9\"],\"name\":\"\",\"organIdList\":[],\"remark\":\"\",\"status\":\"0\",\"updateTime\":1505457920000}', '0:0:0:0:0:0:0:1', '2017-09-15 14:45:37');
INSERT INTO `sys_log` VALUES ('935', '', '', 'com.hxy.sys.controller.RoleController.list()', '{\"nd\":\"1505457938932\",\"limit\":\"10\",\"name\":\"\",\"page\":\"1\",\"_search\":\"false\",\"sidx\":\"\",\"order\":\"asc\",\"_\":\"1505457911457\"}', '0:0:0:0:0:0:0:1', '2017-09-15 14:45:39');
INSERT INTO `sys_log` VALUES ('936', '', '', 'com.hxy.sys.controller.LoginController.logOut()', null, '0:0:0:0:0:0:0:1', '2017-09-15 14:45:40');
INSERT INTO `sys_log` VALUES ('937', '', '', 'com.hxy.sys.controller.RoleController.list()', '{\"nd\":\"1505457948780\",\"limit\":\"10\",\"page\":\"1\",\"_search\":\"false\",\"sidx\":\"\",\"order\":\"asc\",\"_\":\"1505457948641\"}', '0:0:0:0:0:0:0:1', '2017-09-15 14:45:49');
INSERT INTO `sys_log` VALUES ('938', '', '', 'com.hxy.sys.controller.UserController.list()', '{\"nd\":\"1505457950172\",\"limit\":\"10\",\"page\":\"1\",\"_search\":\"false\",\"sidx\":\"\",\"order\":\"asc\",\"_\":\"1505457950041\"}', '0:0:0:0:0:0:0:1', '2017-09-15 14:45:50');
INSERT INTO `sys_log` VALUES ('939', '', '', 'com.hxy.sys.controller.LoginController.logOut()', null, '0:0:0:0:0:0:0:1', '2017-09-15 14:45:56');
INSERT INTO `sys_log` VALUES ('940', '', '', 'com.hxy.sys.controller.RoleController.list()', '{\"nd\":\"1505457962785\",\"limit\":\"10\",\"page\":\"1\",\"_search\":\"false\",\"sidx\":\"\",\"order\":\"asc\",\"_\":\"1505457962664\"}', '0:0:0:0:0:0:0:1', '2017-09-15 14:46:03');
INSERT INTO `sys_log` VALUES ('941', '', '', 'com.hxy.sys.controller.UserController.list()', '{\"nd\":\"1505457966481\",\"limit\":\"10\",\"page\":\"1\",\"_search\":\"false\",\"sidx\":\"\",\"order\":\"asc\",\"_\":\"1505457966358\"}', '0:0:0:0:0:0:0:1', '2017-09-15 14:46:06');
INSERT INTO `sys_log` VALUES ('942', '', '', 'com.hxy.sys.controller.UserController.info()', '\"98df0e92788c416a9fb983e89a8d01ce\"', '0:0:0:0:0:0:0:1', '2017-09-15 14:46:10');
INSERT INTO `sys_log` VALUES ('943', '', '', 'com.hxy.sys.controller.UserController.list()', '{\"nd\":\"1505457971178\",\"limit\":\"10\",\"page\":\"1\",\"userName\":\"\",\"_search\":\"false\",\"sidx\":\"\",\"order\":\"asc\",\"_\":\"1505457966361\"}', '0:0:0:0:0:0:0:1', '2017-09-15 14:46:11');
INSERT INTO `sys_log` VALUES ('944', '', '', 'com.hxy.sys.controller.RoleController.info()', '\"0c3245b565c84f639ab9e05a6d1eedfd\"', '0:0:0:0:0:0:0:1', '2017-09-15 14:46:16');
INSERT INTO `sys_log` VALUES ('945', '', '', 'com.hxy.sys.controller.LoginController.logOut()', null, '0:0:0:0:0:0:0:1', '2017-09-15 14:46:28');
INSERT INTO `sys_log` VALUES ('946', '', '', 'com.hxy.sys.controller.RoleController.list()', '{\"nd\":\"1505457998561\",\"limit\":\"10\",\"page\":\"1\",\"_search\":\"false\",\"sidx\":\"\",\"order\":\"asc\",\"_\":\"1505457998422\"}', '0:0:0:0:0:0:0:1', '2017-09-15 14:46:39');
INSERT INTO `sys_log` VALUES ('947', '', '', 'com.hxy.sys.controller.UserController.list()', '{\"nd\":\"1505457999326\",\"limit\":\"10\",\"page\":\"1\",\"_search\":\"false\",\"sidx\":\"\",\"order\":\"asc\",\"_\":\"1505457999196\"}', '0:0:0:0:0:0:0:1', '2017-09-15 14:46:39');
INSERT INTO `sys_log` VALUES ('948', '', '', 'com.hxy.sys.controller.RoleController.info()', '\"0c3245b565c84f639ab9e05a6d1eedfd\"', '0:0:0:0:0:0:0:1', '2017-09-15 14:46:47');
INSERT INTO `sys_log` VALUES ('949', '', '', 'com.hxy.sys.controller.RoleController.update()', '{\"createId\":\"026a564bbfd84861ac4b65393644beef\",\"createTime\":1502862681000,\"id\":\"0c3245b565c84f639ab9e05a6d1eedfd\",\"menuIdList\":[\"0\",\"feb235067fd7400090b0aa5451e4a5a4\",\"9e8dc02fe5614580bdf5f6ca9a852b70\",\"ce4a2b7afad24616abd283f4741fe3e0\",\"39cb0308a7fc4f7fb6c49440224ac2a4\",\"9d22510a1b1a40459619c5b2fdddfdc2\",\"c898d73ff1fb49dc89909ed13452103a\",\"8b1f46f8ba6e455790a515c32e0329c5\",\"15d2074a502f443cb760f613a40df598\",\"62bdcab5fe5f4e5fa7ab79fcd8cb47c4\",\"7cec2d46083c47bba323436cb409693f\",\"80030434d10548968beaaeed79c3408b\",\"bb5bc94a71a546aba5d9f813b6a352bb\",\"b7ab517a15b74dea812ee7ef32847a48\",\"14c58e44d6754c92806e1b97614c49b9\",\"e700f061dae448e58cd81a68e17b3439\",\"bbe03cab3b4a45c2a4dd972c80ef4224\",\"a73be9e0371848e18135652f632a117f\",\"9181aafab10044d99267598e54f0057b\",\"bc82a59fa9034622a66e13fd830def06\",\"624b686dd7884be48f41fcb6bf86c272\"],\"name\":\"\",\"organIdList\":[],\"remark\":\"\",\"status\":\"0\",\"updateTime\":1505457937000}', '0:0:0:0:0:0:0:1', '2017-09-15 14:46:50');
INSERT INTO `sys_log` VALUES ('950', '', '', 'com.hxy.sys.controller.RoleController.list()', '{\"nd\":\"1505458011394\",\"limit\":\"10\",\"name\":\"\",\"page\":\"1\",\"_search\":\"false\",\"sidx\":\"\",\"order\":\"asc\",\"_\":\"1505457998426\"}', '0:0:0:0:0:0:0:1', '2017-09-15 14:46:51');
INSERT INTO `sys_log` VALUES ('951', '', '', 'com.hxy.sys.controller.LoginController.logOut()', null, '0:0:0:0:0:0:0:1', '2017-09-15 14:46:52');
INSERT INTO `sys_log` VALUES ('952', '', '', 'com.hxy.sys.controller.RoleController.list()', '{\"nd\":\"1505458033232\",\"limit\":\"10\",\"page\":\"1\",\"_search\":\"false\",\"sidx\":\"\",\"order\":\"asc\",\"_\":\"1505458033103\"}', '0:0:0:0:0:0:0:1', '2017-09-15 14:47:13');
INSERT INTO `sys_log` VALUES ('953', '', '', 'com.hxy.sys.controller.UserController.list()', '{\"nd\":\"1505458035218\",\"limit\":\"10\",\"page\":\"1\",\"_search\":\"false\",\"sidx\":\"\",\"order\":\"asc\",\"_\":\"1505458035093\"}', '0:0:0:0:0:0:0:1', '2017-09-15 14:47:15');
INSERT INTO `sys_log` VALUES ('954', '', '', 'com.hxy.sys.controller.RoleController.info()', '\"695a97ae34b94d57899833a3ebcd656a\"', '0:0:0:0:0:0:0:1', '2017-09-15 14:47:39');
INSERT INTO `sys_log` VALUES ('955', '', '', 'com.hxy.sys.controller.RoleController.update()', '{\"createId\":\"026a564bbfd84861ac4b65393644beef\",\"createTime\":1500522582000,\"id\":\"695a97ae34b94d57899833a3ebcd656a\",\"menuIdList\":[\"0\",\"e700f061dae448e58cd81a68e17b3439\",\"bbe03cab3b4a45c2a4dd972c80ef4224\",\"a73be9e0371848e18135652f632a117f\",\"9181aafab10044d99267598e54f0057b\",\"bc82a59fa9034622a66e13fd830def06\",\"624b686dd7884be48f41fcb6bf86c272\"],\"name\":\"\",\"organIdList\":[\"7180f5a0c3624f4bb6fb758ab2c3bda6\",\"0eec919538bd4cd7bf3b1aebd54808f5\",\"40ffec9b300c431e890c17beccf8e65c\"],\"remark\":\"\",\"status\":\"-1\",\"updateTime\":1504788564000}', '0:0:0:0:0:0:0:1', '2017-09-15 14:47:48');
INSERT INTO `sys_log` VALUES ('956', '', '', 'com.hxy.sys.controller.RoleController.list()', '{\"nd\":\"1505458070203\",\"limit\":\"10\",\"name\":\"\",\"page\":\"1\",\"_search\":\"false\",\"sidx\":\"\",\"order\":\"asc\",\"_\":\"1505458033107\"}', '0:0:0:0:0:0:0:1', '2017-09-15 14:47:50');
INSERT INTO `sys_log` VALUES ('957', '', '', 'com.hxy.sys.controller.LoginController.logOut()', null, '0:0:0:0:0:0:0:1', '2017-09-15 14:47:51');
INSERT INTO `sys_log` VALUES ('958', '', '', 'com.hxy.sys.controller.LoginController.logOut()', null, '0:0:0:0:0:0:0:1', '2017-09-15 14:48:11');
INSERT INTO `sys_log` VALUES ('959', '', '', 'com.hxy.sys.controller.RoleController.list()', '{\"nd\":\"1505458102168\",\"limit\":\"10\",\"page\":\"1\",\"_search\":\"false\",\"sidx\":\"\",\"order\":\"asc\",\"_\":\"1505458102021\"}', '0:0:0:0:0:0:0:1', '2017-09-15 14:48:22');
INSERT INTO `sys_log` VALUES ('960', '', '', 'com.hxy.sys.controller.UserController.list()', '{\"nd\":\"1505458104509\",\"limit\":\"10\",\"page\":\"1\",\"_search\":\"false\",\"sidx\":\"\",\"order\":\"asc\",\"_\":\"1505458104382\"}', '0:0:0:0:0:0:0:1', '2017-09-15 14:48:25');
INSERT INTO `sys_log` VALUES ('961', '', '', 'com.hxy.sys.controller.RoleController.info()', '\"695a97ae34b94d57899833a3ebcd656a\"', '0:0:0:0:0:0:0:1', '2017-09-15 14:48:32');
INSERT INTO `sys_log` VALUES ('962', '', '', 'com.hxy.sys.controller.RoleController.update()', '{\"createId\":\"026a564bbfd84861ac4b65393644beef\",\"createTime\":1500522582000,\"id\":\"695a97ae34b94d57899833a3ebcd656a\",\"menuIdList\":[\"0\",\"e700f061dae448e58cd81a68e17b3439\",\"bbe03cab3b4a45c2a4dd972c80ef4224\",\"a73be9e0371848e18135652f632a117f\",\"9181aafab10044d99267598e54f0057b\",\"bc82a59fa9034622a66e13fd830def06\",\"624b686dd7884be48f41fcb6bf86c272\"],\"name\":\"\",\"organIdList\":[\"7180f5a0c3624f4bb6fb758ab2c3bda6\",\"0eec919538bd4cd7bf3b1aebd54808f5\",\"40ffec9b300c431e890c17beccf8e65c\"],\"remark\":\"\",\"status\":\"-1\",\"updateTime\":1505458068000}', '0:0:0:0:0:0:0:1', '2017-09-15 14:48:49');
INSERT INTO `sys_log` VALUES ('963', '', '', 'com.hxy.sys.controller.RoleController.list()', '{\"nd\":\"1505458130510\",\"limit\":\"10\",\"name\":\"\",\"page\":\"1\",\"_search\":\"false\",\"sidx\":\"\",\"order\":\"asc\",\"_\":\"1505458102025\"}', '0:0:0:0:0:0:0:1', '2017-09-15 14:48:51');
INSERT INTO `sys_log` VALUES ('964', '', '', 'com.hxy.sys.controller.UserController.info()', '\"98df0e92788c416a9fb983e89a8d01ce\"', '0:0:0:0:0:0:0:1', '2017-09-15 14:49:02');
INSERT INTO `sys_log` VALUES ('965', '', '', 'com.hxy.sys.controller.UserController.update()', '{\"baName\":\"\",\"baid\":\"4ec329625a1047ea87a8dfe8dd0750d1\",\"bapid\":\"a694d140b8e44eb2baa5f26435c6a7f8\",\"createId\":\"026a564bbfd84861ac4b65393644beef\",\"createTime\":1505444652000,\"id\":\"98df0e92788c416a9fb983e89a8d01ce\",\"loginName\":\"xw\",\"passWord\":\"\",\"phone\":\"324\",\"roleIdList\":[\"695a97ae34b94d57899833a3ebcd656a\",\"0c3245b565c84f639ab9e05a6d1eedfd\"],\"status\":\"0\",\"updateId\":\"026a564bbfd84861ac4b65393644beef\",\"updateTime\":1505446759000,\"userName\":\"\"}', '0:0:0:0:0:0:0:1', '2017-09-15 14:49:05');
INSERT INTO `sys_log` VALUES ('966', '', '', 'com.hxy.sys.controller.UserController.list()', '{\"nd\":\"1505458147315\",\"limit\":\"10\",\"page\":\"1\",\"userName\":\"\",\"_search\":\"false\",\"sidx\":\"\",\"order\":\"asc\",\"_\":\"1505458104385\"}', '0:0:0:0:0:0:0:1', '2017-09-15 14:49:07');
INSERT INTO `sys_log` VALUES ('967', '', '', 'com.hxy.sys.controller.LoginController.logOut()', null, '0:0:0:0:0:0:0:1', '2017-09-15 14:49:08');
INSERT INTO `sys_log` VALUES ('968', '', '', 'com.hxy.sys.controller.RoleController.list()', '{\"nd\":\"1505458157968\",\"limit\":\"10\",\"page\":\"1\",\"_search\":\"false\",\"sidx\":\"\",\"order\":\"asc\",\"_\":\"1505458157854\"}', '0:0:0:0:0:0:0:1', '2017-09-15 14:49:18');
INSERT INTO `sys_log` VALUES ('969', '', '', 'com.hxy.sys.controller.RoleController.info()', '\"695a97ae34b94d57899833a3ebcd656a\"', '0:0:0:0:0:0:0:1', '2017-09-15 14:49:20');
INSERT INTO `sys_log` VALUES ('970', '', '', 'com.hxy.sys.controller.RoleController.list()', '{\"nd\":\"1505458163251\",\"limit\":\"10\",\"name\":\"\",\"page\":\"1\",\"_search\":\"false\",\"sidx\":\"\",\"order\":\"asc\",\"_\":\"1505458157858\"}', '0:0:0:0:0:0:0:1', '2017-09-15 14:49:23');
INSERT INTO `sys_log` VALUES ('971', '', '', 'com.hxy.sys.controller.RoleController.enabled()', '[\"695a97ae34b94d57899833a3ebcd656a\"]', '0:0:0:0:0:0:0:1', '2017-09-15 14:49:28');
INSERT INTO `sys_log` VALUES ('972', '', '', 'com.hxy.sys.controller.RoleController.list()', '{\"nd\":\"1505458169982\",\"limit\":\"10\",\"name\":\"\",\"page\":\"1\",\"_search\":\"false\",\"sidx\":\"\",\"order\":\"asc\",\"_\":\"1505458157859\"}', '0:0:0:0:0:0:0:1', '2017-09-15 14:49:30');
INSERT INTO `sys_log` VALUES ('973', '', '', 'com.hxy.sys.controller.LoginController.logOut()', null, '0:0:0:0:0:0:0:1', '2017-09-15 14:49:34');
INSERT INTO `sys_log` VALUES ('974', '', '', 'com.hxy.sys.controller.LoginController.logOut()', null, '0:0:0:0:0:0:0:1', '2017-09-15 14:49:41');
INSERT INTO `sys_log` VALUES ('975', '', '', 'com.hxy.sys.controller.RoleController.list()', '{\"nd\":\"1505458195801\",\"limit\":\"10\",\"page\":\"1\",\"_search\":\"false\",\"sidx\":\"\",\"order\":\"asc\",\"_\":\"1505458195429\"}', '0:0:0:0:0:0:0:1', '2017-09-15 14:49:56');
INSERT INTO `sys_log` VALUES ('976', '', '', 'com.hxy.sys.controller.RoleController.info()', '\"695a97ae34b94d57899833a3ebcd656a\"', '0:0:0:0:0:0:0:1', '2017-09-15 14:49:59');
INSERT INTO `sys_log` VALUES ('977', '', '', 'com.hxy.sys.controller.RoleController.list()', '{\"nd\":\"1505458203698\",\"limit\":\"10\",\"name\":\"\",\"page\":\"1\",\"_search\":\"false\",\"sidx\":\"\",\"order\":\"asc\",\"_\":\"1505458195433\"}', '0:0:0:0:0:0:0:1', '2017-09-15 14:50:04');
INSERT INTO `sys_log` VALUES ('978', '', '', 'com.hxy.sys.controller.LoginController.logOut()', null, '0:0:0:0:0:0:0:1', '2017-09-15 14:51:10');
INSERT INTO `sys_log` VALUES ('979', '', '', 'com.hxy.sys.controller.RoleController.list()', '{\"nd\":\"1505458295074\",\"limit\":\"10\",\"page\":\"1\",\"_search\":\"false\",\"sidx\":\"\",\"order\":\"asc\",\"_\":\"1505458294934\"}', '0:0:0:0:0:0:0:1', '2017-09-15 14:51:35');
INSERT INTO `sys_log` VALUES ('980', '', '', 'com.hxy.sys.controller.UserController.list()', '{\"nd\":\"1505458306250\",\"limit\":\"10\",\"page\":\"1\",\"_search\":\"false\",\"sidx\":\"\",\"order\":\"asc\",\"_\":\"1505458306128\"}', '0:0:0:0:0:0:0:1', '2017-09-15 14:51:46');
INSERT INTO `sys_log` VALUES ('981', '', '', 'com.hxy.sys.controller.UserController.info()', '\"f68afc12a1924deaa2051154fe0efecc\"', '0:0:0:0:0:0:0:1', '2017-09-15 14:51:50');
INSERT INTO `sys_log` VALUES ('982', '', '', 'com.hxy.sys.controller.UserController.update()', '{\"baName\":\"IT\",\"baid\":\"0eec919538bd4cd7bf3b1aebd54808f5\",\"bapid\":\"a694d140b8e44eb2baa5f26435c6a7f8\",\"createId\":\"026a564bbfd84861ac4b65393644beef\",\"createTime\":1505457805000,\"id\":\"f68afc12a1924deaa2051154fe0efecc\",\"loginName\":\"xm\",\"passWord\":\"\",\"phone\":\"1522\",\"roleIdList\":[\"0c3245b565c84f639ab9e05a6d1eedfd\",\"695a97ae34b94d57899833a3ebcd656a\"],\"status\":\"\",\"updateId\":\"026a564bbfd84861ac4b65393644beef\",\"updateTime\":1505457866000,\"userName\":\"\"}', '0:0:0:0:0:0:0:1', '2017-09-15 14:51:57');
INSERT INTO `sys_log` VALUES ('983', '', '', 'com.hxy.sys.controller.UserController.list()', '{\"nd\":\"1505458318694\",\"limit\":\"10\",\"page\":\"1\",\"userName\":\"\",\"_search\":\"false\",\"sidx\":\"\",\"order\":\"asc\",\"_\":\"1505458306131\"}', '0:0:0:0:0:0:0:1', '2017-09-15 14:51:59');
INSERT INTO `sys_log` VALUES ('984', '', '', 'com.hxy.sys.controller.LoginController.logOut()', null, '0:0:0:0:0:0:0:1', '2017-09-15 14:51:59');
INSERT INTO `sys_log` VALUES ('985', '', '', 'com.hxy.sys.controller.LoginController.logOut()', null, '0:0:0:0:0:0:0:1', '2017-09-15 14:52:19');
INSERT INTO `sys_log` VALUES ('986', '', '', 'com.hxy.sys.controller.RoleController.list()', '{\"nd\":\"1505458354216\",\"limit\":\"10\",\"page\":\"1\",\"_search\":\"false\",\"sidx\":\"\",\"order\":\"asc\",\"_\":\"1505458354083\"}', '0:0:0:0:0:0:0:1', '2017-09-15 14:52:34');
INSERT INTO `sys_log` VALUES ('987', '', '', 'com.hxy.sys.controller.RoleController.enabled()', '[\"695a97ae34b94d57899833a3ebcd656a\"]', '0:0:0:0:0:0:0:1', '2017-09-15 14:52:38');
INSERT INTO `sys_log` VALUES ('988', '', '', 'com.hxy.sys.controller.RoleController.list()', '{\"nd\":\"1505458359492\",\"limit\":\"10\",\"name\":\"\",\"page\":\"1\",\"_search\":\"false\",\"sidx\":\"\",\"order\":\"asc\",\"_\":\"1505458354084\"}', '0:0:0:0:0:0:0:1', '2017-09-15 14:52:40');
INSERT INTO `sys_log` VALUES ('989', '', '', 'com.hxy.sys.controller.RoleController.delete()', '[\"695a97ae34b94d57899833a3ebcd656a\"]', '0:0:0:0:0:0:0:1', '2017-09-15 14:52:43');
INSERT INTO `sys_log` VALUES ('990', '', '', 'com.hxy.sys.controller.RoleController.list()', '{\"nd\":\"1505458364333\",\"limit\":\"10\",\"name\":\"\",\"page\":\"1\",\"_search\":\"false\",\"sidx\":\"\",\"order\":\"asc\",\"_\":\"1505458354085\"}', '0:0:0:0:0:0:0:1', '2017-09-15 14:52:44');
INSERT INTO `sys_log` VALUES ('991', '', '', 'com.hxy.sys.controller.LoginController.logOut()', null, '0:0:0:0:0:0:0:1', '2017-09-15 14:52:46');
INSERT INTO `sys_log` VALUES ('992', '', '', 'com.hxy.sys.controller.LoginController.logOut()', null, '0:0:0:0:0:0:0:1', '2017-09-15 14:52:52');
INSERT INTO `sys_log` VALUES ('993', '', '', 'com.hxy.sys.controller.LoginController.logOut()', null, '0:0:0:0:0:0:0:1', '2017-09-15 14:53:01');
INSERT INTO `sys_log` VALUES ('994', '', '', 'com.hxy.sys.controller.LoginController.logOut()', null, '0:0:0:0:0:0:0:1', '2017-09-15 14:54:11');
INSERT INTO `sys_log` VALUES ('995', '', '', 'com.hxy.sys.controller.LoginController.logOut()', null, '0:0:0:0:0:0:0:1', '2017-09-15 14:54:54');
INSERT INTO `sys_log` VALUES ('996', '', '', 'com.hxy.sys.controller.LoginController.logOut()', null, '0:0:0:0:0:0:0:1', '2017-09-15 14:57:02');
INSERT INTO `sys_log` VALUES ('997', '', '', 'com.hxy.sys.controller.RoleController.list()', '{\"nd\":\"1505458635705\",\"limit\":\"10\",\"page\":\"1\",\"_search\":\"false\",\"sidx\":\"\",\"order\":\"asc\",\"_\":\"1505458635579\"}', '0:0:0:0:0:0:0:1', '2017-09-15 14:57:16');
INSERT INTO `sys_log` VALUES ('998', '', '', 'com.hxy.sys.controller.RoleController.enabled()', '[\"695a97ae34b94d57899833a3ebcd656a\"]', '0:0:0:0:0:0:0:1', '2017-09-15 14:57:21');
INSERT INTO `sys_log` VALUES ('999', '', '', 'com.hxy.sys.controller.RoleController.list()', '{\"nd\":\"1505458642914\",\"limit\":\"10\",\"name\":\"\",\"page\":\"1\",\"_search\":\"false\",\"sidx\":\"\",\"order\":\"asc\",\"_\":\"1505458635580\"}', '0:0:0:0:0:0:0:1', '2017-09-15 14:57:23');
INSERT INTO `sys_log` VALUES ('1000', '', '', 'com.hxy.sys.controller.LoginController.logOut()', null, '0:0:0:0:0:0:0:1', '2017-09-15 14:57:24');
INSERT INTO `sys_log` VALUES ('1001', '', '', 'com.hxy.sys.controller.RoleController.list()', '{\"nd\":\"1505458654994\",\"limit\":\"10\",\"page\":\"1\",\"_search\":\"false\",\"sidx\":\"\",\"order\":\"asc\",\"_\":\"1505458654870\"}', '0:0:0:0:0:0:0:1', '2017-09-15 14:57:35');
INSERT INTO `sys_log` VALUES ('1002', '', '', 'com.hxy.sys.controller.RoleController.delete()', '[\"695a97ae34b94d57899833a3ebcd656a\"]', '0:0:0:0:0:0:0:1', '2017-09-15 14:57:38');
INSERT INTO `sys_log` VALUES ('1003', '', '', 'com.hxy.sys.controller.RoleController.list()', '{\"nd\":\"1505458659943\",\"limit\":\"10\",\"name\":\"\",\"page\":\"1\",\"_search\":\"false\",\"sidx\":\"\",\"order\":\"asc\",\"_\":\"1505458654871\"}', '0:0:0:0:0:0:0:1', '2017-09-15 14:57:40');
INSERT INTO `sys_log` VALUES ('1004', '', '', 'com.hxy.sys.controller.LoginController.logOut()', null, '0:0:0:0:0:0:0:1', '2017-09-15 14:57:49');
INSERT INTO `sys_log` VALUES ('1005', '', '', 'com.hxy.sys.controller.RoleController.list()', '{\"nd\":\"1505458693350\",\"limit\":\"10\",\"page\":\"1\",\"_search\":\"false\",\"sidx\":\"\",\"order\":\"asc\",\"_\":\"1505458693219\"}', '0:0:0:0:0:0:0:1', '2017-09-15 14:58:13');
INSERT INTO `sys_log` VALUES ('1006', '', '', 'com.hxy.sys.controller.RoleController.enabled()', '[\"695a97ae34b94d57899833a3ebcd656a\"]', '0:0:0:0:0:0:0:1', '2017-09-15 14:58:17');
INSERT INTO `sys_log` VALUES ('1007', '', '', 'com.hxy.sys.controller.RoleController.list()', '{\"nd\":\"1505458698981\",\"limit\":\"10\",\"name\":\"\",\"page\":\"1\",\"_search\":\"false\",\"sidx\":\"\",\"order\":\"asc\",\"_\":\"1505458693220\"}', '0:0:0:0:0:0:0:1', '2017-09-15 14:58:19');
INSERT INTO `sys_log` VALUES ('1008', '', '', 'com.hxy.sys.controller.RoleController.list()', '{\"nd\":\"1505458699535\",\"limit\":\"10\",\"page\":\"1\",\"_search\":\"false\",\"sidx\":\"\",\"order\":\"asc\",\"_\":\"1505458699400\"}', '0:0:0:0:0:0:0:1', '2017-09-15 14:58:20');
INSERT INTO `sys_log` VALUES ('1009', '', '', 'com.hxy.sys.controller.LoginController.logOut()', null, '0:0:0:0:0:0:0:1', '2017-09-15 14:58:20');
INSERT INTO `sys_log` VALUES ('1010', '', '', 'com.hxy.sys.controller.LoginController.logOut()', null, '0:0:0:0:0:0:0:1', '2017-09-15 14:58:32');
INSERT INTO `sys_log` VALUES ('1011', '', '', 'com.hxy.sys.controller.CodeController.codeTree()', null, '0:0:0:0:0:0:0:1', '2017-09-15 14:58:50');
INSERT INTO `sys_log` VALUES ('1012', '', '', 'com.hxy.sys.controller.MenuController.info()', '\"0\"', '0:0:0:0:0:0:0:1', '2017-09-15 14:58:53');
INSERT INTO `sys_log` VALUES ('1013', '', '', 'com.hxy.sys.controller.MenuController.info()', '\"feb235067fd7400090b0aa5451e4a5a4\"', '0:0:0:0:0:0:0:1', '2017-09-15 14:58:53');
INSERT INTO `sys_log` VALUES ('1014', '', '', 'com.hxy.sys.controller.SysOssController.config()', null, '0:0:0:0:0:0:0:1', '2017-09-15 14:58:55');
INSERT INTO `sys_log` VALUES ('1015', '', '', 'com.hxy.sys.controller.SysOssController.list()', '{\"nd\":\"1505458734702\",\"limit\":\"10\",\"page\":\"1\",\"_search\":\"false\",\"sidx\":\"\",\"order\":\"asc\",\"_\":\"1505458734571\"}', '0:0:0:0:0:0:0:1', '2017-09-15 14:58:55');
INSERT INTO `sys_log` VALUES ('1016', '', '', 'com.hxy.sys.controller.ScheduleJobController.list()', '{\"nd\":\"1505458735213\",\"limit\":\"10\",\"page\":\"1\",\"_search\":\"false\",\"sidx\":\"\",\"order\":\"asc\",\"_\":\"1505458735041\"}', '0:0:0:0:0:0:0:1', '2017-09-15 14:58:55');
INSERT INTO `sys_log` VALUES ('1017', '', '', 'com.hxy.sys.controller.SysConfigController.list()', '{\"nd\":\"1505458736674\",\"limit\":\"10\",\"page\":\"1\",\"_search\":\"false\",\"sidx\":\"\",\"order\":\"asc\",\"_\":\"1505458736551\"}', '0:0:0:0:0:0:0:1', '2017-09-15 14:58:57');
INSERT INTO `sys_log` VALUES ('1018', '', '', 'com.hxy.sys.controller.SysOssController.config()', null, '0:0:0:0:0:0:0:1', '2017-09-15 15:02:56');
INSERT INTO `sys_log` VALUES ('1019', '', '', 'com.hxy.sys.controller.SysOssController.list()', '{\"nd\":\"1505458976342\",\"limit\":\"10\",\"page\":\"1\",\"_search\":\"false\",\"sidx\":\"\",\"order\":\"asc\",\"_\":\"1505458976214\"}', '0:0:0:0:0:0:0:1', '2017-09-15 15:02:56');
INSERT INTO `sys_log` VALUES ('1020', '', '', 'com.hxy.sys.controller.SysConfigController.list()', '{\"nd\":\"1505458977814\",\"limit\":\"10\",\"page\":\"1\",\"_search\":\"false\",\"sidx\":\"\",\"order\":\"asc\",\"_\":\"1505458977681\"}', '0:0:0:0:0:0:0:1', '2017-09-15 15:02:58');
INSERT INTO `sys_log` VALUES ('1021', '', '', 'com.hxy.sys.controller.ScheduleJobController.list()', '{\"nd\":\"1505458979191\",\"limit\":\"10\",\"page\":\"1\",\"_search\":\"false\",\"sidx\":\"\",\"order\":\"asc\",\"_\":\"1505458979077\"}', '0:0:0:0:0:0:0:1', '2017-09-15 15:02:59');
INSERT INTO `sys_log` VALUES ('1022', '', '', 'com.hxy.sys.controller.RoleController.list()', '{\"nd\":\"1505458984328\",\"limit\":\"10\",\"page\":\"1\",\"_search\":\"false\",\"sidx\":\"\",\"order\":\"asc\",\"_\":\"1505458984200\"}', '0:0:0:0:0:0:0:1', '2017-09-15 15:03:04');
INSERT INTO `sys_log` VALUES ('1023', '', '', 'com.hxy.sys.controller.RoleController.list()', '{\"nd\":\"1505459648249\",\"limit\":\"10\",\"page\":\"1\",\"_search\":\"false\",\"sidx\":\"\",\"order\":\"asc\",\"_\":\"1505459647853\"}', '0:0:0:0:0:0:0:1', '2017-09-15 15:14:08');
INSERT INTO `sys_log` VALUES ('1024', '', '', 'com.hxy.sys.controller.RoleController.list()', '{\"nd\":\"1505459650560\",\"limit\":\"10\",\"page\":\"1\",\"_search\":\"false\",\"sidx\":\"\",\"order\":\"asc\",\"_\":\"1505459650386\"}', '0:0:0:0:0:0:0:1', '2017-09-15 15:14:11');
INSERT INTO `sys_log` VALUES ('1025', '', '', 'com.hxy.sys.controller.RoleController.list()', '{\"nd\":\"1505459964688\",\"limit\":\"10\",\"page\":\"1\",\"_search\":\"false\",\"sidx\":\"\",\"order\":\"asc\",\"_\":\"1505459964559\"}', '0:0:0:0:0:0:0:1', '2017-09-15 15:19:25');
INSERT INTO `sys_log` VALUES ('1026', '', '', 'com.hxy.sys.controller.RoleController.list()', '{\"nd\":\"1505460283942\",\"limit\":\"10\",\"page\":\"1\",\"_search\":\"false\",\"sidx\":\"\",\"order\":\"asc\",\"_\":\"1505460283824\"}', '0:0:0:0:0:0:0:1', '2017-09-15 15:24:44');
INSERT INTO `sys_log` VALUES ('1027', '', '', 'com.hxy.sys.controller.RoleController.list()', '{\"nd\":\"1505460416290\",\"limit\":\"10\",\"page\":\"1\",\"_search\":\"false\",\"sidx\":\"\",\"order\":\"asc\",\"_\":\"1505460416092\"}', '0:0:0:0:0:0:0:1', '2017-09-15 15:26:56');
INSERT INTO `sys_log` VALUES ('1028', '', '', 'com.hxy.sys.controller.RoleController.list()', '{\"nd\":\"1505460417886\",\"limit\":\"10\",\"page\":\"1\",\"_search\":\"false\",\"sidx\":\"\",\"order\":\"asc\",\"_\":\"1505460417730\"}', '0:0:0:0:0:0:0:1', '2017-09-15 15:26:58');
INSERT INTO `sys_log` VALUES ('1029', '', '', 'com.hxy.sys.controller.RoleController.list()', '{\"nd\":\"1505460963990\",\"limit\":\"10\",\"page\":\"1\",\"_search\":\"false\",\"sidx\":\"\",\"order\":\"asc\",\"_\":\"1505460963658\"}', '0:0:0:0:0:0:0:1', '2017-09-15 15:36:04');
INSERT INTO `sys_log` VALUES ('1030', '', '', 'com.hxy.sys.controller.RoleController.list()', '{\"nd\":\"1505461220876\",\"limit\":\"10\",\"page\":\"1\",\"_search\":\"false\",\"sidx\":\"\",\"order\":\"asc\",\"_\":\"1505461220748\"}', '0:0:0:0:0:0:0:1', '2017-09-15 15:40:21');
INSERT INTO `sys_log` VALUES ('1031', '', '', 'com.hxy.sys.controller.UserController.list()', '{\"nd\":\"1505461950925\",\"limit\":\"10\",\"page\":\"1\",\"_search\":\"false\",\"sidx\":\"\",\"order\":\"asc\",\"_\":\"1505461950750\"}', '0:0:0:0:0:0:0:1', '2017-09-15 15:52:31');
INSERT INTO `sys_log` VALUES ('1032', '', '', 'com.hxy.sys.controller.CodeController.codeTree()', null, '0:0:0:0:0:0:0:1', '2017-09-15 15:54:34');
INSERT INTO `sys_log` VALUES ('1033', '', '', 'com.hxy.sys.controller.ScheduleJobController.list()', '{\"nd\":\"1505462074519\",\"limit\":\"10\",\"page\":\"1\",\"_search\":\"false\",\"sidx\":\"\",\"order\":\"asc\",\"_\":\"1505462074373\"}', '0:0:0:0:0:0:0:1', '2017-09-15 15:54:35');
INSERT INTO `sys_log` VALUES ('1034', '', '', 'com.hxy.sys.controller.SysConfigController.list()', '{\"nd\":\"1505462076247\",\"limit\":\"10\",\"page\":\"1\",\"_search\":\"false\",\"sidx\":\"\",\"order\":\"asc\",\"_\":\"1505462076124\"}', '0:0:0:0:0:0:0:1', '2017-09-15 15:54:36');
INSERT INTO `sys_log` VALUES ('1035', '', '', 'com.hxy.sys.controller.SysOssController.config()', null, '0:0:0:0:0:0:0:1', '2017-09-15 15:54:37');
INSERT INTO `sys_log` VALUES ('1036', '', '', 'com.hxy.sys.controller.SysOssController.list()', '{\"nd\":\"1505462077296\",\"limit\":\"10\",\"page\":\"1\",\"_search\":\"false\",\"sidx\":\"\",\"order\":\"asc\",\"_\":\"1505462077187\"}', '0:0:0:0:0:0:0:1', '2017-09-15 15:54:37');
INSERT INTO `sys_log` VALUES ('1037', '', '', 'com.hxy.sys.controller.RoleController.list()', '{\"nd\":\"1505462080227\",\"limit\":\"10\",\"page\":\"1\",\"_search\":\"false\",\"sidx\":\"\",\"order\":\"asc\",\"_\":\"1505462080098\"}', '0:0:0:0:0:0:0:1', '2017-09-15 15:54:40');
INSERT INTO `sys_log` VALUES ('1038', '', '', 'com.hxy.sys.controller.UserController.list()', '{\"nd\":\"1505462082449\",\"limit\":\"10\",\"page\":\"1\",\"_search\":\"false\",\"sidx\":\"\",\"order\":\"asc\",\"_\":\"1505462082315\"}', '0:0:0:0:0:0:0:1', '2017-09-15 15:54:42');
INSERT INTO `sys_log` VALUES ('1039', '', '', 'com.hxy.sys.controller.RoleController.list()', '{\"nd\":\"1505463325334\",\"limit\":\"10\",\"page\":\"1\",\"_search\":\"false\",\"sidx\":\"\",\"order\":\"asc\",\"_\":\"1505463325203\"}', '0:0:0:0:0:0:0:1', '2017-09-15 16:15:25');
INSERT INTO `sys_log` VALUES ('1040', '', '', 'com.hxy.sys.controller.RoleController.list()', '{\"nd\":\"1505463339118\",\"limit\":\"10\",\"page\":\"1\",\"_search\":\"false\",\"sidx\":\"\",\"order\":\"asc\",\"_\":\"1505463338880\"}', '0:0:0:0:0:0:0:1', '2017-09-15 16:15:39');
INSERT INTO `sys_log` VALUES ('1041', '', '', 'com.hxy.sys.controller.RoleController.list()', '{\"nd\":\"1505463340157\",\"limit\":\"10\",\"page\":\"1\",\"_search\":\"false\",\"sidx\":\"\",\"order\":\"asc\",\"_\":\"1505463339860\"}', '0:0:0:0:0:0:0:1', '2017-09-15 16:15:40');
INSERT INTO `sys_log` VALUES ('1042', '', '', 'com.hxy.sys.controller.UserController.list()', '{\"nd\":\"1505463342079\",\"limit\":\"10\",\"page\":\"1\",\"_search\":\"false\",\"sidx\":\"\",\"order\":\"asc\",\"_\":\"1505463341905\"}', '0:0:0:0:0:0:0:1', '2017-09-15 16:15:42');
INSERT INTO `sys_log` VALUES ('1043', '', '', 'com.hxy.sys.controller.UserController.list()', '{\"nd\":\"1505463343844\",\"limit\":\"10\",\"page\":\"1\",\"_search\":\"false\",\"sidx\":\"\",\"order\":\"asc\",\"_\":\"1505463343701\"}', '0:0:0:0:0:0:0:1', '2017-09-15 16:15:44');
INSERT INTO `sys_log` VALUES ('1044', '', '', 'com.hxy.sys.controller.RoleController.list()', '{\"nd\":\"1505463348092\",\"limit\":\"10\",\"page\":\"1\",\"_search\":\"false\",\"sidx\":\"\",\"order\":\"asc\",\"_\":\"1505463347962\"}', '0:0:0:0:0:0:0:1', '2017-09-15 16:15:48');
INSERT INTO `sys_log` VALUES ('1045', '', '', 'com.hxy.sys.controller.CodeController.codeTree()', null, '0:0:0:0:0:0:0:1', '2017-09-15 16:15:51');
INSERT INTO `sys_log` VALUES ('1046', '', '', 'com.hxy.sys.controller.SysOssController.config()', null, '0:0:0:0:0:0:0:1', '2017-09-15 16:15:52');
INSERT INTO `sys_log` VALUES ('1047', '', '', 'com.hxy.sys.controller.SysOssController.list()', '{\"nd\":\"1505463352097\",\"limit\":\"10\",\"page\":\"1\",\"_search\":\"false\",\"sidx\":\"\",\"order\":\"asc\",\"_\":\"1505463351926\"}', '0:0:0:0:0:0:0:1', '2017-09-15 16:15:52');
INSERT INTO `sys_log` VALUES ('1048', '', '', 'com.hxy.sys.controller.SysConfigController.list()', '{\"nd\":\"1505463356885\",\"limit\":\"10\",\"page\":\"1\",\"_search\":\"false\",\"sidx\":\"\",\"order\":\"asc\",\"_\":\"1505463356765\"}', '0:0:0:0:0:0:0:1', '2017-09-15 16:15:57');
INSERT INTO `sys_log` VALUES ('1049', '', '', 'com.hxy.sys.controller.CodeController.codeTree()', null, '0:0:0:0:0:0:0:1', '2017-09-15 16:34:49');
INSERT INTO `sys_log` VALUES ('1050', '', '', 'com.hxy.sys.controller.CodeController.info()', '\"e8a9e485ff8947718f43706c6de85c60\"', '0:0:0:0:0:0:0:1', '2017-09-15 16:34:50');
INSERT INTO `sys_log` VALUES ('1051', '', '', 'com.hxy.sys.controller.CodeController.info()', '\"103df6829961455ca09bb9a2b9987daf\"', '0:0:0:0:0:0:0:1', '2017-09-15 16:34:50');
INSERT INTO `sys_log` VALUES ('1052', '', '', 'com.hxy.sys.controller.MenuController.info()', '\"1515daa136ba41f783e82318f851d343\"', '0:0:0:0:0:0:0:1', '2017-09-15 16:34:58');
INSERT INTO `sys_log` VALUES ('1053', '', '', 'com.hxy.sys.controller.MenuController.info()', '\"bbe03cab3b4a45c2a4dd972c80ef4224\"', '0:0:0:0:0:0:0:1', '2017-09-15 16:35:05');
INSERT INTO `sys_log` VALUES ('1054', '', '', 'com.hxy.sys.controller.MenuController.info()', '\"624b686dd7884be48f41fcb6bf86c272\"', '0:0:0:0:0:0:0:1', '2017-09-15 16:35:07');
INSERT INTO `sys_log` VALUES ('1055', '', '', 'com.hxy.sys.controller.MenuController.info()', '\"bc82a59fa9034622a66e13fd830def06\"', '0:0:0:0:0:0:0:1', '2017-09-15 16:35:08');
INSERT INTO `sys_log` VALUES ('1056', '', '', 'com.hxy.sys.controller.MenuController.info()', '\"bbe03cab3b4a45c2a4dd972c80ef4224\"', '0:0:0:0:0:0:0:1', '2017-09-15 16:35:11');
INSERT INTO `sys_log` VALUES ('1057', '', '', 'com.hxy.sys.controller.MenuController.info()', '\"a73be9e0371848e18135652f632a117f\"', '0:0:0:0:0:0:0:1', '2017-09-15 16:35:13');
INSERT INTO `sys_log` VALUES ('1058', '', '', 'com.hxy.sys.controller.MenuController.info()', '\"9181aafab10044d99267598e54f0057b\"', '0:0:0:0:0:0:0:1', '2017-09-15 16:35:15');
INSERT INTO `sys_log` VALUES ('1059', '', '', 'com.hxy.sys.controller.RoleController.list()', '{\"nd\":\"1505465313024\",\"limit\":\"10\",\"page\":\"1\",\"_search\":\"false\",\"sidx\":\"\",\"order\":\"asc\",\"_\":\"1505465312885\"}', '0:0:0:0:0:0:0:1', '2017-09-15 16:48:33');

-- ----------------------------
-- Table structure for sys_menu
-- ----------------------------
DROP TABLE IF EXISTS `sys_menu`;
CREATE TABLE `sys_menu` (
  `id` varchar(32) NOT NULL COMMENT 'id',
  `parent_id` varchar(32) DEFAULT NULL COMMENT 'id',
  `parent_ids` varchar(2000) DEFAULT NULL COMMENT 'id',
  `name` varchar(100) DEFAULT NULL COMMENT '',
  `url` varchar(1000) DEFAULT NULL COMMENT '',
  `icon` varchar(255) DEFAULT NULL COMMENT '',
  `sort` int(11) DEFAULT NULL COMMENT '',
  `status` varchar(6) DEFAULT NULL COMMENT '01)',
  `permission` varchar(255) DEFAULT NULL COMMENT '',
  `remark` varchar(255) DEFAULT NULL COMMENT '',
  `create_time` datetime DEFAULT NULL,
  `create_id` varchar(32) DEFAULT NULL,
  `update_id` varchar(32) DEFAULT NULL,
  `update_time` datetime DEFAULT NULL,
  `type` varchar(255) DEFAULT NULL,
  `open` varchar(5) DEFAULT NULL COMMENT ' true  false ',
  `bapid` varchar(32) DEFAULT NULL COMMENT '',
  `baid` varchar(32) DEFAULT NULL COMMENT '',
  PRIMARY KEY (`id`)
) ENGINE=InnoDB DEFAULT CHARSET=utf8 COMMENT='';

-- ----------------------------
-- Records of sys_menu
-- ----------------------------
INSERT INTO `sys_menu` VALUES ('0', null, null, '', null, '', '0', null, null, null, '2017-06-29 17:29:00', null, '026a564bbfd84861ac4b65393644beef', '2017-07-20 18:20:50', '0', 'true', null, null);
INSERT INTO `sys_menu` VALUES ('0c410538dff54d35a1e19c7524c20e47', '1eabb55ae2fa4f5e890c7739c1678e44', '0', '', '', null, '17', '1', 'sys:config:delete', null, '2017-08-29 22:03:44', '026a564bbfd84861ac4b65393644beef', '026a564bbfd84861ac4b65393644beef', '2017-06-29 11:36:06', '2', 'false', null, null);
INSERT INTO `sys_menu` VALUES ('0c7df2638a464cd5b165547e07dd5409', 'f4f6af97585d401f918afedd3ca223e9', '0', '', '', null, '14', '1', 'sys:schedule:log', null, '2017-08-29 22:06:44', '026a564bbfd84861ac4b65393644beef', '026a564bbfd84861ac4b65393644beef', '2017-06-29 11:32:31', '2', 'false', null, null);
INSERT INTO `sys_menu` VALUES ('0e6213b719bd424a9c794ee87f64333e', '1e7867f5ef3748bbaa2060b0192b8ff0', '0', '', '', null, '20', '1', 'sys:generator:code', null, '2017-08-29 22:00:22', '44b66661d5954f36a26465d96e837cf7', '026a564bbfd84861ac4b65393644beef', '2017-06-26 15:10:40', '2', 'false', null, null);
INSERT INTO `sys_menu` VALUES ('1', '0', '0', '', '23', 'fa fa-cog', '1', '1', '32', null, null, null, '026a564bbfd84861ac4b65393644beef', '2017-08-24 13:18:09', '0', 'false', null, null);
INSERT INTO `sys_menu` VALUES ('14c58e44d6754c92806e1b97614c49b9', 'b7ab517a15b74dea812ee7ef32847a48', '0', '', '', null, '1', '1', 'sys:organ:all', null, '2017-08-29 22:11:25', '026a564bbfd84861ac4b65393644beef', '026a564bbfd84861ac4b65393644beef', '2017-08-16 11:30:16', '2', 'false', null, null);
INSERT INTO `sys_menu` VALUES ('1515daa136ba41f783e82318f851d343', '1', '0', '', 'sys/code.html', 'fa fa-bell-o', '6', '1', '', null, '2017-07-14 15:14:04', '026a564bbfd84861ac4b65393644beef', '026a564bbfd84861ac4b65393644beef', '2017-08-22 18:21:10', '1', null, null, null);
INSERT INTO `sys_menu` VALUES ('15d2074a502f443cb760f613a40df598', '8b1f46f8ba6e455790a515c32e0329c5', null, '/', null, null, '0', '1', 'sys:user:update', null, '2017-05-18 19:31:05', '026a564bbfd84861ac4b65393644beef', '026a564bbfd84861ac4b65393644beef', '2017-08-29 22:08:39', '2', 'false', null, null);
INSERT INTO `sys_menu` VALUES ('1e7867f5ef3748bbaa2060b0192b8ff0', '1', '0', '', 'sys/generator.html', 'fa fa-check-circle', '20', '1', '', null, '2017-06-28 17:35:34', '026a564bbfd84861ac4b65393644beef', '026a564bbfd84861ac4b65393644beef', '2017-06-26 15:10:40', '1', null, null, null);
INSERT INTO `sys_menu` VALUES ('1eabb55ae2fa4f5e890c7739c1678e44', '1', '0', '', 'sys/config.html', 'fa fa-cog', '17', '1', 'sys:config:list', null, '2017-06-29 11:33:47', '026a564bbfd84861ac4b65393644beef', '026a564bbfd84861ac4b65393644beef', '2017-06-29 11:36:06', '1', null, null, null);
INSERT INTO `sys_menu` VALUES ('1f936af47d064ab4989aadf6373e6502', '1515daa136ba41f783e82318f851d343', '0', '/', '', null, '6', '1', 'sys:code:update', null, '2017-07-24 09:46:51', '026a564bbfd84861ac4b65393644beef', '026a564bbfd84861ac4b65393644beef', '2017-08-29 21:54:24', '2', 'false', null, null);
INSERT INTO `sys_menu` VALUES ('2', '1', '1', '', 'sys/menu.html', 'fa fa-bullhorn', '12', '1', '', null, null, null, '026a564bbfd84861ac4b65393644beef', '2017-08-22 18:18:47', '1', null, null, null);
INSERT INTO `sys_menu` VALUES ('39cb0308a7fc4f7fb6c49440224ac2a4', '9e8dc02fe5614580bdf5f6ca9a852b70', null, '', '', null, '0', '1', 'sys:role:enabled', null, '2017-09-15 14:11:24', '026a564bbfd84861ac4b65393644beef', '026a564bbfd84861ac4b65393644beef', '2017-06-29 17:32:59', '2', 'false', null, null);
INSERT INTO `sys_menu` VALUES ('4', '2', '2', '/', null, null, null, '1', 'sys:menu:update', null, null, null, '026a564bbfd84861ac4b65393644beef', '2017-08-29 22:04:39', '2', 'false', null, null);
INSERT INTO `sys_menu` VALUES ('4565ee01959c478d96c4071d3bb2a36f', 'f4f6af97585d401f918afedd3ca223e9', '0', '', 'sys/schedule.html', null, '11', '1', 'sys:schedule:run', null, '2017-06-26 15:57:14', '026a564bbfd84861ac4b65393644beef', '026a564bbfd84861ac4b65393644beef', '2017-08-29 22:05:58', '2', 'false', null, null);
INSERT INTO `sys_menu` VALUES ('486185f7ab6243789d4ff354825c6127', '0', null, '', '', 'fa fa-book', '5', '1', '', null, '2017-09-12 13:49:16', '026a564bbfd84861ac4b65393644beef', '026a564bbfd84861ac4b65393644beef', '2017-09-12 13:55:10', '0', 'false', null, null);
INSERT INTO `sys_menu` VALUES ('4e053e35bfed492fa6248e4888addd67', '1515daa136ba41f783e82318f851d343', '0', '', '', null, '6', '1', 'sys:code:info', null, '2017-07-24 09:46:36', '026a564bbfd84861ac4b65393644beef', '026a564bbfd84861ac4b65393644beef', '2017-06-29 17:32:36', '2', 'false', null, null);
INSERT INTO `sys_menu` VALUES ('6', '2', '2', '', null, null, null, '1', 'sys:menu:delete', null, null, null, '026a564bbfd84861ac4b65393644beef', '2017-08-29 22:05:01', '2', 'false', null, null);
INSERT INTO `sys_menu` VALUES ('624b686dd7884be48f41fcb6bf86c272', 'e700f061dae448e58cd81a68e17b3439', '0', '', 'act/deal/myUpcoming', 'fa fa-comment-o', '6', '1', '', null, '2017-08-07 13:21:36', '026a564bbfd84861ac4b65393644beef', '026a564bbfd84861ac4b65393644beef', '2017-08-09 10:05:01', '1', 'false', null, null);
INSERT INTO `sys_menu` VALUES ('62bdcab5fe5f4e5fa7ab79fcd8cb47c4', '8b1f46f8ba6e455790a515c32e0329c5', null, '', null, null, '0', '1', 'sys:user:delete', null, '2017-05-18 19:31:29', '026a564bbfd84861ac4b65393644beef', '026a564bbfd84861ac4b65393644beef', '2017-09-15 14:29:22', '2', 'false', null, null);
INSERT INTO `sys_menu` VALUES ('690b7470fe394a6a8d9d0fa1340f18dc', 'f4f6af97585d401f918afedd3ca223e9', '0', '', 'sys/schedule.html', null, '11', '1', 'sys:schedule:pause', null, '2017-06-26 15:57:30', '026a564bbfd84861ac4b65393644beef', '026a564bbfd84861ac4b65393644beef', '2017-08-29 22:06:04', '2', null, null, null);
INSERT INTO `sys_menu` VALUES ('695388220b704cdaa72539c5f82fb254', '1eabb55ae2fa4f5e890c7739c1678e44', '0', '/', '', null, '17', '1', 'sys:config:update', null, '2017-08-29 22:03:32', '026a564bbfd84861ac4b65393644beef', '026a564bbfd84861ac4b65393644beef', '2017-06-29 11:36:06', '2', 'false', null, null);
INSERT INTO `sys_menu` VALUES ('7', '2', '2', '', null, null, null, null, 'sys:menu:info', null, null, null, '026a564bbfd84861ac4b65393644beef', '2017-08-29 22:05:10', '2', 'false', null, null);
INSERT INTO `sys_menu` VALUES ('7cec2d46083c47bba323436cb409693f', '8b1f46f8ba6e455790a515c32e0329c5', null, '', '', null, '1', '1', 'sys:user:enabled', null, '2017-09-15 12:02:40', '026a564bbfd84861ac4b65393644beef', '026a564bbfd84861ac4b65393644beef', '2017-09-15 14:29:55', '2', 'false', null, null);
INSERT INTO `sys_menu` VALUES ('80030434d10548968beaaeed79c3408b', '8b1f46f8ba6e455790a515c32e0329c5', null, '', '', null, '1', '1', 'sys:user:info', null, '2017-08-29 22:09:38', '026a564bbfd84861ac4b65393644beef', '026a564bbfd84861ac4b65393644beef', '2017-06-29 17:33:35', '2', 'false', null, null);
INSERT INTO `sys_menu` VALUES ('866aa98844be494bbe669d29a76aff7b', '8ae83f604d394671ae78d763c3f41ded', null, '', 'sys/notice/myList', 'fa fa-comment-o', '1', '1', 'sys:notice:list', null, '2017-09-01 11:38:55', '026a564bbfd84861ac4b65393644beef', '026a564bbfd84861ac4b65393644beef', '2017-09-01 13:40:32', '1', 'false', null, null);
INSERT INTO `sys_menu` VALUES ('8ae83f604d394671ae78d763c3f41ded', '0', null, '', '', 'fa fa-bullhorn', '4', '1', '', null, '2017-09-01 11:35:46', '026a564bbfd84861ac4b65393644beef', '026a564bbfd84861ac4b65393644beef', '2017-09-01 11:39:33', '0', 'false', null, null);
INSERT INTO `sys_menu` VALUES ('8b1f46f8ba6e455790a515c32e0329c5', 'feb235067fd7400090b0aa5451e4a5a4', null, '', 'sys/user.html', 'fa fa-bar-chart-o', '1', '1', null, null, '2017-05-10 14:01:31', '026a564bbfd84861ac4b65393644beef', '026a564bbfd84861ac4b65393644beef', '2017-06-29 17:33:35', '1', null, null, null);
INSERT INTO `sys_menu` VALUES ('8e640845e7c84d5e99fbb0452c6d6dae', '486185f7ab6243789d4ff354825c6127', null, '', 'demo/article/list', 'fa fa-external-link', '1', '1', '', null, '2017-09-12 13:50:35', '026a564bbfd84861ac4b65393644beef', '026a564bbfd84861ac4b65393644beef', '2017-09-15 08:39:52', '1', 'false', null, null);
INSERT INTO `sys_menu` VALUES ('90ca98befe9f4a67a07d5ab5fb2f3de3', '1515daa136ba41f783e82318f851d343', '0', '', '', null, '6', '1', 'sys:code:delete', null, '2017-07-24 09:47:19', '026a564bbfd84861ac4b65393644beef', '026a564bbfd84861ac4b65393644beef', '2017-06-29 17:32:36', '2', 'false', null, null);
INSERT INTO `sys_menu` VALUES ('9181aafab10044d99267598e54f0057b', 'e700f061dae448e58cd81a68e17b3439', '0', '', 'demo/leave/list', 'fa fa-archive', '3', '1', '', null, '2017-07-31 14:09:32', '026a564bbfd84861ac4b65393644beef', '026a564bbfd84861ac4b65393644beef', '2017-07-12 15:20:23', '1', 'false', null, null);
INSERT INTO `sys_menu` VALUES ('9d22510a1b1a40459619c5b2fdddfdc2', '9e8dc02fe5614580bdf5f6ca9a852b70', null, '', null, null, '0', '1', 'sys:role:delete', null, '2017-05-18 21:35:21', '026a564bbfd84861ac4b65393644beef', '026a564bbfd84861ac4b65393644beef', '2017-09-15 14:29:28', '2', 'false', null, null);
INSERT INTO `sys_menu` VALUES ('9e8dc02fe5614580bdf5f6ca9a852b70', 'feb235067fd7400090b0aa5451e4a5a4', null, '', 'sys/role.html', 'fa fa-rouble', '0', '1', null, null, '2017-05-12 09:31:31', '026a564bbfd84861ac4b65393644beef', '026a564bbfd84861ac4b65393644beef', '2017-06-29 17:32:59', '1', null, null, null);
INSERT INTO `sys_menu` VALUES ('a73be9e0371848e18135652f632a117f', 'e700f061dae448e58cd81a68e17b3439', '0', '', 'act/bus/busTree', 'fa fa-archive', '2', '1', '', null, '2017-07-25 19:57:31', '026a564bbfd84861ac4b65393644beef', '026a564bbfd84861ac4b65393644beef', '2017-07-12 15:20:23', '1', 'false', null, null);
INSERT INTO `sys_menu` VALUES ('b7ab517a15b74dea812ee7ef32847a48', 'feb235067fd7400090b0aa5451e4a5a4', '0', '', 'sys/organ.html', 'fa fa-cog', '1', '1', '', null, '2017-07-19 19:42:23', '026a564bbfd84861ac4b65393644beef', '026a564bbfd84861ac4b65393644beef', '2017-08-16 11:30:16', '1', null, null, null);
INSERT INTO `sys_menu` VALUES ('bb5bc94a71a546aba5d9f813b6a352bb', '8b1f46f8ba6e455790a515c32e0329c5', null, '', '', null, '1', '1', 'sys:user:reset', null, '2017-09-15 12:23:29', '026a564bbfd84861ac4b65393644beef', '026a564bbfd84861ac4b65393644beef', '2017-09-15 14:31:32', '2', 'false', null, null);
INSERT INTO `sys_menu` VALUES ('bbe03cab3b4a45c2a4dd972c80ef4224', 'e700f061dae448e58cd81a68e17b3439', '0', '', 'act/model/list', 'fa fa-archive', '1', '1', '', null, '2017-07-12 15:19:56', '026a564bbfd84861ac4b65393644beef', '026a564bbfd84861ac4b65393644beef', '2017-07-25 19:58:34', '1', null, null, null);
INSERT INTO `sys_menu` VALUES ('bc82a59fa9034622a66e13fd830def06', 'e700f061dae448e58cd81a68e17b3439', '0', '', 'act/deal/myDoneList', 'fa fa-puzzle-piece', '5', '1', '', null, '2017-08-14 11:23:37', '026a564bbfd84861ac4b65393644beef', '026a564bbfd84861ac4b65393644beef', '2017-08-14 11:24:27', '1', 'false', null, null);
INSERT INTO `sys_menu` VALUES ('c799ed2f2b1945ee875734b658cbbf10', '1515daa136ba41f783e82318f851d343', '0', '', '', null, '6', '1', 'sys:code:codeTree', null, '2017-07-24 09:46:04', '026a564bbfd84861ac4b65393644beef', '026a564bbfd84861ac4b65393644beef', '2017-08-29 21:55:00', '2', 'false', null, null);
INSERT INTO `sys_menu` VALUES ('c898d73ff1fb49dc89909ed13452103a', '9e8dc02fe5614580bdf5f6ca9a852b70', null, '/', null, null, '0', '1', 'sys:role:update', null, '2017-05-18 20:37:18', '026a564bbfd84861ac4b65393644beef', '026a564bbfd84861ac4b65393644beef', '2017-08-29 22:10:19', '2', 'false', null, null);
INSERT INTO `sys_menu` VALUES ('ce4a2b7afad24616abd283f4741fe3e0', '9e8dc02fe5614580bdf5f6ca9a852b70', null, '', '', null, null, '1', 'sys:role:info', null, '2017-05-18 20:34:07', '026a564bbfd84861ac4b65393644beef', '026a564bbfd84861ac4b65393644beef', '2017-08-29 22:10:47', '2', 'false', null, null);
INSERT INTO `sys_menu` VALUES ('cefab951f1474646b9419828db47c362', 'f4f6af97585d401f918afedd3ca223e9', '0', '/', '', null, '14', '1', 'sys:schedule:update', null, '2017-08-25 09:29:35', '026a564bbfd84861ac4b65393644beef', '026a564bbfd84861ac4b65393644beef', '2017-08-29 22:05:48', '2', 'false', null, null);
INSERT INTO `sys_menu` VALUES ('e700f061dae448e58cd81a68e17b3439', '0', '0', '', 'test/testjsp', 'fa fa-archive', '3', '1', '', null, '2017-07-10 14:10:15', '026a564bbfd84861ac4b65393644beef', '026a564bbfd84861ac4b65393644beef', '2017-09-01 11:36:24', '0', null, null, null);
INSERT INTO `sys_menu` VALUES ('f161e717976340e89c68b93abb87419d', 'f8524c36e2584ff5a2e374c3727c39c5', '0', '', '', null, '16', '1', 'sys:oss:all', null, '2017-08-29 22:07:42', '026a564bbfd84861ac4b65393644beef', '026a564bbfd84861ac4b65393644beef', '2017-06-29 11:35:45', '2', 'false', null, null);
INSERT INTO `sys_menu` VALUES ('f4d418f7f9174338acc595151daa020f', 'f4f6af97585d401f918afedd3ca223e9', '0', '', 'sys/schedule.html', null, '11', '1', 'sys:schedule:resume', null, '2017-06-26 15:57:44', '026a564bbfd84861ac4b65393644beef', '026a564bbfd84861ac4b65393644beef', '2017-08-29 22:06:12', '2', 'false', null, null);
INSERT INTO `sys_menu` VALUES ('f4f6af97585d401f918afedd3ca223e9', '1', '0', '', 'sys/schedule.html', 'fa fa-rub', '14', '1', 'sys:schedule:list', null, '2017-06-26 11:42:14', '026a564bbfd84861ac4b65393644beef', '026a564bbfd84861ac4b65393644beef', '2017-06-29 11:32:31', '1', null, null, null);
INSERT INTO `sys_menu` VALUES ('f7a850cb503c4b2cb5dc27081aca3325', 'f4f6af97585d401f918afedd3ca223e9', '0', '', 'sys/schedule.html', null, '11', '1', 'sys:schedule:delete', null, '2017-06-26 15:56:53', '026a564bbfd84861ac4b65393644beef', '026a564bbfd84861ac4b65393644beef', '2017-08-29 22:06:16', '2', 'false', null, null);
INSERT INTO `sys_menu` VALUES ('f8524c36e2584ff5a2e374c3727c39c5', '1', '0', '', 'sys/oss.html', 'fa fa-camera', '16', '1', 'sys:oss:all', null, '2017-06-29 11:35:30', '026a564bbfd84861ac4b65393644beef', '026a564bbfd84861ac4b65393644beef', '2017-06-29 11:35:45', '1', null, null, null);
INSERT INTO `sys_menu` VALUES ('fdd70e08ae994de18009bc95f4f51fff', '1', '0', '', 'sys/log.html', 'fa fa-fighter-jet', '30', '1', '', null, '2017-06-29 21:47:49', '026a564bbfd84861ac4b65393644beef', '026a564bbfd84861ac4b65393644beef', '2017-06-29 17:32:36', '1', null, null, null);
INSERT INTO `sys_menu` VALUES ('feb235067fd7400090b0aa5451e4a5a4', '0', null, '', null, 'fa fa-certificate', '2', '1', null, null, '2017-06-29 17:31:31', '026a564bbfd84861ac4b65393644beef', '026a564bbfd84861ac4b65393644beef', '2017-06-29 17:34:18', '0', null, null, null);

-- ----------------------------
-- Table structure for sys_notice
-- ----------------------------
DROP TABLE IF EXISTS `sys_notice`;
CREATE TABLE `sys_notice` (
  `id` varchar(32) NOT NULL,
  `context` varchar(512) DEFAULT NULL COMMENT '',
  `title` varchar(255) DEFAULT NULL COMMENT '',
  `soucre` varchar(3) DEFAULT NULL COMMENT ' 1= 2=',
  `status` varchar(3) DEFAULT NULL COMMENT ' 0= 1= ',
  `is_urgent` varchar(3) DEFAULT NULL COMMENT ' 01',
  `release_timee` datetime DEFAULT NULL COMMENT '',
  `create_time` datetime DEFAULT NULL,
  `update_time` datetime DEFAULT NULL,
  `create_id` varchar(32) DEFAULT NULL,
  `update_id` varchar(32) DEFAULT NULL,
  `remark` varchar(255) DEFAULT NULL COMMENT '',
  PRIMARY KEY (`id`)
) ENGINE=InnoDB DEFAULT CHARSET=utf8 COMMENT='';

-- ----------------------------
-- Records of sys_notice
-- ----------------------------
INSERT INTO `sys_notice` VALUES ('71c9f07ae7934eb881b051cb139ed764', ',', '', '2', '0', '0', '2017-09-04 13:13:52', '2017-09-04 13:13:52', null, null, null, null);

-- ----------------------------
-- Table structure for sys_notice_user
-- ----------------------------
DROP TABLE IF EXISTS `sys_notice_user`;
CREATE TABLE `sys_notice_user` (
  `id` varchar(32) NOT NULL,
  `user_id` varchar(32) DEFAULT NULL COMMENT 'id',
  `notice_id` varchar(32) DEFAULT NULL,
  `status` varchar(3) DEFAULT NULL COMMENT '0 1',
  `remark` varchar(255) DEFAULT NULL COMMENT '',
  PRIMARY KEY (`id`)
) ENGINE=InnoDB DEFAULT CHARSET=utf8 COMMENT='';

-- ----------------------------
-- Records of sys_notice_user
-- ----------------------------
INSERT INTO `sys_notice_user` VALUES ('e9fed829a40645feb2bddbf3532bd527', '026a564bbfd84861ac4b65393644beef', '71c9f07ae7934eb881b051cb139ed764', '0', null);

-- ----------------------------
-- Table structure for sys_organ
-- ----------------------------
DROP TABLE IF EXISTS `sys_organ`;
CREATE TABLE `sys_organ` (
  `id` varchar(32) NOT NULL,
  `bapid` varchar(32) DEFAULT NULL COMMENT 'ID ',
  `type` varchar(1) DEFAULT NULL COMMENT '0= 1=2=',
  `code` varchar(64) DEFAULT NULL COMMENT '',
  `name` varchar(64) DEFAULT NULL COMMENT '',
  `parent_id` varchar(32) DEFAULT NULL COMMENT '',
  `is_del` varchar(1) DEFAULT NULL COMMENT ' 0  1 ',
  `sysmark` varchar(1024) DEFAULT NULL COMMENT '32*10+9 10',
  `sort` varchar(4) DEFAULT NULL COMMENT '',
  `open` varchar(5) DEFAULT NULL COMMENT ' true  false ',
  `remark` varchar(255) DEFAULT NULL,
  `create_id` varchar(32) DEFAULT NULL,
  `create_time` datetime DEFAULT NULL,
  `update_id` varchar(32) DEFAULT NULL,
  `update_time` datetime DEFAULT NULL,
  PRIMARY KEY (`id`)
) ENGINE=InnoDB DEFAULT CHARSET=utf8 COMMENT='';

-- ----------------------------
-- Records of sys_organ
-- ----------------------------
INSERT INTO `sys_organ` VALUES ('0eec919538bd4cd7bf3b1aebd54808f5', '7180f5a0c3624f4bb6fb758ab2c3bda6', '2', '101', 'IT', '7180f5a0c3624f4bb6fb758ab2c3bda6', '1', 'ff6d5335b1c7456e9a2e7734062820b2', '1', 'true', 'IT', '026a564bbfd84861ac4b65393644beef', '2017-08-16 11:27:39', '026a564bbfd84861ac4b65393644beef', '2017-08-17 15:08:03');
INSERT INTO `sys_organ` VALUES ('40ffec9b300c431e890c17beccf8e65c', '7180f5a0c3624f4bb6fb758ab2c3bda6', '2', '102', '', '7180f5a0c3624f4bb6fb758ab2c3bda6', '1', 'ff6d5335b1c7456e9a2e7734062820b2', '2', 'true', '', '026a564bbfd84861ac4b65393644beef', '2017-08-16 11:28:03', '026a564bbfd84861ac4b65393644beef', '2017-08-16 15:19:01');
INSERT INTO `sys_organ` VALUES ('4ec329625a1047ea87a8dfe8dd0750d1', 'a694d140b8e44eb2baa5f26435c6a7f8', '2', '201', '', 'a694d140b8e44eb2baa5f26435c6a7f8', '1', 'ff6d5335b1c7456e9a2e7734062820b2', '1', 'true', '', '026a564bbfd84861ac4b65393644beef', '2017-08-16 11:28:49', null, null);
INSERT INTO `sys_organ` VALUES ('7180f5a0c3624f4bb6fb758ab2c3bda6', '0', '1', '001', '', 'ff6d5335b1c7456e9a2e7734062820b2', '1', 'ff6d5335b1c7456e9a2e7734062820b2', '1', 'true', '', '026a564bbfd84861ac4b65393644beef', '2017-08-16 11:25:43', '026a564bbfd84861ac4b65393644beef', '2017-09-15 14:43:47');
INSERT INTO `sys_organ` VALUES ('8a726eabdc8d4bff880b7d6f6ed59d52', 'a694d140b8e44eb2baa5f26435c6a7f8', '2', '2', '2', 'ff6d5335b1c7456e9a2e7734062820b2', '0', 'ff6d5335b1c7456e9a2e7734062820b2', '2', 'true', '', '026a564bbfd84861ac4b65393644beef', '2017-09-04 10:30:37', '026a564bbfd84861ac4b65393644beef', '2017-08-22 18:41:27');
INSERT INTO `sys_organ` VALUES ('988fed2319e14ebbb1ecf6ddc74e594c', 'a694d140b8e44eb2baa5f26435c6a7f8', '1', '1', '1', 'ff6d5335b1c7456e9a2e7734062820b2', '0', 'ff6d5335b1c7456e9a2e7734062820b2', '1', 'true', '1', '026a564bbfd84861ac4b65393644beef', '2017-09-04 10:30:27', '026a564bbfd84861ac4b65393644beef', '2017-08-22 18:41:27');
INSERT INTO `sys_organ` VALUES ('9e6a3c71bcd84d45807aa6641ab1a642', 'a694d140b8e44eb2baa5f26435c6a7f8', '2', '202', '', 'a694d140b8e44eb2baa5f26435c6a7f8', '1', 'ff6d5335b1c7456e9a2e7734062820b2', '2', 'true', '', '026a564bbfd84861ac4b65393644beef', '2017-08-16 11:29:10', null, null);
INSERT INTO `sys_organ` VALUES ('a694d140b8e44eb2baa5f26435c6a7f8', '0', '1', '002', '', 'ff6d5335b1c7456e9a2e7734062820b2', '1', 'ff6d5335b1c7456e9a2e7734062820b2', '2', 'true', '', '026a564bbfd84861ac4b65393644beef', '2017-08-16 11:26:16', '026a564bbfd84861ac4b65393644beef', '2017-09-04 10:07:17');
INSERT INTO `sys_organ` VALUES ('b416c33a10674690b2fbf77c639aeb5d', 'a694d140b8e44eb2baa5f26435c6a7f8', '1', '320', 'test', 'ff6d5335b1c7456e9a2e7734062820b2', '0', 'ff6d5335b1c7456e9a2e7734062820b2', '3', 'true', '', '026a564bbfd84861ac4b65393644beef', '2017-09-04 10:08:01', '026a564bbfd84861ac4b65393644beef', '2017-08-22 18:41:27');
INSERT INTO `sys_organ` VALUES ('d3a2d739512040a6a7608de76baeef97', '0', '1', '23', '23', 'ff6d5335b1c7456e9a2e7734062820b2', '0', 'ff6d5335b1c7456e9a2e7734062820b2', '23', 'true', '32', '026a564bbfd84861ac4b65393644beef', '2017-08-22 18:41:19', '026a564bbfd84861ac4b65393644beef', '2017-08-22 18:36:12');
INSERT INTO `sys_organ` VALUES ('ff6d5335b1c7456e9a2e7734062820b2', '0', '0', '0', '', '0', '1', 'ff6d5335b1c7456e9a2e7734062820b2', '1', 'true', '', '026a564bbfd84861ac4b65393644beef', '2017-08-16 11:24:51', '026a564bbfd84861ac4b65393644beef', '2017-08-22 18:41:27');

-- ----------------------------
-- Table structure for sys_organ_role
-- ----------------------------
DROP TABLE IF EXISTS `sys_organ_role`;
CREATE TABLE `sys_organ_role` (
  `organ_id` varchar(32) NOT NULL COMMENT 'id',
  `role_id` varchar(32) NOT NULL COMMENT 'id',
  PRIMARY KEY (`organ_id`,`role_id`)
) ENGINE=InnoDB DEFAULT CHARSET=utf8 COMMENT='';

-- ----------------------------
-- Records of sys_organ_role
-- ----------------------------
INSERT INTO `sys_organ_role` VALUES ('0eec919538bd4cd7bf3b1aebd54808f5', '3f4f819d494c469295d197afea323233');
INSERT INTO `sys_organ_role` VALUES ('0eec919538bd4cd7bf3b1aebd54808f5', '695a97ae34b94d57899833a3ebcd656a');
INSERT INTO `sys_organ_role` VALUES ('0eec919538bd4cd7bf3b1aebd54808f5', 'f6e67f1c5d9d4ac29fd8d6aab81c3aab');
INSERT INTO `sys_organ_role` VALUES ('40ffec9b300c431e890c17beccf8e65c', '3f4f819d494c469295d197afea323233');
INSERT INTO `sys_organ_role` VALUES ('40ffec9b300c431e890c17beccf8e65c', '695a97ae34b94d57899833a3ebcd656a');
INSERT INTO `sys_organ_role` VALUES ('40ffec9b300c431e890c17beccf8e65c', 'f6e67f1c5d9d4ac29fd8d6aab81c3aab');
INSERT INTO `sys_organ_role` VALUES ('4ec329625a1047ea87a8dfe8dd0750d1', '3f4f819d494c469295d197afea323233');
INSERT INTO `sys_organ_role` VALUES ('4ec329625a1047ea87a8dfe8dd0750d1', 'f6e67f1c5d9d4ac29fd8d6aab81c3aab');
INSERT INTO `sys_organ_role` VALUES ('7180f5a0c3624f4bb6fb758ab2c3bda6', '3f4f819d494c469295d197afea323233');
INSERT INTO `sys_organ_role` VALUES ('7180f5a0c3624f4bb6fb758ab2c3bda6', '695a97ae34b94d57899833a3ebcd656a');
INSERT INTO `sys_organ_role` VALUES ('7180f5a0c3624f4bb6fb758ab2c3bda6', 'f6e67f1c5d9d4ac29fd8d6aab81c3aab');
INSERT INTO `sys_organ_role` VALUES ('9e6a3c71bcd84d45807aa6641ab1a642', '3f4f819d494c469295d197afea323233');
INSERT INTO `sys_organ_role` VALUES ('9e6a3c71bcd84d45807aa6641ab1a642', 'f6e67f1c5d9d4ac29fd8d6aab81c3aab');
INSERT INTO `sys_organ_role` VALUES ('a694d140b8e44eb2baa5f26435c6a7f8', '3f4f819d494c469295d197afea323233');
INSERT INTO `sys_organ_role` VALUES ('a694d140b8e44eb2baa5f26435c6a7f8', 'f6e67f1c5d9d4ac29fd8d6aab81c3aab');
INSERT INTO `sys_organ_role` VALUES ('ff6d5335b1c7456e9a2e7734062820b2', '3f4f819d494c469295d197afea323233');
INSERT INTO `sys_organ_role` VALUES ('ff6d5335b1c7456e9a2e7734062820b2', 'f6e67f1c5d9d4ac29fd8d6aab81c3aab');

-- ----------------------------
-- Table structure for sys_oss
-- ----------------------------
DROP TABLE IF EXISTS `sys_oss`;
CREATE TABLE `sys_oss` (
  `id` bigint(20) NOT NULL AUTO_INCREMENT,
  `url` varchar(200) DEFAULT NULL COMMENT 'URL',
  `create_date` datetime DEFAULT NULL COMMENT '',
  PRIMARY KEY (`id`)
) ENGINE=InnoDB DEFAULT CHARSET=utf8 COMMENT='';

-- ----------------------------
-- Records of sys_oss
-- ----------------------------

-- ----------------------------
-- Table structure for sys_role
-- ----------------------------
DROP TABLE IF EXISTS `sys_role`;
CREATE TABLE `sys_role` (
  `id` varchar(32) NOT NULL COMMENT 'id',
  `bapid` varchar(32) DEFAULT NULL COMMENT 'id',
  `name` varchar(64) DEFAULT NULL COMMENT '',
  `code` varchar(64) DEFAULT NULL COMMENT '',
  `status` varchar(6) DEFAULT NULL COMMENT '(0 1',
  `role_type` varchar(6) DEFAULT NULL COMMENT '',
  `remark` varchar(255) DEFAULT NULL COMMENT '',
  `update_time` datetime DEFAULT NULL COMMENT '',
  `create_time` datetime DEFAULT NULL COMMENT '',
  `update_id` varchar(32) DEFAULT NULL COMMENT '',
  `create_id` varchar(32) DEFAULT NULL COMMENT '',
  `baid` varchar(255) DEFAULT NULL COMMENT 'id',
  PRIMARY KEY (`id`)
) ENGINE=InnoDB DEFAULT CHARSET=utf8 COMMENT='';

-- ----------------------------
-- Records of sys_role
-- ----------------------------
INSERT INTO `sys_role` VALUES ('0c3245b565c84f639ab9e05a6d1eedfd', null, '', null, '0', null, '', '2017-09-15 14:46:50', '2017-08-16 13:51:21', null, '026a564bbfd84861ac4b65393644beef', null);
INSERT INTO `sys_role` VALUES ('695a97ae34b94d57899833a3ebcd656a', null, '', null, '0', null, '', '2017-09-15 14:48:49', '2017-07-20 11:49:42', null, '026a564bbfd84861ac4b65393644beef', null);

-- ----------------------------
-- Table structure for sys_role_menu
-- ----------------------------
DROP TABLE IF EXISTS `sys_role_menu`;
CREATE TABLE `sys_role_menu` (
  `role_id` varchar(32) NOT NULL COMMENT 'id',
  `menu_id` varchar(32) NOT NULL COMMENT 'id',
  PRIMARY KEY (`menu_id`,`role_id`)
) ENGINE=InnoDB DEFAULT CHARSET=utf8 COMMENT='';

-- ----------------------------
-- Records of sys_role_menu
-- ----------------------------
INSERT INTO `sys_role_menu` VALUES ('0c3245b565c84f639ab9e05a6d1eedfd', '0');
INSERT INTO `sys_role_menu` VALUES ('695a97ae34b94d57899833a3ebcd656a', '0');
INSERT INTO `sys_role_menu` VALUES ('0c3245b565c84f639ab9e05a6d1eedfd', '14c58e44d6754c92806e1b97614c49b9');
INSERT INTO `sys_role_menu` VALUES ('0c3245b565c84f639ab9e05a6d1eedfd', '15d2074a502f443cb760f613a40df598');
INSERT INTO `sys_role_menu` VALUES ('0c3245b565c84f639ab9e05a6d1eedfd', '39cb0308a7fc4f7fb6c49440224ac2a4');
INSERT INTO `sys_role_menu` VALUES ('0c3245b565c84f639ab9e05a6d1eedfd', '624b686dd7884be48f41fcb6bf86c272');
INSERT INTO `sys_role_menu` VALUES ('695a97ae34b94d57899833a3ebcd656a', '624b686dd7884be48f41fcb6bf86c272');
INSERT INTO `sys_role_menu` VALUES ('0c3245b565c84f639ab9e05a6d1eedfd', '62bdcab5fe5f4e5fa7ab79fcd8cb47c4');
INSERT INTO `sys_role_menu` VALUES ('0c3245b565c84f639ab9e05a6d1eedfd', '7cec2d46083c47bba323436cb409693f');
INSERT INTO `sys_role_menu` VALUES ('0c3245b565c84f639ab9e05a6d1eedfd', '80030434d10548968beaaeed79c3408b');
INSERT INTO `sys_role_menu` VALUES ('0c3245b565c84f639ab9e05a6d1eedfd', '8b1f46f8ba6e455790a515c32e0329c5');
INSERT INTO `sys_role_menu` VALUES ('0c3245b565c84f639ab9e05a6d1eedfd', '9181aafab10044d99267598e54f0057b');
INSERT INTO `sys_role_menu` VALUES ('695a97ae34b94d57899833a3ebcd656a', '9181aafab10044d99267598e54f0057b');
INSERT INTO `sys_role_menu` VALUES ('0c3245b565c84f639ab9e05a6d1eedfd', '9d22510a1b1a40459619c5b2fdddfdc2');
INSERT INTO `sys_role_menu` VALUES ('0c3245b565c84f639ab9e05a6d1eedfd', '9e8dc02fe5614580bdf5f6ca9a852b70');
INSERT INTO `sys_role_menu` VALUES ('0c3245b565c84f639ab9e05a6d1eedfd', 'a73be9e0371848e18135652f632a117f');
INSERT INTO `sys_role_menu` VALUES ('695a97ae34b94d57899833a3ebcd656a', 'a73be9e0371848e18135652f632a117f');
INSERT INTO `sys_role_menu` VALUES ('0c3245b565c84f639ab9e05a6d1eedfd', 'b7ab517a15b74dea812ee7ef32847a48');
INSERT INTO `sys_role_menu` VALUES ('0c3245b565c84f639ab9e05a6d1eedfd', 'bb5bc94a71a546aba5d9f813b6a352bb');
INSERT INTO `sys_role_menu` VALUES ('0c3245b565c84f639ab9e05a6d1eedfd', 'bbe03cab3b4a45c2a4dd972c80ef4224');
INSERT INTO `sys_role_menu` VALUES ('695a97ae34b94d57899833a3ebcd656a', 'bbe03cab3b4a45c2a4dd972c80ef4224');
INSERT INTO `sys_role_menu` VALUES ('0c3245b565c84f639ab9e05a6d1eedfd', 'bc82a59fa9034622a66e13fd830def06');
INSERT INTO `sys_role_menu` VALUES ('695a97ae34b94d57899833a3ebcd656a', 'bc82a59fa9034622a66e13fd830def06');
INSERT INTO `sys_role_menu` VALUES ('0c3245b565c84f639ab9e05a6d1eedfd', 'c898d73ff1fb49dc89909ed13452103a');
INSERT INTO `sys_role_menu` VALUES ('0c3245b565c84f639ab9e05a6d1eedfd', 'ce4a2b7afad24616abd283f4741fe3e0');
INSERT INTO `sys_role_menu` VALUES ('0c3245b565c84f639ab9e05a6d1eedfd', 'e700f061dae448e58cd81a68e17b3439');
INSERT INTO `sys_role_menu` VALUES ('695a97ae34b94d57899833a3ebcd656a', 'e700f061dae448e58cd81a68e17b3439');
INSERT INTO `sys_role_menu` VALUES ('0c3245b565c84f639ab9e05a6d1eedfd', 'feb235067fd7400090b0aa5451e4a5a4');

-- ----------------------------
-- Table structure for sys_user
-- ----------------------------
DROP TABLE IF EXISTS `sys_user`;
CREATE TABLE `sys_user` (
  `id` varchar(32) NOT NULL COMMENT 'id',
  `bapid` varchar(32) NOT NULL COMMENT 'id',
  `user_name` varchar(64) DEFAULT NULL COMMENT '',
  `login_name` varchar(64) NOT NULL COMMENT '',
  `pass_word` varchar(128) DEFAULT NULL COMMENT '',
  `create_time` datetime DEFAULT NULL COMMENT '',
  `update_time` datetime DEFAULT NULL COMMENT '',
  `status` varchar(6) DEFAULT NULL COMMENT '(1 -1)',
  `phone` varchar(64) DEFAULT NULL COMMENT '',
  `photo` varchar(255) DEFAULT NULL COMMENT '',
  `email` varchar(128) DEFAULT NULL COMMENT '',
  `create_id` varchar(32) DEFAULT NULL COMMENT '',
  `update_id` varchar(32) DEFAULT NULL COMMENT '',
  `remark` varchar(255) DEFAULT NULL COMMENT '',
  `baid` varchar(32) DEFAULT NULL COMMENT 'id',
  PRIMARY KEY (`id`)
) ENGINE=InnoDB DEFAULT CHARSET=utf8 COMMENT='';

-- ----------------------------
-- Records of sys_user
-- ----------------------------
INSERT INTO `sys_user` VALUES ('026a564bbfd84861ac4b65393644beef', 'a694d140b8e44eb2baa5f26435c6a7f8', '', 'hxy', '0cc175b9c0f1b6a831c399e269772661', '2017-04-27 21:51:49', '2017-09-04 10:04:52', '0', null, null, null, null, '026a564bbfd84861ac4b65393644beef', null, '4ec329625a1047ea87a8dfe8dd0750d1');
INSERT INTO `sys_user` VALUES ('98df0e92788c416a9fb983e89a8d01ce', 'a694d140b8e44eb2baa5f26435c6a7f8', '', 'xw', '0cc175b9c0f1b6a831c399e269772661', '2017-09-15 11:04:12', '2017-09-15 14:49:05', '0', '324', null, null, '026a564bbfd84861ac4b65393644beef', '026a564bbfd84861ac4b65393644beef', null, '4ec329625a1047ea87a8dfe8dd0750d1');
INSERT INTO `sys_user` VALUES ('f68afc12a1924deaa2051154fe0efecc', '7180f5a0c3624f4bb6fb758ab2c3bda6', '', 'xm', '0cc175b9c0f1b6a831c399e269772661', '2017-09-15 14:43:25', '2017-09-15 14:51:57', '', '1522', null, null, '026a564bbfd84861ac4b65393644beef', 'f68afc12a1924deaa2051154fe0efecc', null, '0eec919538bd4cd7bf3b1aebd54808f5');

-- ----------------------------
-- Table structure for sys_user_role
-- ----------------------------
DROP TABLE IF EXISTS `sys_user_role`;
CREATE TABLE `sys_user_role` (
  `user_id` varchar(32) NOT NULL COMMENT 'id',
  `role_id` varchar(32) NOT NULL COMMENT 'id',
  PRIMARY KEY (`role_id`,`user_id`)
) ENGINE=InnoDB DEFAULT CHARSET=utf8 COMMENT='';

-- ----------------------------
-- Records of sys_user_role1
-- ----------------------------
INSERT INTO `sys_user_role` VALUES ('026a564bbfd84861ac4b65393644beef', '0c3245b565c84f639ab9e05a6d1eedfd');
INSERT INTO `sys_user_role` VALUES ('98df0e92788c416a9fb983e89a8d01ce', '0c3245b565c84f639ab9e05a6d1eedfd');
INSERT INTO `sys_user_role` VALUES ('f68afc12a1924deaa2051154fe0efecc', '0c3245b565c84f639ab9e05a6d1eedfd');
INSERT INTO `sys_user_role` VALUES ('98df0e92788c416a9fb983e89a8d01ce', '695a97ae34b94d57899833a3ebcd656a');
INSERT INTO `sys_user_role` VALUES ('f68afc12a1924deaa2051154fe0efecc', '695a97ae34b94d57899833a3ebcd656a');
